{"type":"FeatureCollection","features":[{"type":"Feature","properties":{},"geometry":{"type":"LineString","coordinates":[[-54.0912,-10.4073],[-54.0948,-10.406],[-54.0976,-10.4072],[-54.109,-10.4057],[-54.1098,-10.4048],[-54.1112,-10.4054],[-54.1189,-10.4045],[-54.1215,-10.4013],[-54.1228,-10.3954],[-54.1357,-10.3991],[-54.1429,-10.4039],[-54.1827,-10.4161],[-54.1854,-10.4224],[-54.1864,-10.4237],[-54.1897,-10.4256],[-54.1935,-10.4205],[-54.1948,-10.4199],[-54.201,-10.4219],[-54.2141,-10.4219]]}},{"type":"Feature","properties":{},"geometry":{"type":"LineString","coordinates":[[-54.5486,-11.1078],[-54.5235,-11.1101],[-54.5217,-11.1092],[-54.5139,-11.1014],[-54.5093,-11.096]]}},{"type":"Feature","properties":{},"geometry":{"type":"LineString","coordinates":[[-54.4453,-10.4312],[-54.4581,-10.4245],[-54.4634,-10.4245],[-54.4662,-10.4253],[-54.4722,-10.4237],[-54.4932,-10.4221],[-54.5026,-10.4136],[-54.5069,-10.402],[-54.5081,-10.3999],[-54.5141,-10.3965],[-54.5186,-10.3912],[-54.5213,-10.3905]]}},{"type":"Feature","properties":{},"geometry":{"type":"LineString","coordinates":[[-54.0914,-10.4451],[-54.0898,-10.447],[-54.0815,-10.448],[-54.0776,-10.4502],[-54.0399,-10.4941],[-54.0376,-10.4954],[-53.9743,-10.5172],[-53.924,-10.5653],[-53.9193,-10.5662],[-53.8617,-10.5625],[-53.8431,-10.5544]]}},{"type":"Feature","properties":{},"geometry":{"type":"LineString","coordinates":[[-53.0969,-10.7778],[-53.09,-10.7785]]}},{"type":"Feature","properties":{},"geometry":{"type":"LineString","coordinates":[[-54.5433,-12.3334],[-54.5487,-12.3376],[-54.5806,-12.3426],[-54.594,-12.3347],[-54.5968,-12.3313],[-54.6004,-12.3312],[-54.6122,-12.3244],[-54.6362,-12.3363],[-54.6406,-12.3445],[-54.6433,-12.348],[-54.6459,-12.3493],[-54.6524,-12.3512],[-54.6585,-12.3546],[-54.7585,-12.3702],[-54.7627,-12.3704],[-54.7669,-12.3673],[-54.7675,-12.3662],[-54.7676,-12.3571],[-54.7699,-12.3541],[-54.7763,-12.3492]]}},{"type":"Feature","properties":{},"geometry":{"type":"LineString","coordinates":[[-54.3139,-12.2483],[-54.2765,-12.2395]]}},{"type":"Feature","properties":{},"geometry":{"type":"LineString","coordinates":[[-53.0344,-11.5122],[-53.036,-11.5174],[-53.0514,-11.5208],[-53.0353,-11.5434]]}},{"type":"Feature","properties":{},"geometry":{"type":"LineString","coordinates":[[-53.3795,-12.201],[-53.3883,-12.2043]]}},{"type":"Feature","properties":{},"geometry":{"type":"LineString","coordinates":[[-53.3883,-12.2043],[-53.3975,-12.197],[-53.4167,-12.1865],[-53.4247,-12.1706]]}},{"type":"Feature","properties":{},"geometry":{"type":"LineString","coordinates":[[-53.1084,-12.5539],[-53.1082,-12.5528]]}},{"type":"Feature","properties":{},"geometry":{"type":"LineString","coordinates":[[-53.0973,-12.5058],[-53.0972,-12.5056]]}},{"type":"Feature","properties":{},"geometry":{"type":"LineString","coordinates":[[-53.0986,-12.5091],[-53.0982,-12.5084]]}},{"type":"Feature","properties":{},"geometry":{"type":"LineString","coordinates":[[-53.0943,-12.4814],[-53.0952,-12.4756],[-53.0937,-12.4675]]}},{"type":"Feature","properties":{},"geometry":{"type":"LineString","coordinates":[[-53.0906,-12.4854],[-53.0896,-12.4887],[-53.0895,-12.4977],[-53.0889,-12.4993]]}},{"type":"Feature","properties":{},"geometry":{"type":"LineString","coordinates":[[-53.1002,-12.5121],[-53.1017,-12.5065],[-53.0955,-12.5019]]}},{"type":"Feature","properties":{},"geometry":{"type":"LineString","coordinates":[[-53.0909,-12.487],[-53.0884,-12.4856]]}},{"type":"Feature","properties":{},"geometry":{"type":"LineString","coordinates":[[-53.1082,-12.5531],[-53.1089,-12.5536]]}},{"type":"Feature","properties":{},"geometry":{"type":"LineString","coordinates":[[-53.1133,-12.5605],[-53.1087,-12.5556]]}},{"type":"Feature","properties":{},"geometry":{"type":"LineString","coordinates":[[-53.1146,-12.5535],[-53.1092,-12.5538]]}},{"type":"Feature","properties":{},"geometry":{"type":"LineString","coordinates":[[-53.0943,-12.4814],[-53.0967,-12.4788],[-53.0982,-12.4783],[-53.1056,-12.4734]]}},{"type":"Feature","properties":{},"geometry":{"type":"LineString","coordinates":[[-53.1092,-12.5538],[-53.11,-12.5547]]}},{"type":"Feature","properties":{},"geometry":{"type":"LineString","coordinates":[[-54.4979,-12.2963],[-54.4876,-12.3132],[-54.4777,-12.3246],[-54.461,-12.346],[-54.4432,-12.357]]}},{"type":"Feature","properties":{},"geometry":{"type":"LineString","coordinates":[[-54.5433,-12.3334],[-54.5134,-12.3526],[-54.4921,-12.3644],[-54.4901,-12.3664]]}},{"type":"Feature","properties":{},"geometry":{"type":"LineString","coordinates":[[-54.5212,-11.0833],[-54.517,-11.0812]]}},{"type":"Feature","properties":{},"geometry":{"type":"LineString","coordinates":[[-54.5215,-11.083],[-54.5155,-11.0769]]}},{"type":"Feature","properties":{},"geometry":{"type":"LineString","coordinates":[[-54.5219,-11.0826],[-54.5205,-11.0798]]}},{"type":"Feature","properties":{},"geometry":{"type":"LineString","coordinates":[[-54.5201,-11.0788],[-54.5189,-11.0761]]}},{"type":"Feature","properties":{},"geometry":{"type":"LineString","coordinates":[[-54.5093,-11.0959],[-54.512,-11.0933]]}},{"type":"Feature","properties":{},"geometry":{"type":"LineString","coordinates":[[-54.5096,-11.0907],[-54.5108,-11.0896]]}},{"type":"Feature","properties":{},"geometry":{"type":"LineString","coordinates":[[-54.5235,-11.0872],[-54.5174,-11.0932]]}},{"type":"Feature","properties":{},"geometry":{"type":"LineString","coordinates":[[-54.5158,-11.0843],[-54.5217,-11.0786]]}},{"type":"Feature","properties":{},"geometry":{"type":"LineString","coordinates":[[-54.5165,-11.085],[-54.5245,-11.0774]]}},{"type":"Feature","properties":{},"geometry":{"type":"LineString","coordinates":[[-54.5151,-11.0836],[-54.521,-11.0779]]}},{"type":"Feature","properties":{},"geometry":{"type":"LineString","coordinates":[[-54.5172,-11.0857],[-54.5237,-11.0794]]}},{"type":"Feature","properties":{},"geometry":{"type":"LineString","coordinates":[[-54.5302,-11.0863],[-54.5251,-11.0808]]}},{"type":"Feature","properties":{},"geometry":{"type":"LineString","coordinates":[[-54.5229,-11.0789],[-54.5208,-11.0767]]}},{"type":"Feature","properties":{},"geometry":{"type":"LineString","coordinates":[[-54.5132,-11.0792],[-54.5175,-11.075]]}},{"type":"Feature","properties":{},"geometry":{"type":"LineString","coordinates":[[-54.5187,-11.0788],[-54.5201,-11.0801]]}},{"type":"Feature","properties":{},"geometry":{"type":"LineString","coordinates":[[-54.5187,-11.0815],[-54.5176,-11.0805]]}},{"type":"Feature","properties":{},"geometry":{"type":"LineString","coordinates":[[-54.5269,-11.0915],[-54.5171,-11.0817]]}},{"type":"Feature","properties":{},"geometry":{"type":"LineString","coordinates":[[-54.5204,-11.0786],[-54.5271,-11.0854]]}},{"type":"Feature","properties":{},"geometry":{"type":"LineString","coordinates":[[-54.5123,-11.0842],[-54.5153,-11.0813]]}},{"type":"Feature","properties":{},"geometry":{"type":"LineString","coordinates":[[-54.5148,-11.0808],[-54.5118,-11.0837]]}},{"type":"Feature","properties":{},"geometry":{"type":"LineString","coordinates":[[-54.5132,-11.0792],[-54.5102,-11.0821]]}},{"type":"Feature","properties":{},"geometry":{"type":"LineString","coordinates":[[-54.5129,-11.0789],[-54.5099,-11.0818]]}},{"type":"Feature","properties":{},"geometry":{"type":"LineString","coordinates":[[-54.5111,-11.0787],[-54.5146,-11.082]]}},{"type":"Feature","properties":{},"geometry":{"type":"LineString","coordinates":[[-54.509,-11.0809],[-54.5119,-11.0779]]}},{"type":"Feature","properties":{},"geometry":{"type":"LineString","coordinates":[[-54.5131,-11.0773],[-54.5093,-11.0812]]}},{"type":"Feature","properties":{},"geometry":{"type":"LineString","coordinates":[[-54.5138,-11.0799],[-54.5109,-11.0828]]}},{"type":"Feature","properties":{},"geometry":{"type":"LineString","coordinates":[[-54.5123,-11.0842],[-54.509,-11.0809]]}},{"type":"Feature","properties":{},"geometry":{"type":"LineString","coordinates":[[-54.5165,-11.0802],[-54.5115,-11.0753]]}},{"type":"Feature","properties":{},"geometry":{"type":"LineString","coordinates":[[-54.5176,-11.0791],[-54.5153,-11.0813]]}},{"type":"Feature","properties":{},"geometry":{"type":"LineString","coordinates":[[-54.5172,-11.0786],[-54.5149,-11.0809]]}},{"type":"Feature","properties":{},"geometry":{"type":"LineString","coordinates":[[-54.5168,-11.0782],[-54.5145,-11.0804]]}},{"type":"Feature","properties":{},"geometry":{"type":"LineString","coordinates":[[-54.5164,-11.0778],[-54.514,-11.0801]]}},{"type":"Feature","properties":{},"geometry":{"type":"LineString","coordinates":[[-54.516,-11.0774],[-54.5136,-11.0796]]}},{"type":"Feature","properties":{},"geometry":{"type":"LineString","coordinates":[[-54.5143,-11.0803],[-54.5114,-11.0832]]}},{"type":"Feature","properties":{},"geometry":{"type":"LineString","coordinates":[[-54.5079,-11.0779],[-54.5131,-11.0835]]}},{"type":"Feature","properties":{},"geometry":{"type":"LineString","coordinates":[[-54.5106,-11.0824],[-54.5135,-11.0795]]}},{"type":"Feature","properties":{},"geometry":{"type":"LineString","coordinates":[[-54.5125,-11.0785],[-54.5096,-11.0815]]}},{"type":"Feature","properties":{},"geometry":{"type":"LineString","coordinates":[[-54.5104,-11.0794],[-54.5111,-11.08]]}},{"type":"Feature","properties":{},"geometry":{"type":"LineString","coordinates":[[-54.5117,-11.0807],[-54.5138,-11.0827]]}},{"type":"Feature","properties":{},"geometry":{"type":"LineString","coordinates":[[-54.5189,-11.0761],[-54.5166,-11.0781]]}},{"type":"Feature","properties":{},"geometry":{"type":"LineString","coordinates":[[-54.5193,-11.0771],[-54.5186,-11.0771],[-54.517,-11.0755]]}},{"type":"Feature","properties":{},"geometry":{"type":"LineString","coordinates":[[-54.5177,-11.0771],[-54.5165,-11.076]]}},{"type":"Feature","properties":{},"geometry":{"type":"LineString","coordinates":[[-54.5172,-11.0776],[-54.516,-11.0765]]}},{"type":"Feature","properties":{},"geometry":{"type":"LineString","coordinates":[[-54.518,-11.0794],[-54.5223,-11.0753]]}},{"type":"Feature","properties":{},"geometry":{"type":"LineString","coordinates":[[-54.5218,-11.0743],[-54.5211,-11.0752],[-54.5228,-11.0771]]}},{"type":"Feature","properties":{},"geometry":{"type":"LineString","coordinates":[[-54.5235,-11.0765],[-54.5215,-11.0784]]}},{"type":"Feature","properties":{},"geometry":{"type":"LineString","coordinates":[[-54.5212,-11.0764],[-54.5233,-11.0785]]}},{"type":"Feature","properties":{},"geometry":{"type":"LineString","coordinates":[[-54.5239,-11.0769],[-54.5228,-11.078]]}},{"type":"Feature","properties":{},"geometry":{"type":"LineString","coordinates":[[-54.5203,-11.0772],[-54.5286,-11.0856]]}},{"type":"Feature","properties":{},"geometry":{"type":"LineString","coordinates":[[-54.5254,-11.0846],[-54.5271,-11.0829]]}},{"type":"Feature","properties":{},"geometry":{"type":"LineString","coordinates":[[-54.5277,-11.0836],[-54.526,-11.0852]]}},{"type":"Feature","properties":{},"geometry":{"type":"LineString","coordinates":[[-54.5262,-11.0908],[-54.5268,-11.0902]]}},{"type":"Feature","properties":{},"geometry":{"type":"LineString","coordinates":[[-54.5217,-11.0838],[-54.5212,-11.0833]]}},{"type":"Feature","properties":{},"geometry":{"type":"LineString","coordinates":[[-54.5219,-11.0826],[-54.5224,-11.0832]]}},{"type":"Feature","properties":{},"geometry":{"type":"LineString","coordinates":[[-54.524,-11.0834],[-54.5186,-11.0886]]}},{"type":"Feature","properties":{},"geometry":{"type":"LineString","coordinates":[[-54.5204,-11.0903],[-54.5177,-11.0877]]}},{"type":"Feature","properties":{},"geometry":{"type":"LineString","coordinates":[[-54.5185,-11.087],[-54.5211,-11.0896]]}},{"type":"Feature","properties":{},"geometry":{"type":"LineString","coordinates":[[-54.5218,-11.0889],[-54.5191,-11.0864]]}},{"type":"Feature","properties":{},"geometry":{"type":"LineString","coordinates":[[-54.5185,-11.087],[-54.5151,-11.0836]]}},{"type":"Feature","properties":{},"geometry":{"type":"LineString","coordinates":[[-54.5158,-11.083],[-54.5191,-11.0864]]}},{"type":"Feature","properties":{},"geometry":{"type":"LineString","coordinates":[[-54.5198,-11.0833],[-54.521,-11.0845]]}},{"type":"Feature","properties":{},"geometry":{"type":"LineString","coordinates":[[-54.524,-11.0834],[-54.5219,-11.0813]]}},{"type":"Feature","properties":{},"geometry":{"type":"LineString","coordinates":[[-54.5113,-11.0768],[-54.5122,-11.076]]}},{"type":"Feature","properties":{},"geometry":{"type":"LineString","coordinates":[[-54.5115,-11.0753],[-54.5105,-11.0763]]}},{"type":"Feature","properties":{},"geometry":{"type":"LineString","coordinates":[[-54.5126,-11.0763],[-54.5114,-11.0773]]}},{"type":"Feature","properties":{},"geometry":{"type":"LineString","coordinates":[[-54.5142,-11.0783],[-54.5124,-11.0765]]}},{"type":"Feature","properties":{},"geometry":{"type":"LineString","coordinates":[[-54.5128,-11.0776],[-54.512,-11.0769]]}},{"type":"Feature","properties":{},"geometry":{"type":"LineString","coordinates":[[-54.5108,-11.0767],[-54.5119,-11.0756]]}},{"type":"Feature","properties":{},"geometry":{"type":"LineString","coordinates":[[-54.5219,-11.074],[-54.5219,-11.0748],[-54.5264,-11.0794]]}},{"type":"Feature","properties":{},"geometry":{"type":"LineString","coordinates":[[-54.524,-11.0778],[-54.5254,-11.0792]]}},{"type":"Feature","properties":{},"geometry":{"type":"LineString","coordinates":[[-54.524,-11.0797],[-54.5249,-11.0787]]}},{"type":"Feature","properties":{},"geometry":{"type":"LineString","coordinates":[[-54.5235,-11.0792],[-54.5245,-11.0783]]}},{"type":"Feature","properties":{},"geometry":{"type":"LineString","coordinates":[[-54.5222,-11.0765],[-54.5229,-11.0759]]}},{"type":"Feature","properties":{},"geometry":{"type":"LineString","coordinates":[[-54.5218,-11.0854],[-54.5237,-11.0874]]}},{"type":"Feature","properties":{},"geometry":{"type":"LineString","coordinates":[[-54.5232,-11.0854],[-54.5148,-11.0936]]}},{"type":"Feature","properties":{},"geometry":{"type":"LineString","coordinates":[[-54.5251,-11.0808],[-54.5151,-11.0906]]}},{"type":"Feature","properties":{},"geometry":{"type":"LineString","coordinates":[[-54.5114,-11.0774],[-54.5107,-11.0768],[-54.5114,-11.0774]]}},{"type":"Feature","properties":{},"geometry":{"type":"LineString","coordinates":[[-53.4375,-12.2138],[-53.4046,-12.202],[-53.3925,-12.2059],[-53.3883,-12.2043]]}},{"type":"Feature","properties":{},"geometry":{"type":"LineString","coordinates":[[-54.1995,-11.3443],[-54.2722,-11.42],[-54.2731,-11.4222],[-54.2751,-11.4246],[-54.2826,-11.4508],[-54.3072,-11.4564],[-54.3389,-11.4982]]}},{"type":"Feature","properties":{},"geometry":{"type":"LineString","coordinates":[[-54.3667,-11.535],[-54.374,-11.5299]]}},{"type":"Feature","properties":{},"geometry":{"type":"LineString","coordinates":[[-54.3391,-11.5182],[-54.343,-11.5169],[-54.3438,-11.5154],[-54.3502,-11.5133]]}},{"type":"Feature","properties":{},"geometry":{"type":"LineString","coordinates":[[-54.3698,-11.5239],[-54.3715,-11.5227]]}},{"type":"Feature","properties":{},"geometry":{"type":"LineString","coordinates":[[-54.3678,-11.5365],[-54.3715,-11.534],[-54.3728,-11.532]]}},{"type":"Feature","properties":{},"geometry":{"type":"LineString","coordinates":[[-54.3669,-11.5267],[-54.372,-11.5233]]}},{"type":"Feature","properties":{},"geometry":{"type":"LineString","coordinates":[[-54.3637,-11.531],[-54.3712,-11.5259]]}},{"type":"Feature","properties":{},"geometry":{"type":"LineString","coordinates":[[-54.3723,-11.5275],[-54.3694,-11.5233]]}},{"type":"Feature","properties":{},"geometry":{"type":"LineString","coordinates":[[-54.371,-11.5285],[-54.3731,-11.5317],[-54.3676,-11.5357]]}},{"type":"Feature","properties":{},"geometry":{"type":"LineString","coordinates":[[-54.3746,-11.527],[-54.373,-11.5282]]}},{"type":"Feature","properties":{},"geometry":{"type":"LineString","coordinates":[[-54.3675,-11.5344],[-54.3666,-11.533]]}},{"type":"Feature","properties":{},"geometry":{"type":"LineString","coordinates":[[-54.3308,-11.5486],[-54.3199,-11.534]]}},{"type":"Feature","properties":{},"geometry":{"type":"LineString","coordinates":[[-54.369,-11.5253],[-54.3684,-11.5244]]}},{"type":"Feature","properties":{},"geometry":{"type":"LineString","coordinates":[[-54.3665,-11.5279],[-54.3656,-11.5267]]}},{"type":"Feature","properties":{},"geometry":{"type":"LineString","coordinates":[[-54.3711,-11.5239],[-54.3707,-11.5233]]}},{"type":"Feature","properties":{},"geometry":{"type":"LineString","coordinates":[[-54.3714,-11.5237],[-54.371,-11.5231]]}},{"type":"Feature","properties":{},"geometry":{"type":"LineString","coordinates":[[-54.3659,-11.5283],[-54.3651,-11.5271]]}},{"type":"Feature","properties":{},"geometry":{"type":"LineString","coordinates":[[-54.3697,-11.5249],[-54.3689,-11.5239]]}},{"type":"Feature","properties":{},"geometry":{"type":"LineString","coordinates":[[-54.371,-11.5272],[-54.3693,-11.5284]]}},{"type":"Feature","properties":{},"geometry":{"type":"LineString","coordinates":[[-54.3692,-11.5324],[-54.3677,-11.5334]]}},{"type":"Feature","properties":{},"geometry":{"type":"LineString","coordinates":[[-54.3694,-11.5233],[-54.3724,-11.5274]]}},{"type":"Feature","properties":{},"geometry":{"type":"LineString","coordinates":[[-54.3707,-11.5241],[-54.3703,-11.5235]]}},{"type":"Feature","properties":{},"geometry":{"type":"LineString","coordinates":[[-54.3717,-11.5234],[-54.3713,-11.5228]]}},{"type":"Feature","properties":{},"geometry":{"type":"LineString","coordinates":[[-54.3649,-11.5326],[-54.3671,-11.5311]]}},{"type":"Feature","properties":{},"geometry":{"type":"LineString","coordinates":[[-54.3676,-11.5319],[-54.3665,-11.5303]]}},{"type":"Feature","properties":{},"geometry":{"type":"LineString","coordinates":[[-54.37,-11.5303],[-54.3729,-11.5283]]}},{"type":"Feature","properties":{},"geometry":{"type":"LineString","coordinates":[[-54.3716,-11.5316],[-54.3687,-11.5276]]}},{"type":"Feature","properties":{},"geometry":{"type":"LineString","coordinates":[[-54.3682,-11.534],[-54.3672,-11.5326]]}},{"type":"Feature","properties":{},"geometry":{"type":"LineString","coordinates":[[-54.3715,-11.5281],[-54.3704,-11.5264]]}},{"type":"Feature","properties":{},"geometry":{"type":"LineString","coordinates":[[-54.3731,-11.5285],[-54.3701,-11.5305]]}},{"type":"Feature","properties":{},"geometry":{"type":"LineString","coordinates":[[-54.3653,-11.5299],[-54.3639,-11.5281]]}},{"type":"Feature","properties":{},"geometry":{"type":"LineString","coordinates":[[-54.3501,-11.5332],[-54.3541,-11.5307]]}},{"type":"Feature","properties":{},"geometry":{"type":"LineString","coordinates":[[-54.3696,-11.5314],[-54.369,-11.5308],[-54.3696,-11.5302],[-54.3702,-11.5308],[-54.3696,-11.5314]]}},{"type":"Feature","properties":{},"geometry":{"type":"LineString","coordinates":[[-54.3695,-11.5235],[-54.3624,-11.5293]]}},{"type":"Feature","properties":{},"geometry":{"type":"LineString","coordinates":[[-54.3665,-11.5303],[-54.3646,-11.5276]]}},{"type":"Feature","properties":{},"geometry":{"type":"LineString","coordinates":[[-54.3643,-11.5318],[-54.3673,-11.5297]]}},{"type":"Feature","properties":{},"geometry":{"type":"LineString","coordinates":[[-54.347,-11.5324],[-54.3446,-11.529]]}},{"type":"Feature","properties":{},"geometry":{"type":"LineString","coordinates":[[-54.3421,-11.5251],[-54.3388,-11.526]]}},{"type":"Feature","properties":{},"geometry":{"type":"LineString","coordinates":[[-54.3389,-11.4982],[-54.3624,-11.5293]]}},{"type":"Feature","properties":{},"geometry":{"type":"LineString","coordinates":[[-54.3699,-11.5279],[-54.3678,-11.5249]]}},{"type":"Feature","properties":{},"geometry":{"type":"LineString","coordinates":[[-54.3468,-11.5281],[-54.3518,-11.5358]]}},{"type":"Feature","properties":{},"geometry":{"type":"LineString","coordinates":[[-54.3655,-11.5334],[-54.369,-11.531]]}},{"type":"Feature","properties":{},"geometry":{"type":"LineString","coordinates":[[-54.3722,-11.5238],[-54.3758,-11.5286]]}},{"type":"Feature","properties":{},"geometry":{"type":"LineString","coordinates":[[-54.3319,-11.5355],[-54.3376,-11.5446]]}},{"type":"Feature","properties":{},"geometry":{"type":"LineString","coordinates":[[-54.3691,-11.5304],[-54.3662,-11.5262]]}},{"type":"Feature","properties":{},"geometry":{"type":"LineString","coordinates":[[-54.3538,-11.5346],[-54.3491,-11.5271]]}},{"type":"Feature","properties":{},"geometry":{"type":"LineString","coordinates":[[-54.3338,-11.5341],[-54.3396,-11.5433]]}},{"type":"Feature","properties":{},"geometry":{"type":"LineString","coordinates":[[-54.3438,-11.5407],[-54.3388,-11.5331]]}},{"type":"Feature","properties":{},"geometry":{"type":"LineString","coordinates":[[-54.3681,-11.5364],[-54.3685,-11.5367],[-54.3699,-11.5357]]}},{"type":"Feature","properties":{},"geometry":{"type":"LineString","coordinates":[[-54.3664,-11.526],[-54.3693,-11.5302]]}},{"type":"Feature","properties":{},"geometry":{"type":"LineString","coordinates":[[-54.3424,-11.5299],[-54.3478,-11.5383]]}},{"type":"Feature","properties":{},"geometry":{"type":"LineString","coordinates":[[-54.3692,-11.5312],[-54.3657,-11.5336]]}},{"type":"Feature","properties":{},"geometry":{"type":"LineString","coordinates":[[-54.3753,-11.528],[-54.3736,-11.5292]]}},{"type":"Feature","properties":{},"geometry":{"type":"LineString","coordinates":[[-54.3365,-11.5338],[-54.3417,-11.542]]}},{"type":"Feature","properties":{},"geometry":{"type":"LineString","coordinates":[[-54.3699,-11.5357],[-54.3685,-11.5338]]}},{"type":"Feature","properties":{},"geometry":{"type":"LineString","coordinates":[[-54.3716,-11.5338],[-54.3698,-11.5313]]}},{"type":"Feature","properties":{},"geometry":{"type":"LineString","coordinates":[[-54.37,-11.5312],[-54.3718,-11.5336]]}},{"type":"Feature","properties":{},"geometry":{"type":"LineString","coordinates":[[-54.3457,-11.5394],[-54.3402,-11.5309]]}},{"type":"Feature","properties":{},"geometry":{"type":"LineString","coordinates":[[-54.3558,-11.5334],[-54.353,-11.5289],[-54.3509,-11.53]]}},{"type":"Feature","properties":{},"geometry":{"type":"LineString","coordinates":[[-54.3359,-11.5419],[-54.346,-11.5357]]}},{"type":"Feature","properties":{},"geometry":{"type":"LineString","coordinates":[[-54.3679,-11.5305],[-54.3741,-11.5263]]}},{"type":"Feature","properties":{},"geometry":{"type":"LineString","coordinates":[[-54.3491,-11.5271],[-54.339,-11.5314]]}},{"type":"Feature","properties":{},"geometry":{"type":"LineString","coordinates":[[-54.3444,-11.5291],[-54.3387,-11.5171]]}},{"type":"Feature","properties":{},"geometry":{"type":"LineString","coordinates":[[-54.3697,-11.5331],[-54.3668,-11.5289]]}},{"type":"Feature","properties":{},"geometry":{"type":"LineString","coordinates":[[-54.3647,-11.5291],[-54.372,-11.5241],[-54.372,-11.5233]]}},{"type":"Feature","properties":{},"geometry":{"type":"LineString","coordinates":[[-54.3741,-11.5301],[-54.3668,-11.5351]]}},{"type":"Feature","properties":{},"geometry":{"type":"LineString","coordinates":[[-54.3681,-11.5364],[-54.3628,-11.529]]}},{"type":"Feature","properties":{},"geometry":{"type":"LineString","coordinates":[[-54.3509,-11.53],[-54.3347,-11.54]]}},{"type":"Feature","properties":{},"geometry":{"type":"LineString","coordinates":[[-54.3718,-11.5347],[-54.3699,-11.5357]]}},{"type":"Feature","properties":{},"geometry":{"type":"LineString","coordinates":[[-54.3335,-11.538],[-54.3497,-11.5282]]}},{"type":"Feature","properties":{},"geometry":{"type":"LineString","coordinates":[[-54.7763,-12.3492],[-54.7605,-12.3471],[-54.7003,-12.2689],[-54.6753,-12.2384],[-54.6595,-12.2229],[-54.6516,-12.2096],[-54.6314,-12.1854],[-54.5224,-12.1691],[-54.491,-12.1465],[-54.4782,-12.1454],[-54.4719,-12.1436],[-54.4658,-12.1446],[-54.4148,-12.1406],[-54.3958,-12.1117],[-54.393,-12.1048],[-54.3882,-12.1002],[-54.3834,-12.093],[-54.3413,-12.0785],[-54.3347,-12.0701],[-54.3338,-12.0697],[-54.2817,-12.0585],[-54.2674,-12.0581],[-54.2316,-12.0261],[-54.2252,-12.0174],[-54.2199,-12.0156],[-54.1953,-11.9934],[-54.1989,-11.9629],[-54.1985,-11.9604],[-54.1876,-11.9583],[-54.1814,-11.9611],[-54.1801,-11.9609],[-54.1213,-11.9235],[-54.1125,-11.9102],[-54.1069,-11.9099],[-54.1067,-11.7864],[-54.1093,-11.7673],[-54.1189,-11.7441],[-54.1219,-11.7348],[-54.1165,-11.7272],[-54.1165,-11.7256],[-54.1154,-11.7237],[-54.114,-11.7232],[-54.0963,-11.7001]]}},{"type":"Feature","properties":{},"geometry":{"type":"LineString","coordinates":[[-53.1856,-12.2617],[-53.1821,-12.2596],[-53.1862,-12.2318]]}},{"type":"Feature","properties":{},"geometry":{"type":"LineString","coordinates":[[-53.1863,-12.2307],[-53.1874,-12.2236]]}},{"type":"Feature","properties":{},"geometry":{"type":"LineString","coordinates":[[-54.0544,-12.1203],[-54.0508,-12.1226],[-54.0476,-12.1269],[-54.0423,-12.1248],[-54.0417,-12.1203],[-54.0411,-12.1196],[-54.0378,-12.1202]]}},{"type":"Feature","properties":{},"geometry":{"type":"LineString","coordinates":[[-53.2957,-12.1046],[-53.2985,-12.1115]]}},{"type":"Feature","properties":{},"geometry":{"type":"LineString","coordinates":[[-54.4421,-12.3577],[-54.4414,-12.3582]]}},{"type":"Feature","properties":{},"geometry":{"type":"LineString","coordinates":[[-54.4414,-12.3582],[-54.355,-12.4156],[-54.3496,-12.419],[-54.3478,-12.4194],[-54.3432,-12.4231],[-54.3231,-12.4363],[-54.3206,-12.4374],[-54.2837,-12.4624]]}},{"type":"Feature","properties":{},"geometry":{"type":"LineString","coordinates":[[-54.4893,-12.3673],[-54.4506,-12.3899],[-54.4344,-12.4009],[-54.3638,-12.4442],[-54.3516,-12.4525]]}},{"type":"Feature","properties":{},"geometry":{"type":"LineString","coordinates":[[-54.4901,-12.3664],[-54.4893,-12.3673]]}},{"type":"Feature","properties":{},"geometry":{"type":"LineString","coordinates":[[-54.522,-12.4961],[-54.5215,-12.4963]]}},{"type":"Feature","properties":{},"geometry":{"type":"LineString","coordinates":[[-54.1964,-12.4937],[-54.1958,-12.4944]]}},{"type":"Feature","properties":{},"geometry":{"type":"LineString","coordinates":[[-54.1958,-12.4944],[-54.1712,-12.5179],[-54.164,-12.5851],[-54.1661,-12.5986],[-54.1703,-12.615],[-54.1888,-12.6658],[-54.2044,-12.7151],[-54.2304,-12.7905]]}},{"type":"Feature","properties":{},"geometry":{"type":"LineString","coordinates":[[-53.4335,-10.6004],[-53.3187,-10.6436],[-53.1275,-10.7737],[-53.1204,-10.7752]]}},{"type":"Feature","properties":{},"geometry":{"type":"LineString","coordinates":[[-54.5566,-11.5702],[-54.5351,-11.5346],[-54.5332,-11.5337],[-54.48,-11.5696]]}},{"type":"Feature","properties":{},"geometry":{"type":"LineString","coordinates":[[-54.3624,-11.5293],[-54.3895,-11.5652],[-54.4001,-11.5657],[-54.404,-11.5645],[-54.4094,-11.5661],[-54.4715,-11.5686],[-54.48,-11.5696]]}},{"type":"Feature","properties":{},"geometry":{"type":"LineString","coordinates":[[-54.3624,-11.5293],[-54.3243,-11.5523]]}},{"type":"Feature","properties":{},"geometry":{"type":"LineString","coordinates":[[-54.476,-11.1282],[-54.4531,-11.1589],[-54.4525,-11.1611],[-54.4499,-11.1631],[-54.4448,-11.1697],[-54.4415,-11.17],[-54.4339,-11.1834],[-54.4058,-11.2199],[-54.3964,-11.214],[-54.3946,-11.2104],[-54.3794,-11.1989],[-54.3759,-11.1971],[-54.3491,-11.1767],[-54.3483,-11.1769],[-54.3402,-11.1871],[-54.3262,-11.1856],[-54.3246,-11.1867]]}},{"type":"Feature","properties":{},"geometry":{"type":"LineString","coordinates":[[-54.4765,-11.1275],[-54.476,-11.1282]]}},{"type":"Feature","properties":{},"geometry":{"type":"LineString","coordinates":[[-54.1995,-11.3443],[-54.2209,-11.33],[-54.2264,-11.3277]]}},{"type":"Feature","properties":{},"geometry":{"type":"LineString","coordinates":[[-54.2266,-11.3276],[-54.2277,-11.3256],[-54.2273,-11.3217],[-54.2332,-11.3099],[-54.2292,-11.2947],[-54.2301,-11.2911]]}},{"type":"Feature","properties":{},"geometry":{"type":"LineString","coordinates":[[-54.2264,-11.3277],[-54.2266,-11.3276]]}},{"type":"Feature","properties":{},"geometry":{"type":"LineString","coordinates":[[-54.1301,-11.301],[-54.1296,-11.3011]]}},{"type":"Feature","properties":{},"geometry":{"type":"LineString","coordinates":[[-54.1995,-11.3443],[-54.183,-11.355],[-54.1778,-11.3646],[-54.1749,-11.3659]]}},{"type":"Feature","properties":{},"geometry":{"type":"LineString","coordinates":[[-54.1292,-11.4224],[-54.0294,-11.3912]]}},{"type":"Feature","properties":{},"geometry":{"type":"LineString","coordinates":[[-54.1107,-11.4167],[-54.1118,-11.4154]]}},{"type":"Feature","properties":{},"geometry":{"type":"LineString","coordinates":[[-54.11,-11.4164],[-54.1096,-11.4176]]}},{"type":"Feature","properties":{},"geometry":{"type":"LineString","coordinates":[[-54.3884,-11.5643],[-54.3746,-11.5757],[-54.3649,-11.5792]]}},{"type":"Feature","properties":{},"geometry":{"type":"LineString","coordinates":[[-54.3494,-11.5903],[-54.3519,-11.5942]]}},{"type":"Feature","properties":{},"geometry":{"type":"LineString","coordinates":[[-54.3446,-12.4587],[-54.3519,-12.4539]]}},{"type":"Feature","properties":{},"geometry":{"type":"LineString","coordinates":[[-54.3532,-12.4546],[-54.3454,-12.4597]]}},{"type":"Feature","properties":{},"geometry":{"type":"LineString","coordinates":[[-54.3461,-12.4608],[-54.3529,-12.4562]]}},{"type":"Feature","properties":{},"geometry":{"type":"LineString","coordinates":[[-54.3467,-12.4557],[-54.3505,-12.4612]]}},{"type":"Feature","properties":{},"geometry":{"type":"LineString","coordinates":[[-54.3553,-12.4577],[-54.3516,-12.4525]]}},{"type":"Feature","properties":{},"geometry":{"type":"LineString","coordinates":[[-54.3472,-12.4548],[-54.3313,-12.4309]]}},{"type":"Feature","properties":{},"geometry":{"type":"LineString","coordinates":[[-53.2997,-12.1584],[-53.2995,-12.1589],[-53.2905,-12.1598],[-53.2899,-12.1588],[-53.2871,-12.1576],[-53.2769,-12.16],[-53.272,-12.16],[-53.2627,-12.1617]]}},{"type":"Feature","properties":{},"geometry":{"type":"LineString","coordinates":[[-53.0202,-11.5303],[-53.0353,-11.5434]]}},{"type":"Feature","properties":{},"geometry":{"type":"LineString","coordinates":[[-54.4268,-10.441],[-54.4174,-10.4348],[-54.4053,-10.4246],[-54.3834,-10.4024],[-54.3867,-10.3989],[-54.3908,-10.3986],[-54.3954,-10.3956],[-54.3957,-10.3944],[-54.3952,-10.3938],[-54.3904,-10.3925],[-54.3878,-10.3904],[-54.3856,-10.3901],[-54.3799,-10.3873],[-54.3757,-10.3831],[-54.3743,-10.3774],[-54.3719,-10.376],[-54.368,-10.3755],[-54.3645,-10.3783],[-54.3589,-10.3785],[-54.3437,-10.3643],[-54.3382,-10.3552],[-54.3339,-10.3473],[-54.3335,-10.3454],[-54.3312,-10.3426],[-54.3281,-10.3349],[-54.3224,-10.3322],[-54.3156,-10.3315],[-54.3149,-10.3349],[-54.3105,-10.3327],[-54.3076,-10.3353],[-54.3012,-10.3346],[-54.2989,-10.3353]]}},{"type":"Feature","properties":{},"geometry":{"type":"LineString","coordinates":[[-54.4381,-10.4265],[-54.4427,-10.4351]]}},{"type":"Feature","properties":{},"geometry":{"type":"LineString","coordinates":[[-54.4415,-10.4358],[-54.4381,-10.4295]]}},{"type":"Feature","properties":{},"geometry":{"type":"LineString","coordinates":[[-54.4382,-10.4295],[-54.4416,-10.4357]]}},{"type":"Feature","properties":{},"geometry":{"type":"LineString","coordinates":[[-54.437,-10.4301],[-54.441,-10.4376],[-54.44,-10.4382]]}},{"type":"Feature","properties":{},"geometry":{"type":"LineString","coordinates":[[-54.4371,-10.4381],[-54.4416,-10.4357]]}},{"type":"Feature","properties":{},"geometry":{"type":"LineString","coordinates":[[-54.4316,-10.4309],[-54.434,-10.4297],[-54.4404,-10.441]]}},{"type":"Feature","properties":{},"geometry":{"type":"LineString","coordinates":[[-54.4364,-10.4316],[-54.4382,-10.4349]]}},{"type":"Feature","properties":{},"geometry":{"type":"LineString","coordinates":[[-54.4337,-10.4373],[-54.4341,-10.4366],[-54.4514,-10.4275]]}},{"type":"Feature","properties":{},"geometry":{"type":"LineString","coordinates":[[-54.4349,-10.4367],[-54.4515,-10.4282],[-54.4533,-10.4268]]}},{"type":"Feature","properties":{},"geometry":{"type":"LineString","coordinates":[[-54.4524,-10.4269],[-54.4497,-10.4219],[-54.4484,-10.4209]]}},{"type":"Feature","properties":{},"geometry":{"type":"LineString","coordinates":[[-54.4545,-10.4252],[-54.4449,-10.4302]]}},{"type":"Feature","properties":{},"geometry":{"type":"LineString","coordinates":[[-54.4451,-10.4294],[-54.4495,-10.4271]]}},{"type":"Feature","properties":{},"geometry":{"type":"LineString","coordinates":[[-54.4508,-10.4264],[-54.4542,-10.4246]]}},{"type":"Feature","properties":{},"geometry":{"type":"LineString","coordinates":[[-54.454,-10.4242],[-54.4481,-10.4272]]}},{"type":"Feature","properties":{},"geometry":{"type":"LineString","coordinates":[[-54.4521,-10.437],[-54.4462,-10.4262]]}},{"type":"Feature","properties":{},"geometry":{"type":"LineString","coordinates":[[-54.4452,-10.4288],[-54.4471,-10.4278]]}},{"type":"Feature","properties":{},"geometry":{"type":"LineString","coordinates":[[-54.4453,-10.4281],[-54.4468,-10.4273]]}},{"type":"Feature","properties":{},"geometry":{"type":"LineString","coordinates":[[-54.4455,-10.4272],[-54.451,-10.4243]]}},{"type":"Feature","properties":{},"geometry":{"type":"LineString","coordinates":[[-54.4513,-10.4249],[-54.4489,-10.4261]]}},{"type":"Feature","properties":{},"geometry":{"type":"LineString","coordinates":[[-54.4507,-10.4238],[-54.443,-10.4279]]}},{"type":"Feature","properties":{},"geometry":{"type":"LineString","coordinates":[[-54.443,-10.428],[-54.4353,-10.4322]]}},{"type":"Feature","properties":{},"geometry":{"type":"LineString","coordinates":[[-54.4352,-10.432],[-54.443,-10.4279]]}},{"type":"Feature","properties":{},"geometry":{"type":"LineString","coordinates":[[-54.4395,-10.427],[-54.4424,-10.4323]]}},{"type":"Feature","properties":{},"geometry":{"type":"LineString","coordinates":[[-54.4416,-10.4357],[-54.4437,-10.4346]]}},{"type":"Feature","properties":{},"geometry":{"type":"LineString","coordinates":[[-54.4437,-10.4346],[-54.4502,-10.431]]}},{"type":"Feature","properties":{},"geometry":{"type":"LineString","coordinates":[[-54.4502,-10.431],[-54.4467,-10.4245]]}},{"type":"Feature","properties":{},"geometry":{"type":"LineString","coordinates":[[-54.4501,-10.4282],[-54.447,-10.4225]]}},{"type":"Feature","properties":{},"geometry":{"type":"LineString","coordinates":[[-54.4468,-10.4273],[-54.4479,-10.4267]]}},{"type":"Feature","properties":{},"geometry":{"type":"LineString","coordinates":[[-54.4454,-10.4273],[-54.4468,-10.4299]]}},{"type":"Feature","properties":{},"geometry":{"type":"LineString","coordinates":[[-54.4461,-10.4311],[-54.447,-10.4328]]}},{"type":"Feature","properties":{},"geometry":{"type":"LineString","coordinates":[[-54.4435,-10.4286],[-54.4334,-10.4339]]}},{"type":"Feature","properties":{},"geometry":{"type":"LineString","coordinates":[[-54.437,-10.4301],[-54.4366,-10.4293],[-54.4376,-10.4288],[-54.4381,-10.4295]]}},{"type":"Feature","properties":{},"geometry":{"type":"LineString","coordinates":[[-54.4389,-10.4281],[-54.446,-10.4243]]}},{"type":"Feature","properties":{},"geometry":{"type":"LineString","coordinates":[[-54.4458,-10.4254],[-54.4393,-10.4289]]}},{"type":"Feature","properties":{},"geometry":{"type":"LineString","coordinates":[[-54.4459,-10.4253],[-54.4441,-10.4218]]}},{"type":"Feature","properties":{},"geometry":{"type":"LineString","coordinates":[[-54.4426,-10.4228],[-54.4432,-10.423],[-54.4455,-10.4272]]}},{"type":"Feature","properties":{},"geometry":{"type":"LineString","coordinates":[[-54.4463,-10.4232],[-54.4429,-10.425]]}},{"type":"Feature","properties":{},"geometry":{"type":"LineString","coordinates":[[-54.4536,-10.4306],[-54.4487,-10.4333]]}},{"type":"Feature","properties":{},"geometry":{"type":"LineString","coordinates":[[-54.4471,-10.4348],[-54.4533,-10.4315]]}},{"type":"Feature","properties":{},"geometry":{"type":"LineString","coordinates":[[-54.4549,-10.4345],[-54.4521,-10.4293]]}},{"type":"Feature","properties":{},"geometry":{"type":"LineString","coordinates":[[-54.4548,-10.4337],[-54.4545,-10.4332]]}},{"type":"Feature","properties":{},"geometry":{"type":"LineString","coordinates":[[-54.4551,-10.4344],[-54.4443,-10.4402]]}},{"type":"Feature","properties":{},"geometry":{"type":"LineString","coordinates":[[-54.4548,-10.4337],[-54.4438,-10.4397]]}},{"type":"Feature","properties":{},"geometry":{"type":"LineString","coordinates":[[-54.4506,-10.4368],[-54.4481,-10.4322]]}},{"type":"Feature","properties":{},"geometry":{"type":"LineString","coordinates":[[-54.4495,-10.4374],[-54.447,-10.4328]]}},{"type":"Feature","properties":{},"geometry":{"type":"LineString","coordinates":[[-54.4528,-10.4357],[-54.4508,-10.4321]]}},{"type":"Feature","properties":{},"geometry":{"type":"LineString","coordinates":[[-54.4536,-10.4362],[-54.4541,-10.4355],[-54.451,-10.4299]]}},{"type":"Feature","properties":{},"geometry":{"type":"LineString","coordinates":[[-54.4534,-10.4286],[-54.4368,-10.4375]]}},{"type":"Feature","properties":{},"geometry":{"type":"LineString","coordinates":[[-54.453,-10.4281],[-54.4354,-10.4375]]}},{"type":"Feature","properties":{},"geometry":{"type":"LineString","coordinates":[[-54.4448,-10.434],[-54.4399,-10.4247]]}},{"type":"Feature","properties":{},"geometry":{"type":"LineString","coordinates":[[-54.4438,-10.4292],[-54.4393,-10.4315]]}},{"type":"Feature","properties":{},"geometry":{"type":"LineString","coordinates":[[-54.4363,-10.434],[-54.445,-10.4296]]}},{"type":"Feature","properties":{},"geometry":{"type":"LineString","coordinates":[[-54.4445,-10.4304],[-54.4333,-10.4363]]}},{"type":"Feature","properties":{},"geometry":{"type":"LineString","coordinates":[[-54.4556,-10.4326],[-54.4396,-10.4414]]}},{"type":"Feature","properties":{},"geometry":{"type":"LineString","coordinates":[[-54.4453,-10.4375],[-54.4546,-10.4324]]}},{"type":"Feature","properties":{},"geometry":{"type":"LineString","coordinates":[[-54.4544,-10.4318],[-54.4471,-10.4356]]}},{"type":"Feature","properties":{},"geometry":{"type":"LineString","coordinates":[[-54.5069,-10.4044],[-54.502,-10.4029]]}},{"type":"Feature","properties":{},"geometry":{"type":"LineString","coordinates":[[-54.5004,-10.4019],[-54.5058,-10.4054]]}},{"type":"Feature","properties":{},"geometry":{"type":"LineString","coordinates":[[-54.5055,-10.4063],[-54.5015,-10.4054]]}},{"type":"Feature","properties":{},"geometry":{"type":"LineString","coordinates":[[-54.5001,-10.4075],[-54.5029,-10.4035]]}},{"type":"Feature","properties":{},"geometry":{"type":"LineString","coordinates":[[-54.5043,-10.4066],[-54.5039,-10.4059]]}},{"type":"Feature","properties":{},"geometry":{"type":"LineString","coordinates":[[-54.5046,-10.4092],[-54.5179,-10.4201],[-54.521,-10.4188],[-54.5233,-10.4197],[-54.5263,-10.4225],[-54.5306,-10.4245],[-54.5316,-10.4264],[-54.534,-10.4275],[-54.5357,-10.4274],[-54.537,-10.4258],[-54.5713,-10.4481],[-54.574,-10.4491],[-54.5749,-10.4503],[-54.6066,-10.4714],[-54.6073,-10.4726],[-54.6105,-10.4741],[-54.6131,-10.477],[-54.615,-10.4779],[-54.6169,-10.478],[-54.6422,-10.493],[-54.637,-10.5023],[-54.6388,-10.5035],[-54.641,-10.5035],[-54.6427,-10.5043],[-54.6459,-10.5089],[-54.637,-10.524],[-54.6358,-10.5271],[-54.6348,-10.5277],[-54.6327,-10.5311],[-54.5986,-10.5086],[-54.5961,-10.5078],[-54.5927,-10.5054],[-54.5908,-10.5053],[-54.5842,-10.5011],[-54.4814,-10.4331],[-54.4805,-10.4309],[-54.476,-10.4271],[-54.4734,-10.4236]]}},{"type":"Feature","properties":{},"geometry":{"type":"LineString","coordinates":[[-54.5068,-10.4079],[-54.5071,-10.4066]]}},{"type":"Feature","properties":{},"geometry":{"type":"LineString","coordinates":[[-54.5059,-10.4076],[-54.5067,-10.4053]]}},{"type":"Feature","properties":{},"geometry":{"type":"LineString","coordinates":[[-54.5053,-10.4074],[-54.5058,-10.4061]]}},{"type":"Feature","properties":{},"geometry":{"type":"LineString","coordinates":[[-54.5079,-10.407],[-54.5056,-10.406]]}},{"type":"Feature","properties":{},"geometry":{"type":"LineString","coordinates":[[-54.507,-10.4107],[-54.5068,-10.4079],[-54.5052,-10.4073]]}},{"type":"Feature","properties":{},"geometry":{"type":"LineString","coordinates":[[-54.5225,-10.3905],[-54.5246,-10.3903],[-54.5263,-10.3894],[-54.5411,-10.3737],[-54.5427,-10.3727],[-54.6226,-10.363],[-54.651,-10.3556],[-54.6559,-10.3539],[-54.6959,-10.3313]]}},{"type":"Feature","properties":{},"geometry":{"type":"LineString","coordinates":[[-54.5213,-10.3905],[-54.5225,-10.3905]]}},{"type":"Feature","properties":{},"geometry":{"type":"LineString","coordinates":[[-54.4447,-10.431],[-54.4417,-10.4256]]}},{"type":"Feature","properties":{},"geometry":{"type":"LineString","coordinates":[[-54.4418,-10.4256],[-54.4447,-10.431]]}},{"type":"Feature","properties":{},"geometry":{"type":"LineString","coordinates":[[-54.4442,-10.4272],[-54.4426,-10.4243]]}},{"type":"Feature","properties":{},"geometry":{"type":"LineString","coordinates":[[-54.4534,-10.4263],[-54.4527,-10.4248]]}},{"type":"Feature","properties":{},"geometry":{"type":"LineString","coordinates":[[-54.4512,-10.4276],[-54.4495,-10.4245]]}},{"type":"Feature","properties":{},"geometry":{"type":"LineString","coordinates":[[-54.4496,-10.4244],[-54.4514,-10.4275]]}},{"type":"Feature","properties":{},"geometry":{"type":"LineString","coordinates":[[-53.0752,-10.7802],[-53.0751,-10.7787]]}},{"type":"Feature","properties":{},"geometry":{"type":"LineString","coordinates":[[-53.5709,-10.549],[-53.5707,-10.5507]]}},{"type":"Feature","properties":{},"geometry":{"type":"LineString","coordinates":[[-53.5709,-10.549],[-53.4335,-10.6004]]}},{"type":"Feature","properties":{},"geometry":{"type":"LineString","coordinates":[[-53.8618,-10.5625],[-53.8617,-10.5622]]}},{"type":"Feature","properties":{},"geometry":{"type":"LineString","coordinates":[[-53.8617,-10.5622],[-53.8722,-10.5342],[-53.8824,-10.5235],[-53.8837,-10.5178]]}},{"type":"Feature","properties":{},"geometry":{"type":"LineString","coordinates":[[-53.501,-10.5749],[-53.5008,-10.5753]]}},{"type":"Feature","properties":{},"geometry":{"type":"LineString","coordinates":[[-53.501,-10.5749],[-53.51,-10.5298]]}},{"type":"Feature","properties":{},"geometry":{"type":"LineString","coordinates":[[-53.51,-10.5298],[-53.5167,-10.4958],[-53.5184,-10.4943],[-53.5281,-10.4917],[-53.5304,-10.4864]]}},{"type":"Feature","properties":{},"geometry":{"type":"LineString","coordinates":[[-53.5304,-10.4864],[-53.5306,-10.4856]]}},{"type":"Feature","properties":{},"geometry":{"type":"LineString","coordinates":[[-53.5306,-10.4856],[-53.5332,-10.4735]]}},{"type":"Feature","properties":{},"geometry":{"type":"LineString","coordinates":[[-53.5332,-10.4735],[-53.546,-10.4171],[-53.5448,-10.4166]]}},{"type":"Feature","properties":{},"geometry":{"type":"LineString","coordinates":[[-53.453,-10.3981],[-53.461,-10.4585],[-53.4616,-10.4592],[-53.4624,-10.4681],[-53.4718,-10.4668],[-53.4737,-10.4675],[-53.4745,-10.4701],[-53.4777,-10.4709],[-53.4816,-10.4691],[-53.49,-10.4675],[-53.4913,-10.4625],[-53.4935,-10.4612],[-53.4949,-10.4625],[-53.4999,-10.4614],[-53.4993,-10.4657],[-53.5063,-10.4641],[-53.5079,-10.4624],[-53.5113,-10.4614],[-53.5191,-10.4598],[-53.52,-10.4582],[-53.5221,-10.4575]]}},{"type":"Feature","properties":{},"geometry":{"type":"LineString","coordinates":[[-53.4087,-10.3721],[-53.4523,-10.3981],[-53.4629,-10.398]]}},{"type":"Feature","properties":{},"geometry":{"type":"LineString","coordinates":[[-53.5368,-10.4577],[-53.5343,-10.457],[-53.525,-10.459],[-53.5221,-10.4575]]}},{"type":"Feature","properties":{},"geometry":{"type":"LineString","coordinates":[[-53.498,-10.4595],[-53.4894,-10.4207],[-53.4843,-10.4201],[-53.4745,-10.4247],[-53.4727,-10.4251],[-53.4705,-10.4247],[-53.457,-10.4277]]}},{"type":"Feature","properties":{},"geometry":{"type":"LineString","coordinates":[[-53.4931,-10.4384],[-53.5101,-10.4348]]}},{"type":"Feature","properties":{},"geometry":{"type":"LineString","coordinates":[[-53.4924,-10.4349],[-53.508,-10.4316]]}},{"type":"Feature","properties":{},"geometry":{"type":"LineString","coordinates":[[-53.4942,-10.4424],[-53.5114,-10.4386]]}},{"type":"Feature","properties":{},"geometry":{"type":"LineString","coordinates":[[-53.495,-10.4463],[-53.515,-10.4422]]}},{"type":"Feature","properties":{},"geometry":{"type":"LineString","coordinates":[[-53.4958,-10.4495],[-53.5167,-10.4449]]}},{"type":"Feature","properties":{},"geometry":{"type":"LineString","coordinates":[[-53.4973,-10.4564],[-53.5165,-10.4523]]}},{"type":"Feature","properties":{},"geometry":{"type":"LineString","coordinates":[[-54.4381,-10.4295],[-54.4393,-10.4289]]}},{"type":"Feature","properties":{},"geometry":{"type":"LineString","coordinates":[[-54.4429,-10.425],[-54.4418,-10.4256]]}},{"type":"Feature","properties":{},"geometry":{"type":"LineString","coordinates":[[-54.4448,-10.431],[-54.4465,-10.4219]]}},{"type":"Feature","properties":{},"geometry":{"type":"LineString","coordinates":[[-54.4451,-10.4294],[-54.445,-10.4294]]}},{"type":"Feature","properties":{},"geometry":{"type":"LineString","coordinates":[[-54.1027,-12.3095],[-54.1025,-12.309],[-54.1172,-12.2973]]}},{"type":"Feature","properties":{},"geometry":{"type":"LineString","coordinates":[[-54.1173,-12.2973],[-54.1377,-12.3215],[-54.1546,-12.3436],[-54.18,-12.3713],[-54.1713,-12.378]]}},{"type":"Feature","properties":{},"geometry":{"type":"LineString","coordinates":[[-54.2837,-12.4624],[-54.2627,-12.4452],[-54.2576,-12.4483],[-54.1713,-12.378]]}},{"type":"Feature","properties":{},"geometry":{"type":"LineString","coordinates":[[-54.2765,-12.2395],[-54.2779,-12.2301],[-54.257,-12.2271],[-54.2565,-12.2246],[-54.2648,-12.173],[-54.2807,-12.1753],[-54.2823,-12.1737],[-54.2837,-12.164],[-54.2882,-12.1647]]}},{"type":"Feature","properties":{},"geometry":{"type":"LineString","coordinates":[[-53.9893,-12.127],[-53.9928,-12.1287],[-53.9939,-12.1312],[-53.997,-12.1327],[-53.9971,-12.1367],[-53.9985,-12.1394],[-53.9976,-12.1415],[-53.9992,-12.1446],[-54.0005,-12.1442]]}},{"type":"Feature","properties":{},"geometry":{"type":"LineString","coordinates":[[-54.0005,-12.1442],[-54.0006,-12.1768]]}},{"type":"Feature","properties":{},"geometry":{"type":"LineString","coordinates":[[-54.0006,-12.1768],[-54.0007,-12.2039]]}},{"type":"Feature","properties":{},"geometry":{"type":"LineString","coordinates":[[-54.0007,-12.206],[-54.0106,-12.2042],[-54.0169,-12.201],[-54.0182,-12.1989],[-54.0214,-12.1993],[-54.0225,-12.1983],[-54.0306,-12.1993],[-54.0304,-12.2156],[-54.0567,-12.2318],[-54.0684,-12.244]]}},{"type":"Feature","properties":{},"geometry":{"type":"LineString","coordinates":[[-53.9682,-12.2041],[-53.9677,-12.2028],[-53.9682,-12.2014],[-53.9714,-12.2007],[-53.9727,-12.2018],[-53.9797,-12.2032],[-53.9816,-12.2029],[-53.9885,-12.2045],[-53.9914,-12.2069],[-53.9992,-12.2069],[-54.0006,-12.2063],[-54.0007,-12.2039]]}},{"type":"Feature","properties":{},"geometry":{"type":"LineString","coordinates":[[-54.0303,-12.2155],[-54.0271,-12.2157],[-54.0253,-12.2175]]}},{"type":"Feature","properties":{},"geometry":{"type":"LineString","coordinates":[[-54.1173,-12.2973],[-54.1039,-12.2811],[-54.0684,-12.244],[-54.0855,-12.2232]]}},{"type":"Feature","properties":{},"geometry":{"type":"LineString","coordinates":[[-54.3491,-12.4572],[-54.3514,-12.4606]]}},{"type":"Feature","properties":{},"geometry":{"type":"LineString","coordinates":[[-54.3477,-12.4551],[-54.3491,-12.4572]]}},{"type":"Feature","properties":{},"geometry":{"type":"LineString","coordinates":[[-54.349,-12.4573],[-54.3476,-12.4552]]}},{"type":"Feature","properties":{},"geometry":{"type":"LineString","coordinates":[[-54.3439,-12.4576],[-54.3476,-12.4631]]}},{"type":"Feature","properties":{},"geometry":{"type":"LineString","coordinates":[[-54.165,-12.5925],[-54.1462,-12.5924],[-54.1361,-12.5935]]}},{"type":"Feature","properties":{},"geometry":{"type":"LineString","coordinates":[[-54.0695,-12.3342],[-54.0671,-12.3344],[-54.065,-12.3393],[-54.0628,-12.3674]]}},{"type":"Feature","properties":{},"geometry":{"type":"LineString","coordinates":[[-54.0628,-12.3674],[-54.0678,-12.3683],[-54.0698,-12.3699],[-54.0716,-12.3685],[-54.0846,-12.3648],[-54.0873,-12.3644],[-54.0887,-12.3649],[-54.0896,-12.3665],[-54.0901,-12.3768],[-54.0895,-12.3778],[-54.0896,-12.3872]]}},{"type":"Feature","properties":{},"geometry":{"type":"LineString","coordinates":[[-54.0694,-12.6229],[-54.0689,-12.6213],[-54.0669,-12.6216],[-54.0663,-12.6192],[-54.0678,-12.4907],[-54.0809,-12.4905],[-54.0841,-12.4889],[-54.0855,-12.4865],[-54.0874,-12.4855],[-54.0891,-12.4231],[-54.0865,-12.4182],[-54.0877,-12.415],[-54.0893,-12.4139],[-54.0892,-12.3893],[-54.0896,-12.3872]]}},{"type":"Feature","properties":{},"geometry":{"type":"LineString","coordinates":[[-54.12,-12.5212],[-54.1196,-12.5219],[-54.1147,-12.5231],[-54.1062,-12.523],[-54.1062,-12.5183]]}},{"type":"Feature","properties":{},"geometry":{"type":"LineString","coordinates":[[-54.5162,-11.0848],[-54.5155,-11.0856]]}},{"type":"Feature","properties":{},"geometry":{"type":"LineString","coordinates":[[-54.5151,-11.0841],[-54.5159,-11.0849],[-54.5155,-11.0855],[-54.5145,-11.0847],[-54.5151,-11.0841]]}},{"type":"Feature","properties":{},"geometry":{"type":"LineString","coordinates":[[-54.3648,-11.5793],[-54.3632,-11.5802],[-54.3609,-11.5832],[-54.3266,-11.6041]]}},{"type":"Feature","properties":{},"geometry":{"type":"LineString","coordinates":[[-54.3649,-11.5792],[-54.3648,-11.5793]]}},{"type":"Feature","properties":{},"geometry":{"type":"LineString","coordinates":[[-54.1292,-11.4224],[-54.0935,-11.4548],[-54.0512,-11.4629],[-54.0439,-11.478],[-54.0313,-11.5122]]}},{"type":"Feature","properties":{},"geometry":{"type":"LineString","coordinates":[[-54.1749,-11.3659],[-54.1746,-11.3662]]}},{"type":"Feature","properties":{},"geometry":{"type":"LineString","coordinates":[[-53.8447,-11.0471],[-53.8456,-11.0507],[-53.8442,-11.055],[-53.8437,-11.0551],[-53.8424,-11.0603],[-53.8351,-11.0812]]}},{"type":"Feature","properties":{},"geometry":{"type":"LineString","coordinates":[[-53.813,-11.1474],[-53.8948,-11.1637],[-53.9558,-11.147]]}},{"type":"Feature","properties":{},"geometry":{"type":"LineString","coordinates":[[-53.9558,-11.147],[-53.9572,-11.1457],[-53.9598,-11.1459],[-54.0008,-11.1345],[-54.0543,-11.1586],[-54.0577,-11.1609],[-54.0599,-11.1611]]}},{"type":"Feature","properties":{},"geometry":{"type":"LineString","coordinates":[[-54.0599,-11.1611],[-54.078,-11.1689],[-54.1193,-11.142],[-54.1368,-11.1485],[-54.1507,-11.1693],[-54.1678,-11.1624],[-54.1739,-11.179],[-54.1814,-11.1859],[-54.215,-11.2012]]}},{"type":"Feature","properties":{},"geometry":{"type":"LineString","coordinates":[[-54.2118,-11.2428],[-54.1926,-11.221],[-54.215,-11.2012]]}},{"type":"Feature","properties":{},"geometry":{"type":"LineString","coordinates":[[-54.1162,-11.6534],[-54.1194,-11.6511],[-54.1272,-11.6402],[-54.1348,-11.6325],[-54.1395,-11.631],[-54.1457,-11.6311],[-54.1475,-11.6301],[-54.1716,-11.5926],[-54.1786,-11.5888],[-54.181,-11.5859],[-54.1819,-11.5839],[-54.1762,-11.5748],[-54.1758,-11.5724],[-54.1895,-11.5613],[-54.192,-11.5601],[-54.228,-11.5323]]}},{"type":"Feature","properties":{},"geometry":{"type":"LineString","coordinates":[[-53.6003,-10.7996],[-53.6434,-10.7776],[-53.6451,-10.7865],[-53.6467,-10.7879],[-53.6447,-10.7923],[-53.646,-10.7938],[-53.6485,-10.8085],[-53.6743,-10.8343],[-53.6944,-10.816],[-53.7233,-10.826],[-53.7375,-10.7873],[-53.7815,-10.7645]]}},{"type":"Feature","properties":{},"geometry":{"type":"LineString","coordinates":[[-54.1361,-12.5935],[-54.1356,-12.5936]]}},{"type":"Feature","properties":{},"geometry":{"type":"LineString","coordinates":[[-54.1356,-12.5936],[-54.1316,-12.592],[-54.0912,-12.5937],[-54.0667,-12.5931]]}},{"type":"Feature","properties":{},"geometry":{"type":"LineString","coordinates":[[-54.0541,-12.5446],[-54.1035,-12.5454],[-54.1039,-12.5467]]}},{"type":"Feature","properties":{},"geometry":{"type":"LineString","coordinates":[[-53.5686,-12.2448],[-53.5676,-12.2445]]}},{"type":"Feature","properties":{},"geometry":{"type":"LineString","coordinates":[[-54.0996,-12.6526],[-54.1143,-12.6527],[-54.1182,-12.6478],[-54.1225,-12.6447],[-54.1161,-12.6347],[-54.1146,-12.5929]]}},{"type":"Feature","properties":{},"geometry":{"type":"LineString","coordinates":[[-54.101,-12.5428],[-54.102,-12.5503],[-54.1,-12.5683],[-54.1001,-12.5934]]}},{"type":"Feature","properties":{},"geometry":{"type":"LineString","coordinates":[[-54.4036,-12.4201],[-54.4485,-12.4949],[-54.5131,-12.5009],[-54.5196,-12.4994],[-54.5215,-12.4963]]}},{"type":"Feature","properties":{},"geometry":{"type":"LineString","coordinates":[[-54.522,-12.4961],[-54.5235,-12.4953],[-54.5306,-12.496],[-54.5365,-12.5013],[-54.5972,-12.4975],[-54.6057,-12.5143],[-54.605,-12.5189],[-54.608,-12.5249],[-54.6092,-12.526],[-54.6109,-12.5256],[-54.6117,-12.526],[-54.6279,-12.5588]]}},{"type":"Feature","properties":{},"geometry":{"type":"LineString","coordinates":[[-54.47,-12.4969],[-54.4666,-12.3805]]}},{"type":"Feature","properties":{},"geometry":{"type":"LineString","coordinates":[[-54.1566,-12.3281],[-54.1581,-12.3283],[-54.1601,-12.3344]]}},{"type":"Feature","properties":{},"geometry":{"type":"LineString","coordinates":[[-54.6965,-11.8522],[-54.6956,-11.8522],[-54.644,-11.8925],[-54.6124,-11.887],[-54.5595,-11.8284],[-54.5164,-11.8142],[-54.5138,-11.8139],[-54.4316,-11.7864]]}},{"type":"Feature","properties":{},"geometry":{"type":"LineString","coordinates":[[-53.546,-10.4171],[-53.5483,-10.407],[-53.5639,-10.3727],[-53.5637,-10.3659],[-53.5675,-10.3617],[-53.5694,-10.3608],[-53.5907,-10.3145]]}},{"type":"Feature","properties":{},"geometry":{"type":"LineString","coordinates":[[-54.0349,-10.4863],[-54.0005,-10.3999],[-53.9987,-10.3947],[-53.9982,-10.3912],[-53.9956,-10.3891],[-53.9805,-10.3598]]}},{"type":"Feature","properties":{},"geometry":{"type":"LineString","coordinates":[[-53.4315,-12.157],[-53.4361,-12.1608],[-53.4422,-12.1623],[-53.4464,-12.1649],[-53.4501,-12.1696],[-53.4522,-12.1736],[-53.4527,-12.1833],[-53.452,-12.1892],[-53.4532,-12.1914],[-53.4591,-12.1925],[-53.4652,-12.1976],[-53.4658,-12.1989],[-53.4695,-12.2003],[-53.4757,-12.2013],[-53.4781,-12.2026],[-53.4817,-12.2011],[-53.4876,-12.2042],[-53.4912,-12.2052],[-53.4936,-12.2073],[-53.5023,-12.2102],[-53.5059,-12.2126],[-53.5128,-12.2131],[-53.5196,-12.2149],[-53.523,-12.2171],[-53.5298,-12.2248],[-53.5342,-12.2354]]}},{"type":"Feature","properties":{},"geometry":{"type":"LineString","coordinates":[[-53.3368,-12.1666],[-53.3565,-12.168],[-53.3592,-12.1715],[-53.3695,-12.1908],[-53.3774,-12.2008],[-53.3795,-12.201]]}},{"type":"Feature","properties":{},"geometry":{"type":"LineString","coordinates":[[-53.3346,-12.1663],[-53.3325,-12.1652]]}},{"type":"Feature","properties":{},"geometry":{"type":"LineString","coordinates":[[-53.3921,-12.2059],[-53.3902,-12.2085],[-53.389,-12.2088],[-53.3873,-12.207],[-53.3827,-12.2044]]}},{"type":"Feature","properties":{},"geometry":{"type":"LineString","coordinates":[[-53.5684,-12.2448],[-53.5361,-12.236],[-53.5285,-12.2333],[-53.5086,-12.2298],[-53.492,-12.2335],[-53.4375,-12.2138]]}},{"type":"Feature","properties":{},"geometry":{"type":"LineString","coordinates":[[-53.597,-12.2448],[-53.5933,-12.2463],[-53.5834,-12.2487]]}},{"type":"Feature","properties":{},"geometry":{"type":"LineString","coordinates":[[-53.5528,-11.9314],[-53.5527,-11.9324]]}},{"type":"Feature","properties":{},"geometry":{"type":"LineString","coordinates":[[-53.5542,-11.9331],[-53.5504,-11.9321]]}},{"type":"Feature","properties":{},"geometry":{"type":"LineString","coordinates":[[-53.5966,-11.8568],[-53.5917,-11.8573]]}},{"type":"Feature","properties":{},"geometry":{"type":"LineString","coordinates":[[-53.5948,-11.8571],[-53.5948,-11.8592]]}},{"type":"Feature","properties":{},"geometry":{"type":"LineString","coordinates":[[-53.595,-11.8545],[-53.5948,-11.8539],[-53.595,-11.8545]]}},{"type":"Feature","properties":{},"geometry":{"type":"LineString","coordinates":[[-53.2606,-12.1571],[-53.2562,-12.1621]]}},{"type":"Feature","properties":{},"geometry":{"type":"LineString","coordinates":[[-53.2482,-12.1649],[-53.2543,-12.1626]]}},{"type":"Feature","properties":{},"geometry":{"type":"LineString","coordinates":[[-53.1862,-12.2318],[-53.1868,-12.2313],[-53.1863,-12.2307]]}},{"type":"Feature","properties":{},"geometry":{"type":"LineString","coordinates":[[-53.1863,-12.2307],[-53.1852,-12.2285],[-53.1826,-12.2282],[-53.1806,-12.2259]]}},{"type":"Feature","properties":{},"geometry":{"type":"LineString","coordinates":[[-53.3914,-12.3837],[-53.3833,-12.3907]]}},{"type":"Feature","properties":{},"geometry":{"type":"LineString","coordinates":[[-53.3926,-12.3827],[-53.3954,-12.3803]]}},{"type":"Feature","properties":{},"geometry":{"type":"LineString","coordinates":[[-53.3537,-12.2637],[-53.3578,-12.263]]}},{"type":"Feature","properties":{},"geometry":{"type":"LineString","coordinates":[[-53.353,-12.2639],[-53.3426,-12.2656],[-53.3383,-12.2669],[-53.3321,-12.2662],[-53.3169,-12.2671]]}},{"type":"Feature","properties":{},"geometry":{"type":"LineString","coordinates":[[-53.2081,-12.3531],[-53.2079,-12.3532]]}},{"type":"Feature","properties":{},"geometry":{"type":"LineString","coordinates":[[-53.2017,-12.338],[-53.1898,-12.3164]]}},{"type":"Feature","properties":{},"geometry":{"type":"LineString","coordinates":[[-53.2229,-12.338],[-53.2233,-12.3338],[-53.2214,-12.331],[-53.2136,-12.3295]]}},{"type":"Feature","properties":{},"geometry":{"type":"LineString","coordinates":[[-53.2232,-12.2853],[-53.2198,-12.2944],[-53.216,-12.3111],[-53.2156,-12.3231],[-53.2136,-12.3295],[-53.2017,-12.338],[-53.1896,-12.3456],[-53.1836,-12.3574],[-53.1772,-12.3676],[-53.1586,-12.3845],[-53.1434,-12.4095],[-53.1362,-12.4259],[-53.1333,-12.4312],[-53.1276,-12.4349],[-53.1193,-12.4425],[-53.1182,-12.4456],[-53.1103,-12.4554],[-53.102,-12.4724],[-53.0962,-12.4777],[-53.0933,-12.4825],[-53.0911,-12.4849]]}},{"type":"Feature","properties":{},"geometry":{"type":"LineString","coordinates":[[-53.2136,-12.3295],[-53.1951,-12.326]]}},{"type":"Feature","properties":{},"geometry":{"type":"LineString","coordinates":[[-53.2111,-12.3568],[-53.2107,-12.3549]]}},{"type":"Feature","properties":{},"geometry":{"type":"LineString","coordinates":[[-53.2062,-12.3741],[-53.2065,-12.3694],[-53.2087,-12.3663],[-53.2088,-12.3649],[-53.2084,-12.3555]]}},{"type":"Feature","properties":{},"geometry":{"type":"LineString","coordinates":[[-53.3531,-12.2637],[-53.3537,-12.2639],[-53.3531,-12.2637]]}},{"type":"Feature","properties":{},"geometry":{"type":"LineString","coordinates":[[-53.3916,-12.3832],[-53.3924,-12.3834],[-53.3926,-12.3826],[-53.3917,-12.3825],[-53.3916,-12.3832]]}},{"type":"Feature","properties":{},"geometry":{"type":"LineString","coordinates":[[-53.3918,-12.3834],[-53.3914,-12.3837]]}},{"type":"Feature","properties":{},"geometry":{"type":"LineString","coordinates":[[-53.5818,-12.2482],[-53.582,-12.2495],[-53.5832,-12.2494],[-53.5831,-12.248],[-53.5818,-12.2482]]}},{"type":"Feature","properties":{},"geometry":{"type":"LineString","coordinates":[[-53.5807,-12.2481],[-53.5817,-12.2484]]}},{"type":"Feature","properties":{},"geometry":{"type":"LineString","coordinates":[[-53.3345,-12.1666],[-53.3352,-12.1674],[-53.336,-12.1666],[-53.3352,-12.1659],[-53.3345,-12.1666]]}},{"type":"Feature","properties":{},"geometry":{"type":"LineString","coordinates":[[-53.336,-12.1666],[-53.3368,-12.1666]]}},{"type":"Feature","properties":{},"geometry":{"type":"LineString","coordinates":[[-53.433,-12.1528],[-53.4324,-12.1535],[-53.4331,-12.1541],[-53.4337,-12.1535],[-53.433,-12.1528]]}},{"type":"Feature","properties":{},"geometry":{"type":"LineString","coordinates":[[-53.4328,-12.1541],[-53.4325,-12.1548]]}},{"type":"Feature","properties":{},"geometry":{"type":"LineString","coordinates":[[-53.4333,-12.1505],[-53.4327,-12.1529]]}},{"type":"Feature","properties":{},"geometry":{"type":"LineString","coordinates":[[-53.2549,-12.163],[-53.256,-12.1635],[-53.2565,-12.1626],[-53.2554,-12.162],[-53.2549,-12.163]]}},{"type":"Feature","properties":{},"geometry":{"type":"LineString","coordinates":[[-53.2549,-12.1626],[-53.2543,-12.1626]]}},{"type":"Feature","properties":{},"geometry":{"type":"LineString","coordinates":[[-53.2482,-12.1649],[-53.2305,-12.1781]]}},{"type":"Feature","properties":{},"geometry":{"type":"LineString","coordinates":[[-53.0237,-11.7579],[-53.032,-11.7527]]}},{"type":"Feature","properties":{},"geometry":{"type":"LineString","coordinates":[[-53.0325,-11.7312],[-53.0239,-11.7355]]}},{"type":"Feature","properties":{},"geometry":{"type":"LineString","coordinates":[[-53.0243,-11.7575],[-53.022,-11.7575],[-53.0214,-11.759]]}},{"type":"Feature","properties":{},"geometry":{"type":"LineString","coordinates":[[-53.0195,-11.7425],[-53.0137,-11.7411],[-53.0113,-11.7416]]}},{"type":"Feature","properties":{},"geometry":{"type":"LineString","coordinates":[[-53.0513,-11.5205],[-53.0573,-11.5217]]}},{"type":"Feature","properties":{},"geometry":{"type":"LineString","coordinates":[[-53.0353,-11.5434],[-52.9725,-11.63],[-53.0359,-11.761],[-52.9957,-11.8689],[-52.9757,-11.8777],[-52.975,-11.8814],[-52.9775,-11.9123],[-52.9517,-11.9409],[-52.9488,-11.9518],[-52.9424,-11.9533]]}},{"type":"Feature","properties":{},"geometry":{"type":"LineString","coordinates":[[-53.6206,-11.7515],[-53.621,-11.7488]]}},{"type":"Feature","properties":{},"geometry":{"type":"LineString","coordinates":[[-53.621,-11.7488],[-53.6196,-11.7483]]}},{"type":"Feature","properties":{},"geometry":{"type":"LineString","coordinates":[[-53.6196,-11.7483],[-53.6129,-11.7457]]}},{"type":"Feature","properties":{},"geometry":{"type":"LineString","coordinates":[[-53.6089,-11.7379],[-53.61,-11.738],[-53.6118,-11.7406],[-53.612,-11.7443],[-53.6129,-11.7457]]}},{"type":"Feature","properties":{},"geometry":{"type":"LineString","coordinates":[[-53.6178,-11.7438],[-53.6128,-11.7453]]}},{"type":"Feature","properties":{},"geometry":{"type":"LineString","coordinates":[[-53.5144,-11.4743],[-53.5147,-11.475],[-53.5154,-11.4749],[-53.5151,-11.4741],[-53.5112,-11.4751],[-53.5091,-11.4763]]}},{"type":"Feature","properties":{},"geometry":{"type":"LineString","coordinates":[[-53.4641,-11.4958],[-53.4584,-11.4996],[-53.4548,-11.5009]]}},{"type":"Feature","properties":{},"geometry":{"type":"LineString","coordinates":[[-53.4605,-11.5058],[-53.4586,-11.4994]]}},{"type":"Feature","properties":{},"geometry":{"type":"LineString","coordinates":[[-53.2592,-11.0946],[-53.2554,-11.0936]]}},{"type":"Feature","properties":{},"geometry":{"type":"LineString","coordinates":[[-53.2554,-11.0936],[-53.2538,-11.0933],[-53.2507,-11.0906]]}},{"type":"Feature","properties":{},"geometry":{"type":"LineString","coordinates":[[-53.0833,-10.7793],[-53.0489,-10.7832],[-53.0117,-10.7938],[-52.9875,-10.7924],[-52.9591,-10.7842]]}},{"type":"Feature","properties":{},"geometry":{"type":"LineString","coordinates":[[-53.1204,-10.7752],[-53.1014,-10.7775]]}},{"type":"Feature","properties":{},"geometry":{"type":"LineString","coordinates":[[-53.0239,-11.7355],[-53.0113,-11.7416],[-53.0066,-11.7425],[-53.0031,-11.7414],[-52.9993,-11.7443]]}},{"type":"Feature","properties":{},"geometry":{"type":"LineString","coordinates":[[-53.0194,-11.7425],[-53.0225,-11.7486],[-53.0244,-11.7494],[-53.0275,-11.7555]]}},{"type":"Feature","properties":{},"geometry":{"type":"LineString","coordinates":[[-53.029,-11.9204],[-53.0327,-11.9266]]}},{"type":"Feature","properties":{},"geometry":{"type":"LineString","coordinates":[[-53.029,-11.9204],[-53.0248,-11.9195],[-53.0203,-11.9166],[-53.0185,-11.9146]]}},{"type":"Feature","properties":{},"geometry":{"type":"LineString","coordinates":[[-53.0327,-11.9266],[-53.035,-11.9303]]}},{"type":"Feature","properties":{},"geometry":{"type":"LineString","coordinates":[[-53.035,-11.9303],[-53.0287,-11.9286]]}},{"type":"Feature","properties":{},"geometry":{"type":"LineString","coordinates":[[-53.4007,-12.0092],[-53.3986,-12.007]]}},{"type":"Feature","properties":{},"geometry":{"type":"LineString","coordinates":[[-53.4094,-12.0043],[-53.4057,-12.0072],[-53.4005,-12.0071],[-53.3996,-12.0077]]}},{"type":"Feature","properties":{},"geometry":{"type":"LineString","coordinates":[[-53.6178,-11.7438],[-53.6197,-11.7427],[-53.6204,-11.7414],[-53.6246,-11.7401],[-53.6259,-11.7402],[-53.6362,-11.7359],[-53.6405,-11.7363],[-53.6464,-11.7356],[-53.6537,-11.7363],[-53.657,-11.7355],[-53.6615,-11.7362],[-53.6642,-11.7355]]}},{"type":"Feature","properties":{},"geometry":{"type":"LineString","coordinates":[[-53.6562,-11.7356],[-53.6575,-11.732]]}},{"type":"Feature","properties":{},"geometry":{"type":"LineString","coordinates":[[-53.6211,-11.749],[-53.6254,-11.7534],[-53.6268,-11.7582],[-53.6296,-11.7601]]}},{"type":"Feature","properties":{},"geometry":{"type":"LineString","coordinates":[[-53.6122,-11.7439],[-53.6158,-11.7353],[-53.6149,-11.7308],[-53.6128,-11.7275],[-53.6124,-11.7229]]}},{"type":"Feature","properties":{},"geometry":{"type":"LineString","coordinates":[[-53.615,-11.7202],[-53.6124,-11.7229]]}},{"type":"Feature","properties":{},"geometry":{"type":"LineString","coordinates":[[-53.09,-10.7785],[-53.0879,-10.7788]]}},{"type":"Feature","properties":{},"geometry":{"type":"LineString","coordinates":[[-53.0879,-10.7788],[-53.0833,-10.7793]]}},{"type":"Feature","properties":{},"geometry":{"type":"LineString","coordinates":[[-53.434,-10.6002],[-53.4335,-10.5977]]}},{"type":"Feature","properties":{},"geometry":{"type":"LineString","coordinates":[[-53.5125,-10.6564],[-53.4412,-10.6054],[-53.4347,-10.6]]}},{"type":"Feature","properties":{},"geometry":{"type":"LineString","coordinates":[[-53.6434,-10.7776],[-53.647,-10.7511],[-53.6294,-10.7384],[-53.6254,-10.7377],[-53.6244,-10.7354]]}},{"type":"Feature","properties":{},"geometry":{"type":"LineString","coordinates":[[-53.6244,-10.7354],[-53.6243,-10.7352]]}},{"type":"Feature","properties":{},"geometry":{"type":"LineString","coordinates":[[-53.6243,-10.7352],[-53.622,-10.7331],[-53.5749,-10.7],[-53.5717,-10.6995],[-53.5686,-10.7005],[-53.5677,-10.7003],[-53.5673,-10.6985],[-53.5655,-10.696],[-53.5653,-10.6932],[-53.5125,-10.6564]]}},{"type":"Feature","properties":{},"geometry":{"type":"LineString","coordinates":[[-54.5219,-11.074],[-54.5245,-11.071],[-54.4519,-11.0008]]}},{"type":"Feature","properties":{},"geometry":{"type":"LineString","coordinates":[[-54.3961,-10.9635],[-54.396,-10.9634]]}},{"type":"Feature","properties":{},"geometry":{"type":"LineString","coordinates":[[-54.396,-10.9634],[-54.3944,-10.9617],[-54.3907,-10.9626],[-54.3685,-10.9426]]}},{"type":"Feature","properties":{},"geometry":{"type":"LineString","coordinates":[[-54.2323,-10.9418],[-54.2188,-10.9421],[-54.2157,-10.9414],[-54.1907,-10.8958]]}},{"type":"Feature","properties":{},"geometry":{"type":"LineString","coordinates":[[-54.3685,-10.9426],[-54.3683,-10.9425]]}},{"type":"Feature","properties":{},"geometry":{"type":"LineString","coordinates":[[-54.1905,-10.8956],[-54.1784,-10.8726],[-54.1782,-10.8714],[-54.1763,-10.8689],[-54.1573,-10.8328],[-54.1472,-10.8376],[-54.1468,-10.8385],[-54.1157,-10.8553],[-54.0806,-10.8702],[-54.0456,-10.8878],[-54.0429,-10.8871]]}},{"type":"Feature","properties":{},"geometry":{"type":"LineString","coordinates":[[-54.1907,-10.8958],[-54.1905,-10.8956]]}},{"type":"Feature","properties":{},"geometry":{"type":"LineString","coordinates":[[-54.1574,-10.8329],[-54.1606,-10.83]]}},{"type":"Feature","properties":{},"geometry":{"type":"LineString","coordinates":[[-54.1574,-10.8329],[-54.1467,-10.8122]]}},{"type":"Feature","properties":{},"geometry":{"type":"LineString","coordinates":[[-54.0427,-10.887],[-54.0405,-10.8853],[-54.0388,-10.8865],[-54.0335,-10.8869],[-54.028,-10.8857],[-54.005,-10.8626],[-53.9996,-10.858],[-53.9917,-10.8543],[-53.9842,-10.8537],[-53.9765,-10.8513],[-53.9639,-10.8425],[-53.9639,-10.8365],[-53.9661,-10.832],[-53.9689,-10.8181],[-53.9685,-10.8089],[-53.9673,-10.8029],[-53.964,-10.7967],[-53.9641,-10.7934],[-53.965,-10.7861],[-53.9699,-10.7753],[-53.9661,-10.7645],[-53.9576,-10.7504],[-53.9564,-10.7464]]}},{"type":"Feature","properties":{},"geometry":{"type":"LineString","coordinates":[[-54.0429,-10.8871],[-54.0427,-10.887]]}},{"type":"Feature","properties":{},"geometry":{"type":"LineString","coordinates":[[-53.9564,-10.7464],[-53.9564,-10.7462]]}},{"type":"Feature","properties":{},"geometry":{"type":"LineString","coordinates":[[-53.9564,-10.7462],[-53.951,-10.7412],[-53.9337,-10.7502],[-53.9331,-10.7501],[-53.8657,-10.6015],[-53.8457,-10.5557]]}},{"type":"Feature","properties":{},"geometry":{"type":"LineString","coordinates":[[-53.8431,-10.5544],[-53.8428,-10.5543]]}},{"type":"Feature","properties":{},"geometry":{"type":"LineString","coordinates":[[-53.8428,-10.5543],[-53.8222,-10.5454],[-53.7892,-10.5386],[-53.7619,-10.5394]]}},{"type":"Feature","properties":{},"geometry":{"type":"LineString","coordinates":[[-53.7619,-10.5394],[-53.7617,-10.5394]]}},{"type":"Feature","properties":{},"geometry":{"type":"LineString","coordinates":[[-53.7617,-10.5394],[-53.7404,-10.5404],[-53.737,-10.54],[-53.666,-10.5159],[-53.6616,-10.5153],[-53.5709,-10.549]]}},{"type":"Feature","properties":{},"geometry":{"type":"LineString","coordinates":[[-54.5079,-10.407],[-54.515,-10.4116],[-54.5178,-10.4099],[-54.5212,-10.4096],[-54.5229,-10.4102],[-54.5246,-10.4091],[-54.5254,-10.4099],[-54.53,-10.4036],[-54.531,-10.4032],[-54.5338,-10.3944],[-54.5381,-10.3949],[-54.5449,-10.3985],[-54.5522,-10.4006],[-54.555,-10.4023],[-54.5536,-10.4068],[-54.5503,-10.4126],[-54.5799,-10.4333],[-54.5897,-10.4195],[-54.5909,-10.4189],[-54.6041,-10.4283],[-54.6086,-10.4299],[-54.6115,-10.432],[-54.6128,-10.4321],[-54.6264,-10.4409],[-54.6392,-10.448],[-54.6602,-10.4583],[-54.6628,-10.4571]]}},{"type":"Feature","properties":{},"geometry":{"type":"LineString","coordinates":[[-54.6316,-10.8674],[-54.6165,-10.9064],[-54.6025,-10.9544],[-54.6017,-10.9564],[-54.5987,-10.9564],[-54.5943,-10.9612],[-54.5938,-10.9639],[-54.5962,-10.9667],[-54.5914,-10.9716],[-54.5946,-10.9747]]}},{"type":"Feature","properties":{},"geometry":{"type":"LineString","coordinates":[[-54.5917,-10.9775],[-54.5689,-11.0003],[-54.5692,-11.0016],[-54.5642,-11.0067],[-54.563,-11.0072],[-54.5627,-11.0084],[-54.5538,-11.017],[-54.5564,-11.0198],[-54.5536,-11.023],[-54.5503,-11.026],[-54.5479,-11.0268],[-54.5455,-11.0302],[-54.5399,-11.0311],[-54.5275,-11.0439]]}},{"type":"Feature","properties":{},"geometry":{"type":"LineString","coordinates":[[-54.6436,-11.7093],[-54.6254,-11.6797],[-54.6067,-11.6515],[-54.5994,-11.6391]]}},{"type":"Feature","properties":{},"geometry":{"type":"LineString","coordinates":[[-54.549,-11.1076],[-54.5487,-11.1066],[-54.5302,-11.0863]]}},{"type":"Feature","properties":{},"geometry":{"type":"LineString","coordinates":[[-54.5107,-11.0768],[-54.5051,-11.0712]]}},{"type":"Feature","properties":{},"geometry":{"type":"LineString","coordinates":[[-54.5037,-11.0882],[-54.5102,-11.095]]}},{"type":"Feature","properties":{},"geometry":{"type":"LineString","coordinates":[[-54.5397,-11.1088],[-54.5454,-11.1031]]}},{"type":"Feature","properties":{},"geometry":{"type":"LineString","coordinates":[[-54.5106,-11.0576],[-54.5008,-11.0676],[-54.5008,-11.0685],[-54.5043,-11.072],[-54.4956,-11.0811],[-54.5037,-11.0882]]}},{"type":"Feature","properties":{},"geometry":{"type":"LineString","coordinates":[[-54.5073,-11.0751],[-54.5091,-11.0768],[-54.5101,-11.0758]]}},{"type":"Feature","properties":{},"geometry":{"type":"LineString","coordinates":[[-54.5205,-11.0902],[-54.523,-11.0926]]}},{"type":"Feature","properties":{},"geometry":{"type":"LineString","coordinates":[[-54.5214,-11.0911],[-54.5221,-11.0904]]}},{"type":"Feature","properties":{},"geometry":{"type":"LineString","coordinates":[[-54.5248,-11.0908],[-54.5233,-11.0892]]}},{"type":"Feature","properties":{},"geometry":{"type":"LineString","coordinates":[[-54.5152,-11.0912],[-54.5126,-11.0938]]}},{"type":"Feature","properties":{},"geometry":{"type":"LineString","coordinates":[[-54.5251,-11.0874],[-54.5284,-11.0842]]}},{"type":"Feature","properties":{},"geometry":{"type":"LineString","coordinates":[[-54.523,-11.0926],[-54.5248,-11.0908]]}},{"type":"Feature","properties":{},"geometry":{"type":"LineString","coordinates":[[-54.5208,-11.0899],[-54.5233,-11.0922]]}},{"type":"Feature","properties":{},"geometry":{"type":"LineString","coordinates":[[-54.5238,-11.0906],[-54.5243,-11.0912]]}},{"type":"Feature","properties":{},"geometry":{"type":"LineString","coordinates":[[-54.5113,-11.09],[-54.51,-11.0912]]}},{"type":"Feature","properties":{},"geometry":{"type":"LineString","coordinates":[[-54.5212,-11.0895],[-54.5237,-11.0919]]}},{"type":"Feature","properties":{},"geometry":{"type":"LineString","coordinates":[[-54.5096,-11.0907],[-54.512,-11.0933]]}},{"type":"Feature","properties":{},"geometry":{"type":"LineString","coordinates":[[-54.5118,-11.0905],[-54.5104,-11.0917]]}},{"type":"Feature","properties":{},"geometry":{"type":"LineString","coordinates":[[-54.5224,-11.0921],[-54.5242,-11.0902]]}},{"type":"Feature","properties":{},"geometry":{"type":"LineString","coordinates":[[-54.5245,-11.0774],[-54.5281,-11.0743],[-54.544,-11.091],[-54.5547,-11.1006]]}},{"type":"Feature","properties":{},"geometry":{"type":"LineString","coordinates":[[-54.5102,-11.0901],[-54.5127,-11.0926]]}},{"type":"Feature","properties":{},"geometry":{"type":"LineString","coordinates":[[-54.5104,-11.0936],[-54.5258,-11.0788]]}},{"type":"Feature","properties":{},"geometry":{"type":"LineString","coordinates":[[-54.5135,-11.1333],[-54.4977,-11.116],[-54.4933,-11.1124]]}},{"type":"Feature","properties":{},"geometry":{"type":"LineString","coordinates":[[-54.2899,-11.0625],[-54.2902,-11.0613]]}},{"type":"Feature","properties":{},"geometry":{"type":"LineString","coordinates":[[-54.2643,-11.0993],[-54.2866,-11.0643]]}},{"type":"Feature","properties":{},"geometry":{"type":"LineString","coordinates":[[-54.0124,-11.007],[-54.0316,-11.0052],[-54.0297,-11.0129],[-54.0981,-11.0258],[-54.1011,-11.0281],[-54.1045,-11.0285],[-54.1053,-11.0308],[-54.1064,-11.0311]]}},{"type":"Feature","properties":{},"geometry":{"type":"LineString","coordinates":[[-54.5087,-11.1089],[-54.5056,-11.1116],[-54.4993,-11.1059]]}},{"type":"Feature","properties":{},"geometry":{"type":"LineString","coordinates":[[-54.4954,-11.1144],[-54.5114,-11.0984]]}},{"type":"Feature","properties":{},"geometry":{"type":"LineString","coordinates":[[-54.6365,-11.4919],[-54.6321,-11.493],[-54.6312,-11.4926],[-54.6197,-11.4726],[-54.5976,-11.4883],[-54.556,-11.429],[-54.5542,-11.4253],[-54.5528,-11.4179]]}},{"type":"Feature","properties":{},"geometry":{"type":"LineString","coordinates":[[-54.5857,-11.3456],[-54.6,-11.3514],[-54.6099,-11.3544],[-54.6306,-11.3383],[-54.6336,-11.3319],[-54.6374,-11.3304],[-54.6766,-11.2993],[-54.6902,-11.2998]]}},{"type":"Feature","properties":{},"geometry":{"type":"LineString","coordinates":[[-54.6465,-11.1349],[-54.641,-11.1374],[-54.6247,-11.1342],[-54.6123,-11.1262],[-54.5914,-11.1189],[-54.5677,-11.1091],[-54.5642,-11.1086]]}},{"type":"Feature","properties":{},"geometry":{"type":"LineString","coordinates":[[-53.8522,-11.0059],[-53.8562,-11.0054],[-53.9205,-10.9719],[-53.9354,-10.9603],[-53.9535,-10.9445],[-53.9497,-10.9373],[-54.0384,-10.8878],[-54.0391,-10.8864]]}},{"type":"Feature","properties":{},"geometry":{"type":"LineString","coordinates":[[-53.0895,-12.4925],[-53.0916,-12.4962],[-53.0936,-12.4979]]}},{"type":"Feature","properties":{},"geometry":{"type":"LineString","coordinates":[[-53.8382,-11.0822],[-53.8351,-11.0812]]}},{"type":"Feature","properties":{},"geometry":{"type":"LineString","coordinates":[[-53.1084,-12.5539],[-53.1017,-12.556]]}},{"type":"Feature","properties":{},"geometry":{"type":"LineString","coordinates":[[-53.0905,-12.4857],[-53.0919,-12.4898],[-53.0916,-12.4962]]}},{"type":"Feature","properties":{},"geometry":{"type":"LineString","coordinates":[[-53.2692,-11.2936],[-53.2699,-11.2922]]}},{"type":"Feature","properties":{},"geometry":{"type":"LineString","coordinates":[[-53.8351,-11.0812],[-53.813,-11.1474]]}},{"type":"Feature","properties":{},"geometry":{"type":"LineString","coordinates":[[-53.2479,-11.112],[-53.2474,-11.1132],[-53.2488,-11.1142]]}},{"type":"Feature","properties":{},"geometry":{"type":"LineString","coordinates":[[-53.1082,-12.5528],[-53.106,-12.5419]]}},{"type":"Feature","properties":{},"geometry":{"type":"LineString","coordinates":[[-53.106,-12.5419],[-53.1002,-12.5121],[-53.0992,-12.5099]]}},{"type":"Feature","properties":{},"geometry":{"type":"LineString","coordinates":[[-53.3781,-12.2008],[-53.3788,-12.1996]]}},{"type":"Feature","properties":{},"geometry":{"type":"LineString","coordinates":[[-53.0933,-12.4825],[-53.0943,-12.4814]]}},{"type":"Feature","properties":{},"geometry":{"type":"LineString","coordinates":[[-53.389,-12.2088],[-53.3807,-12.2126]]}},{"type":"Feature","properties":{},"geometry":{"type":"LineString","coordinates":[[-53.0032,-12.5148],[-53.0028,-12.5178]]}},{"type":"Feature","properties":{},"geometry":{"type":"LineString","coordinates":[[-53.003,-12.5176],[-53.0039,-12.5172],[-53.013,-12.5187]]}},{"type":"Feature","properties":{},"geometry":{"type":"LineString","coordinates":[[-54.4449,-10.4315],[-54.4462,-10.4339]]}},{"type":"Feature","properties":{},"geometry":{"type":"LineString","coordinates":[[-54.5265,-11.0822],[-54.5252,-11.0835]]}},{"type":"Feature","properties":{},"geometry":{"type":"LineString","coordinates":[[-54.5258,-11.0815],[-54.5246,-11.0828]]}},{"type":"Feature","properties":{},"geometry":{"type":"LineString","coordinates":[[-54.5223,-11.0737],[-54.5207,-11.0721]]}},{"type":"Feature","properties":{},"geometry":{"type":"LineString","coordinates":[[-54.5273,-11.0912],[-54.5266,-11.0904]]}},{"type":"Feature","properties":{},"geometry":{"type":"LineString","coordinates":[[-54.5264,-11.0906],[-54.5255,-11.0897]]}},{"type":"Feature","properties":{},"geometry":{"type":"LineString","coordinates":[[-54.5235,-11.091],[-54.524,-11.0915]]}},{"type":"Feature","properties":{},"geometry":{"type":"LineString","coordinates":[[-54.5108,-11.0773],[-54.5103,-11.0778]]}},{"type":"Feature","properties":{},"geometry":{"type":"LineString","coordinates":[[-54.5114,-11.0774],[-54.5107,-11.0781],[-54.51,-11.0775],[-54.5105,-11.0764]]}},{"type":"Feature","properties":{},"geometry":{"type":"LineString","coordinates":[[-54.5107,-11.0768],[-54.51,-11.0775]]}},{"type":"Feature","properties":{},"geometry":{"type":"LineString","coordinates":[[-54.5123,-11.0842],[-54.5165,-11.0891]]}},{"type":"Feature","properties":{},"geometry":{"type":"LineString","coordinates":[[-54.513,-11.0854],[-54.5114,-11.0869]]}},{"type":"Feature","properties":{},"geometry":{"type":"LineString","coordinates":[[-54.5122,-11.0862],[-54.5119,-11.0859]]}},{"type":"Feature","properties":{},"geometry":{"type":"LineString","coordinates":[[-54.5184,-11.0882],[-54.5152,-11.0912]]}},{"type":"Feature","properties":{},"geometry":{"type":"LineString","coordinates":[[-54.5169,-11.0887],[-54.5194,-11.0912]]}},{"type":"Feature","properties":{},"geometry":{"type":"LineString","coordinates":[[-54.5179,-11.0887],[-54.5188,-11.0897]]}},{"type":"Feature","properties":{},"geometry":{"type":"LineString","coordinates":[[-54.5148,-11.0903],[-54.5151,-11.0906]]}},{"type":"Feature","properties":{},"geometry":{"type":"LineString","coordinates":[[-54.5089,-11.0958],[-54.5068,-11.0937]]}},{"type":"Feature","properties":{},"geometry":{"type":"LineString","coordinates":[[-54.505,-11.0954],[-54.5074,-11.0977]]}},{"type":"Feature","properties":{},"geometry":{"type":"LineString","coordinates":[[-54.508,-11.0949],[-54.5064,-11.0968]]}},{"type":"Feature","properties":{},"geometry":{"type":"LineString","coordinates":[[-54.5043,-11.0961],[-54.5062,-11.0976]]}},{"type":"Feature","properties":{},"geometry":{"type":"LineString","coordinates":[[-54.5053,-11.0976],[-54.5046,-11.0983]]}},{"type":"Feature","properties":{},"geometry":{"type":"LineString","coordinates":[[-54.5065,-11.0986],[-54.5055,-11.0974]]}},{"type":"Feature","properties":{},"geometry":{"type":"LineString","coordinates":[[-54.5053,-11.0976],[-54.504,-11.0964]]}},{"type":"Feature","properties":{},"geometry":{"type":"LineString","coordinates":[[-54.5078,-11.0927],[-54.5003,-11.1002]]}},{"type":"Feature","properties":{},"geometry":{"type":"LineString","coordinates":[[-54.5028,-11.1023],[-54.4991,-11.0991]]}},{"type":"Feature","properties":{},"geometry":{"type":"LineString","coordinates":[[-54.501,-11.0994],[-54.5026,-11.1008],[-54.5019,-11.1016]]}},{"type":"Feature","properties":{},"geometry":{"type":"LineString","coordinates":[[-54.5018,-11.1001],[-54.5011,-11.1009]]}},{"type":"Feature","properties":{},"geometry":{"type":"LineString","coordinates":[[-54.5023,-11.1012],[-54.5006,-11.0998]]}},{"type":"Feature","properties":{},"geometry":{"type":"LineString","coordinates":[[-54.4957,-11.1095],[-54.4927,-11.1063]]}},{"type":"Feature","properties":{},"geometry":{"type":"LineString","coordinates":[[-54.1796,-10.4359],[-54.1794,-10.436]]}},{"type":"Feature","properties":{},"geometry":{"type":"LineString","coordinates":[[-54.2336,-10.4219],[-54.2293,-10.4238],[-54.2227,-10.4311],[-54.2084,-10.4394],[-54.2046,-10.4392],[-54.1859,-10.4327],[-54.1828,-10.4331],[-54.1796,-10.4359]]}},{"type":"Feature","properties":{},"geometry":{"type":"LineString","coordinates":[[-54.171,-10.4439],[-54.1712,-10.4442]]}},{"type":"Feature","properties":{},"geometry":{"type":"LineString","coordinates":[[-54.2455,-12.5669],[-54.261,-12.5904],[-54.274,-12.6202]]}},{"type":"Feature","properties":{},"geometry":{"type":"LineString","coordinates":[[-54.1687,-12.5427],[-54.1772,-12.5398]]}},{"type":"Feature","properties":{},"geometry":{"type":"LineString","coordinates":[[-54.1916,-12.5852],[-54.1907,-12.5845],[-54.1734,-12.5899],[-54.1725,-12.5894],[-54.1702,-12.5814],[-54.164,-12.5831]]}},{"type":"Feature","properties":{},"geometry":{"type":"LineString","coordinates":[[-54.0691,-12.1844],[-54.0542,-12.2302]]}},{"type":"Feature","properties":{},"geometry":{"type":"LineString","coordinates":[[-54.0637,-12.1659],[-54.0381,-12.2204]]}},{"type":"Feature","properties":{},"geometry":{"type":"LineString","coordinates":[[-54.0827,-12.1995],[-54.0739,-12.2107],[-54.0794,-12.2157],[-54.0815,-12.2152],[-54.0826,-12.2164],[-54.0874,-12.2157],[-54.0914,-12.2164]]}},{"type":"Feature","properties":{},"geometry":{"type":"LineString","coordinates":[[-54.0914,-12.2164],[-54.0855,-12.2232]]}},{"type":"Feature","properties":{},"geometry":{"type":"LineString","coordinates":[[-54.0855,-12.2232],[-54.0819,-12.218]]}},{"type":"Feature","properties":{},"geometry":{"type":"LineString","coordinates":[[-54.0167,-12.0545],[-54.0517,-11.9893]]}},{"type":"Feature","properties":{},"geometry":{"type":"LineString","coordinates":[[-54.1069,-11.9099],[-54.103,-11.9114]]}},{"type":"Feature","properties":{},"geometry":{"type":"LineString","coordinates":[[-54.103,-11.9114],[-54.0094,-11.782]]}},{"type":"Feature","properties":{},"geometry":{"type":"LineString","coordinates":[[-54.0112,-11.7845],[-54.0104,-11.8207]]}},{"type":"Feature","properties":{},"geometry":{"type":"LineString","coordinates":[[-54.3023,-11.6091],[-54.3014,-11.6096],[-54.2976,-11.6255],[-54.2968,-11.6263],[-54.2453,-11.6155]]}},{"type":"Feature","properties":{},"geometry":{"type":"LineString","coordinates":[[-54.253,-11.6455],[-54.2588,-11.6677],[-54.2297,-11.6687],[-54.2094,-11.6685],[-54.1758,-11.68],[-54.1584,-11.6942]]}},{"type":"Feature","properties":{},"geometry":{"type":"LineString","coordinates":[[-54.0435,-12.2973],[-54.0425,-12.3003],[-54.0431,-12.3017],[-54.0424,-12.3267]]}},{"type":"Feature","properties":{},"geometry":{"type":"LineString","coordinates":[[-53.0936,-12.5004],[-53.0928,-12.5024],[-53.0932,-12.504],[-53.098,-12.5075]]}},{"type":"Feature","properties":{},"geometry":{"type":"LineString","coordinates":[[-54.4635,-12.735],[-54.4539,-12.7088],[-54.4613,-12.6945],[-54.4618,-12.6921],[-54.4614,-12.6894],[-54.4577,-12.6794],[-54.4553,-12.6761],[-54.4509,-12.6737],[-54.4372,-12.6623],[-54.4173,-12.6126],[-54.413,-12.5974],[-54.4112,-12.5941],[-54.4113,-12.5904],[-54.4052,-12.5685],[-54.3743,-12.5422],[-54.3735,-12.5421],[-54.3003,-12.4819]]}},{"type":"Feature","properties":{},"geometry":{"type":"LineString","coordinates":[[-54.3003,-12.4819],[-54.3045,-12.4795]]}},{"type":"Feature","properties":{},"geometry":{"type":"LineString","coordinates":[[-54.4485,-12.4949],[-54.3708,-12.5399]]}},{"type":"Feature","properties":{},"geometry":{"type":"LineString","coordinates":[[-54.1089,-11.3196],[-54.0911,-11.3169],[-54.0798,-11.3103],[-54.0762,-11.3125]]}},{"type":"Feature","properties":{},"geometry":{"type":"LineString","coordinates":[[-54.3946,-11.25],[-54.3943,-11.2503]]}},{"type":"Feature","properties":{},"geometry":{"type":"LineString","coordinates":[[-54.1995,-11.3443],[-54.1599,-11.3059],[-54.1495,-11.3031],[-54.1384,-11.3033]]}},{"type":"Feature","properties":{},"geometry":{"type":"LineString","coordinates":[[-54.1296,-11.3011],[-54.125,-11.3022],[-54.1132,-11.3193],[-54.1118,-11.32],[-54.1089,-11.3196]]}},{"type":"Feature","properties":{},"geometry":{"type":"LineString","coordinates":[[-54.4057,-11.2205],[-54.4211,-11.2313],[-54.4001,-11.2474],[-54.3973,-11.2492],[-54.3946,-11.25]]}},{"type":"Feature","properties":{},"geometry":{"type":"LineString","coordinates":[[-54.3943,-11.2503],[-54.3866,-11.2562],[-54.367,-11.2695],[-54.3655,-11.2713],[-54.3636,-11.2717],[-54.351,-11.2804]]}},{"type":"Feature","properties":{},"geometry":{"type":"LineString","coordinates":[[-54.1301,-11.301],[-54.1327,-11.3001],[-54.1343,-11.2978],[-54.1367,-11.2961],[-54.1457,-11.2823],[-54.157,-11.2671],[-54.1709,-11.2635],[-54.1783,-11.2712],[-54.1984,-11.2542]]}},{"type":"Feature","properties":{},"geometry":{"type":"LineString","coordinates":[[-54.0179,-10.5021],[-54.0886,-10.5551]]}},{"type":"Feature","properties":{},"geometry":{"type":"LineString","coordinates":[[-54.0349,-10.4863],[-53.946,-10.4916],[-53.9448,-10.4906],[-53.9421,-10.4897],[-53.9382,-10.485],[-53.9366,-10.4819],[-53.9343,-10.4802],[-53.934,-10.4761],[-53.9274,-10.4747],[-53.9269,-10.4732],[-53.9292,-10.4678],[-53.9227,-10.4581],[-53.9195,-10.4571],[-53.9176,-10.4614],[-53.8935,-10.4399]]}},{"type":"Feature","properties":{},"geometry":{"type":"LineString","coordinates":[[-54.047,-10.4862],[-54.0493,-10.4887],[-54.0517,-10.4857],[-54.072,-10.4847]]}},{"type":"Feature","properties":{},"geometry":{"type":"LineString","coordinates":[[-54.5275,-11.0439],[-54.5273,-11.0441]]}},{"type":"Feature","properties":{},"geometry":{"type":"LineString","coordinates":[[-54.5273,-11.0441],[-54.5122,-11.0591]]}},{"type":"Feature","properties":{},"geometry":{"type":"LineString","coordinates":[[-54.3042,-10.3348],[-54.3033,-10.3112],[-54.2971,-10.3108],[-54.2975,-10.2933],[-54.3013,-10.2932],[-54.306,-10.2895],[-54.3092,-10.2904],[-54.3107,-10.2923],[-54.3129,-10.2914],[-54.3159,-10.2914],[-54.3191,-10.2906],[-54.3207,-10.2906],[-54.3233,-10.2922],[-54.326,-10.2912],[-54.3293,-10.2929],[-54.3308,-10.2929],[-54.3356,-10.2958],[-54.3355,-10.2968],[-54.3369,-10.298],[-54.3368,-10.3],[-54.3397,-10.3001],[-54.3411,-10.301],[-54.3486,-10.3003],[-54.3523,-10.3007]]}},{"type":"Feature","properties":{},"geometry":{"type":"LineString","coordinates":[[-53.985,-11.0013],[-54.0123,-11.0068]]}},{"type":"Feature","properties":{},"geometry":{"type":"LineString","coordinates":[[-54.0123,-11.0068],[-54.0124,-11.007]]}},{"type":"Feature","properties":{},"geometry":{"type":"LineString","coordinates":[[-53.9536,-10.9444],[-53.9688,-10.9714],[-53.9823,-10.9974],[-53.985,-11.0013]]}},{"type":"Feature","properties":{},"geometry":{"type":"LineString","coordinates":[[-53.7801,-10.7636],[-53.7817,-10.7644],[-53.8322,-10.7362],[-53.833,-10.735],[-53.8344,-10.735],[-53.8452,-10.7289],[-53.8475,-10.7274],[-53.8488,-10.7238],[-53.8496,-10.7233],[-53.8531,-10.7231],[-53.8857,-10.7253],[-53.8875,-10.7253],[-53.8887,-10.7241],[-53.8924,-10.7241],[-53.898,-10.7126],[-53.8985,-10.7094],[-53.9,-10.7084],[-53.9039,-10.6999],[-53.9024,-10.6989],[-53.9017,-10.6972],[-53.905,-10.688]]}},{"type":"Feature","properties":{},"geometry":{"type":"LineString","coordinates":[[-53.7724,-10.9854],[-53.7356,-11.0079],[-53.6892,-11.009],[-53.6887,-11.0086],[-53.6847,-10.9569],[-53.6669,-10.9359],[-53.6756,-10.9258],[-53.6745,-10.8774],[-53.6743,-10.8343]]}},{"type":"Feature","properties":{},"geometry":{"type":"LineString","coordinates":[[-54.2486,-12.237],[-54.2511,-12.2365]]}},{"type":"Feature","properties":{},"geometry":{"type":"LineString","coordinates":[[-54.252,-12.2419],[-54.2553,-12.2426],[-54.2554,-12.2437]]}},{"type":"Feature","properties":{},"geometry":{"type":"LineString","coordinates":[[-54.2499,-12.2389],[-54.2503,-12.2386]]}},{"type":"Feature","properties":{},"geometry":{"type":"LineString","coordinates":[[-54.2569,-12.227],[-54.2544,-12.2268],[-54.2467,-12.2342],[-54.2526,-12.2427]]}},{"type":"Feature","properties":{},"geometry":{"type":"LineString","coordinates":[[-54.2492,-12.2378],[-54.2483,-12.2386]]}},{"type":"Feature","properties":{},"geometry":{"type":"LineString","coordinates":[[-54.2512,-12.2409],[-54.2478,-12.2468]]}},{"type":"Feature","properties":{},"geometry":{"type":"LineString","coordinates":[[-54.2467,-12.2342],[-54.2388,-12.2419]]}},{"type":"Feature","properties":{},"geometry":{"type":"LineString","coordinates":[[-54.2526,-12.2427],[-54.2532,-12.2442]]}},{"type":"Feature","properties":{},"geometry":{"type":"LineString","coordinates":[[-54.4279,-12.5802],[-54.4081,-12.5776]]}},{"type":"Feature","properties":{},"geometry":{"type":"LineString","coordinates":[[-54.4552,-12.5719],[-54.4693,-12.6021],[-54.4724,-12.6054],[-54.4715,-12.6071],[-54.4734,-12.6091],[-54.4769,-12.6186],[-54.477,-12.6199],[-54.4788,-12.6219],[-54.4874,-12.6414],[-54.4888,-12.6432],[-54.5026,-12.6732],[-54.5074,-12.6729],[-54.5091,-12.6738],[-54.5107,-12.6763],[-54.5106,-12.6804],[-54.5093,-12.6871],[-54.5203,-12.7119],[-54.5228,-12.7233],[-54.5238,-12.7241],[-54.5251,-12.7275],[-54.5242,-12.7296],[-54.5333,-12.7685]]}},{"type":"Feature","properties":{},"geometry":{"type":"LineString","coordinates":[[-54.5127,-11.0851],[-54.5133,-11.0848]]}},{"type":"Feature","properties":{},"geometry":{"type":"LineString","coordinates":[[-54.5233,-11.0892],[-54.5231,-11.0894]]}},{"type":"Feature","properties":{},"geometry":{"type":"LineString","coordinates":[[-54.5261,-11.0885],[-54.5249,-11.0896]]}},{"type":"Feature","properties":{},"geometry":{"type":"LineString","coordinates":[[-54.5238,-11.085],[-54.5233,-11.0856]]}},{"type":"Feature","properties":{},"geometry":{"type":"LineString","coordinates":[[-54.5217,-11.0853],[-54.5216,-11.0852]]}},{"type":"Feature","properties":{},"geometry":{"type":"LineString","coordinates":[[-54.2007,-11.2522],[-54.1997,-11.2511]]}},{"type":"Feature","properties":{},"geometry":{"type":"LineString","coordinates":[[-54.2007,-11.2522],[-54.2038,-11.2496]]}},{"type":"Feature","properties":{},"geometry":{"type":"LineString","coordinates":[[-54.2007,-11.2522],[-54.2007,-11.2523]]}},{"type":"Feature","properties":{},"geometry":{"type":"LineString","coordinates":[[-54.1997,-11.2511],[-54.1921,-11.2426],[-54.188,-11.239]]}},{"type":"Feature","properties":{},"geometry":{"type":"LineString","coordinates":[[-54.2007,-11.2523],[-54.2027,-11.2546]]}},{"type":"Feature","properties":{},"geometry":{"type":"LineString","coordinates":[[-54.2044,-11.2502],[-54.1989,-11.2548]]}},{"type":"Feature","properties":{},"geometry":{"type":"LineString","coordinates":[[-54.2048,-11.2507],[-54.1994,-11.2554]]}},{"type":"Feature","properties":{},"geometry":{"type":"LineString","coordinates":[[-54.2004,-11.2504],[-54.2035,-11.2539]]}},{"type":"Feature","properties":{},"geometry":{"type":"LineString","coordinates":[[-54.2033,-11.249],[-54.1979,-11.2536]]}},{"type":"Feature","properties":{},"geometry":{"type":"LineString","coordinates":[[-54.1999,-11.256],[-54.1984,-11.2543]]}},{"type":"Feature","properties":{},"geometry":{"type":"LineString","coordinates":[[-54.2027,-11.2546],[-54.2011,-11.2559]]}},{"type":"Feature","properties":{},"geometry":{"type":"LineString","coordinates":[[-54.202,-11.2552],[-54.1989,-11.2517]]}},{"type":"Feature","properties":{},"geometry":{"type":"LineString","coordinates":[[-54.1989,-11.2517],[-54.2027,-11.2484]]}},{"type":"Feature","properties":{},"geometry":{"type":"LineString","coordinates":[[-54.2046,-11.252],[-54.2019,-11.2491]]}},{"type":"Feature","properties":{},"geometry":{"type":"LineString","coordinates":[[-54.2038,-11.2526],[-54.2012,-11.2497]]}},{"type":"Feature","properties":{},"geometry":{"type":"LineString","coordinates":[[-54.2012,-11.2497],[-54.1961,-11.244]]}},{"type":"Feature","properties":{},"geometry":{"type":"LineString","coordinates":[[-54.2011,-11.2559],[-54.1986,-11.2529]]}},{"type":"Feature","properties":{},"geometry":{"type":"LineString","coordinates":[[-54.1999,-11.256],[-54.2038,-11.2526]]}},{"type":"Feature","properties":{},"geometry":{"type":"LineString","coordinates":[[-54.2019,-11.2491],[-54.2014,-11.2484]]}},{"type":"Feature","properties":{},"geometry":{"type":"LineString","coordinates":[[-54.1979,-11.2547],[-54.1937,-11.2505]]}},{"type":"Feature","properties":{},"geometry":{"type":"LineString","coordinates":[[-54.1949,-11.2572],[-54.191,-11.2528]]}},{"type":"Feature","properties":{},"geometry":{"type":"LineString","coordinates":[[-54.1962,-11.2561],[-54.1923,-11.2517]]}},{"type":"Feature","properties":{},"geometry":{"type":"LineString","coordinates":[[-54.1947,-11.2544],[-54.1934,-11.2555]]}},{"type":"Feature","properties":{},"geometry":{"type":"LineString","coordinates":[[-54.1971,-11.2544],[-54.1957,-11.2555]]}},{"type":"Feature","properties":{},"geometry":{"type":"LineString","coordinates":[[-54.1969,-11.2555],[-54.1964,-11.2549]]}},{"type":"Feature","properties":{},"geometry":{"type":"LineString","coordinates":[[-54.1937,-11.2505],[-54.1897,-11.254]]}},{"type":"Feature","properties":{},"geometry":{"type":"LineString","coordinates":[[-54.1897,-11.254],[-54.1934,-11.2584]]}},{"type":"Feature","properties":{},"geometry":{"type":"LineString","coordinates":[[-54.2063,-11.2594],[-54.1984,-11.2662],[-54.2042,-11.273]]}},{"type":"Feature","properties":{},"geometry":{"type":"LineString","coordinates":[[-54.2063,-11.259],[-54.2065,-11.2594]]}},{"type":"Feature","properties":{},"geometry":{"type":"LineString","coordinates":[[-54.2061,-11.2476],[-54.2001,-11.2408]]}},{"type":"Feature","properties":{},"geometry":{"type":"LineString","coordinates":[[-54.209,-11.2452],[-54.2076,-11.2436]]}},{"type":"Feature","properties":{},"geometry":{"type":"LineString","coordinates":[[-54.3254,-11.1858],[-54.3253,-11.1852],[-54.3234,-11.1847],[-54.3231,-11.184],[-54.3354,-11.1681],[-54.3483,-11.1769]]}},{"type":"Feature","properties":{},"geometry":{"type":"LineString","coordinates":[[-54.3253,-11.1852],[-54.3262,-11.1856]]}},{"type":"Feature","properties":{},"geometry":{"type":"LineString","coordinates":[[-54.3354,-11.1681],[-54.3355,-11.1677]]}},{"type":"Feature","properties":{},"geometry":{"type":"LineString","coordinates":[[-54.3355,-11.1677],[-54.33,-11.1636],[-54.3379,-11.152],[-54.3271,-11.1438],[-54.3246,-11.1465],[-54.301,-11.1288]]}},{"type":"Feature","properties":{},"geometry":{"type":"LineString","coordinates":[[-54.5162,-11.0824],[-54.5158,-11.082],[-54.5144,-11.0828],[-54.5151,-11.0835],[-54.5162,-11.0824]]}},{"type":"Feature","properties":{},"geometry":{"type":"LineString","coordinates":[[-54.2899,-11.0625],[-54.2938,-11.0635],[-54.304,-11.0211]]}},{"type":"Feature","properties":{},"geometry":{"type":"LineString","coordinates":[[-54.2866,-11.0643],[-54.288,-11.0621],[-54.2899,-11.0625]]}},{"type":"Feature","properties":{},"geometry":{"type":"LineString","coordinates":[[-54.288,-11.0621],[-54.2817,-11.0607]]}},{"type":"Feature","properties":{},"geometry":{"type":"LineString","coordinates":[[-54.2826,-11.0596],[-54.2823,-11.0608]]}},{"type":"Feature","properties":{},"geometry":{"type":"LineString","coordinates":[[-54.2833,-11.0597],[-54.283,-11.061]]}},{"type":"Feature","properties":{},"geometry":{"type":"LineString","coordinates":[[-54.2864,-11.0605],[-54.2855,-11.064],[-54.2866,-11.0643]]}},{"type":"Feature","properties":{},"geometry":{"type":"LineString","coordinates":[[-54.2873,-11.0632],[-54.2858,-11.0628]]}},{"type":"Feature","properties":{},"geometry":{"type":"LineString","coordinates":[[-54.2845,-11.06],[-54.2842,-11.0613]]}},{"type":"Feature","properties":{},"geometry":{"type":"LineString","coordinates":[[-54.288,-11.0621],[-54.2888,-11.061]]}},{"type":"Feature","properties":{},"geometry":{"type":"LineString","coordinates":[[-54.3643,-11.0774],[-54.3612,-11.0924]]}},{"type":"Feature","properties":{},"geometry":{"type":"LineString","coordinates":[[-54.358,-11.076],[-54.3551,-11.091]]}},{"type":"Feature","properties":{},"geometry":{"type":"LineString","coordinates":[[-54.3449,-11.0732],[-54.3428,-11.0805],[-54.342,-11.0914]]}},{"type":"Feature","properties":{},"geometry":{"type":"LineString","coordinates":[[-54.3817,-11.0812],[-54.3889,-11.0537],[-54.385,-11.0521],[-54.3777,-11.0463],[-54.3753,-11.0455],[-54.3672,-11.0361],[-54.365,-11.0355],[-54.3616,-11.032]]}},{"type":"Feature","properties":{},"geometry":{"type":"LineString","coordinates":[[-54.3378,-11.0716],[-54.336,-11.0564]]}},{"type":"Feature","properties":{},"geometry":{"type":"LineString","coordinates":[[-54.5122,-11.0909],[-54.5109,-11.0922]]}},{"type":"Feature","properties":{},"geometry":{"type":"LineString","coordinates":[[-54.5112,-11.0942],[-54.5111,-11.0941]]}},{"type":"Feature","properties":{},"geometry":{"type":"LineString","coordinates":[[-54.5148,-11.0903],[-54.525,-11.0807]]}},{"type":"Feature","properties":{},"geometry":{"type":"LineString","coordinates":[[-54.512,-11.0933],[-54.5126,-11.0938]]}},{"type":"Feature","properties":{},"geometry":{"type":"LineString","coordinates":[[-54.5156,-11.0944],[-54.5133,-11.0921]]}},{"type":"Feature","properties":{},"geometry":{"type":"LineString","coordinates":[[-54.5263,-11.0897],[-54.5261,-11.0885],[-54.5218,-11.084]]}},{"type":"Feature","properties":{},"geometry":{"type":"LineString","coordinates":[[-54.5269,-11.0915],[-54.5275,-11.0909]]}},{"type":"Feature","properties":{},"geometry":{"type":"LineString","coordinates":[[-54.5275,-11.0909],[-54.5259,-11.0893]]}},{"type":"Feature","properties":{},"geometry":{"type":"LineString","coordinates":[[-54.5147,-11.0909],[-54.5093,-11.096]]}},{"type":"Feature","properties":{},"geometry":{"type":"LineString","coordinates":[[-54.5147,-11.0909],[-54.5145,-11.0906]]}},{"type":"Feature","properties":{},"geometry":{"type":"LineString","coordinates":[[-54.5171,-11.0884],[-54.5171,-11.0885]]}},{"type":"Feature","properties":{},"geometry":{"type":"LineString","coordinates":[[-54.5156,-11.0898],[-54.5157,-11.0899]]}},{"type":"Feature","properties":{},"geometry":{"type":"LineString","coordinates":[[-54.5226,-11.0833],[-54.5235,-11.0842]]}},{"type":"Feature","properties":{},"geometry":{"type":"LineString","coordinates":[[-54.5222,-11.0836],[-54.5221,-11.0835]]}},{"type":"Feature","properties":{},"geometry":{"type":"LineString","coordinates":[[-54.5211,-11.0847],[-54.5218,-11.0854]]}},{"type":"Feature","properties":{},"geometry":{"type":"LineString","coordinates":[[-54.5199,-11.0858],[-54.5114,-11.0774]]}},{"type":"Feature","properties":{},"geometry":{"type":"LineString","coordinates":[[-54.5178,-11.0876],[-54.5205,-11.0902]]}},{"type":"Feature","properties":{},"geometry":{"type":"LineString","coordinates":[[-54.5177,-11.0875],[-54.5178,-11.0876]]}},{"type":"Feature","properties":{},"geometry":{"type":"LineString","coordinates":[[-54.5165,-11.0878],[-54.5171,-11.0884]]}},{"type":"Feature","properties":{},"geometry":{"type":"LineString","coordinates":[[-54.2063,-11.2588],[-54.2071,-11.2587]]}},{"type":"Feature","properties":{},"geometry":{"type":"LineString","coordinates":[[-54.4793,-11.1129],[-54.4893,-11.103],[-54.4927,-11.1063]]}},{"type":"Feature","properties":{},"geometry":{"type":"LineString","coordinates":[[-54.4749,-11.0233],[-54.4845,-11.0125],[-54.4873,-11.0115],[-54.4891,-11.0132],[-54.49,-11.0132],[-54.4988,-11.0042],[-54.4986,-11.0022],[-54.5011,-11.0018],[-54.5042,-10.9989],[-54.5051,-10.9987],[-54.5053,-10.9976],[-54.5078,-10.9951],[-54.5079,-10.9944]]}},{"type":"Feature","properties":{},"geometry":{"type":"LineString","coordinates":[[-54.4513,-11.001],[-54.4236,-11.0285],[-54.4087,-11.016]]}},{"type":"Feature","properties":{},"geometry":{"type":"LineString","coordinates":[[-54.4385,-10.9882],[-54.4692,-10.957],[-54.4617,-10.9493],[-54.4629,-10.9479]]}},{"type":"Feature","properties":{},"geometry":{"type":"LineString","coordinates":[[-54.4596,-10.9538],[-54.454,-10.9594]]}},{"type":"Feature","properties":{},"geometry":{"type":"LineString","coordinates":[[-54.4692,-10.9569],[-54.4896,-10.9771]]}},{"type":"Feature","properties":{},"geometry":{"type":"LineString","coordinates":[[-54.4164,-10.4466],[-54.4175,-10.4489]]}},{"type":"Feature","properties":{},"geometry":{"type":"LineString","coordinates":[[-54.4175,-10.4489],[-54.4157,-10.4499]]}},{"type":"Feature","properties":{},"geometry":{"type":"LineString","coordinates":[[-54.4157,-10.4499],[-54.4144,-10.4476]]}},{"type":"Feature","properties":{},"geometry":{"type":"LineString","coordinates":[[-54.4153,-10.4471],[-54.4179,-10.4516]]}},{"type":"Feature","properties":{},"geometry":{"type":"LineString","coordinates":[[-54.4172,-10.4483],[-54.4145,-10.4497]]}},{"type":"Feature","properties":{},"geometry":{"type":"LineString","coordinates":[[-54.4168,-10.4476],[-54.4144,-10.4489]]}},{"type":"Feature","properties":{},"geometry":{"type":"LineString","coordinates":[[-54.4144,-10.4489],[-54.4168,-10.4475]]}},{"type":"Feature","properties":{},"geometry":{"type":"LineString","coordinates":[[-54.51,-11.6471],[-54.5273,-11.6319],[-54.5732,-11.5967]]}},{"type":"Feature","properties":{},"geometry":{"type":"LineString","coordinates":[[-54.51,-11.6471],[-54.5549,-11.6626],[-54.5618,-11.6642],[-54.5656,-11.6636],[-54.5756,-11.6518],[-54.5947,-11.6316]]}},{"type":"Feature","properties":{},"geometry":{"type":"LineString","coordinates":[[-54.6767,-11.8982],[-54.6584,-11.8952],[-54.6407,-11.91],[-54.6165,-11.9317],[-54.5744,-11.9395],[-54.5715,-11.9394],[-54.57,-11.9379],[-54.5667,-11.9367],[-54.5613,-11.9372],[-54.5574,-11.9401],[-54.5552,-11.9453],[-54.4712,-11.9302],[-54.4694,-11.9311],[-54.4663,-11.9307],[-54.3866,-11.9179]]}},{"type":"Feature","properties":{},"geometry":{"type":"LineString","coordinates":[[-54.3078,-10.387],[-54.3099,-10.3865],[-54.3108,-10.3848],[-54.3145,-10.3839],[-54.3149,-10.3826],[-54.3172,-10.3824],[-54.3184,-10.3799],[-54.3191,-10.3764],[-54.3164,-10.3754],[-54.3148,-10.3732],[-54.3113,-10.3716],[-54.3069,-10.3558],[-54.3054,-10.3536],[-54.2994,-10.3364],[-54.2982,-10.3356]]}},{"type":"Feature","properties":{},"geometry":{"type":"LineString","coordinates":[[-54.4027,-11.4604],[-54.5012,-11.4398]]}},{"type":"Feature","properties":{},"geometry":{"type":"LineString","coordinates":[[-54.5217,-11.5413],[-54.4557,-11.4494]]}},{"type":"Feature","properties":{},"geometry":{"type":"LineString","coordinates":[[-54.4624,-11.4588],[-54.4207,-11.474],[-54.4182,-11.4692],[-54.3568,-11.522]]}},{"type":"Feature","properties":{},"geometry":{"type":"LineString","coordinates":[[-54.1263,-11.6543],[-54.2016,-11.592],[-54.2052,-11.5935],[-54.2241,-11.5887],[-54.2175,-11.5847],[-54.2348,-11.5853],[-54.2542,-11.5709],[-54.2633,-11.568]]}},{"type":"Feature","properties":{},"geometry":{"type":"LineString","coordinates":[[-54.3696,-11.5389],[-54.3766,-11.5329],[-54.3786,-11.5354],[-54.4011,-11.5164],[-54.4104,-11.5288],[-54.4127,-11.5272],[-54.4142,-11.5271],[-54.442,-11.5414],[-54.4553,-11.5607],[-54.4653,-11.5791],[-54.4667,-11.5789],[-54.5049,-11.642],[-54.5075,-11.646],[-54.51,-11.6471]]}},{"type":"Feature","properties":{},"geometry":{"type":"LineString","coordinates":[[-54.5661,-10.3672],[-54.5404,-10.3472],[-54.5394,-10.3451],[-54.5362,-10.3429],[-54.5348,-10.3426],[-54.4982,-10.3133]]}},{"type":"Feature","properties":{},"geometry":{"type":"LineString","coordinates":[[-54.4334,-10.3537],[-54.4315,-10.352],[-54.4318,-10.351],[-54.4342,-10.3496],[-54.4341,-10.3465],[-54.4315,-10.345],[-54.4301,-10.343],[-54.4284,-10.3426],[-54.4272,-10.3409],[-54.4224,-10.3421],[-54.4211,-10.3402],[-54.4186,-10.3416],[-54.4153,-10.3407],[-54.4131,-10.3431],[-54.3966,-10.333]]}},{"type":"Feature","properties":{},"geometry":{"type":"LineString","coordinates":[[-54.4956,-10.4202],[-54.4224,-10.3699],[-54.4334,-10.3537]]}},{"type":"Feature","properties":{},"geometry":{"type":"LineString","coordinates":[[-54.2041,-10.3297],[-54.129,-10.3246],[-54.1284,-10.3255],[-54.1219,-10.325]]}},{"type":"Feature","properties":{},"geometry":{"type":"LineString","coordinates":[[-54.2971,-10.2992],[-54.2907,-10.2996],[-54.29,-10.306],[-54.2885,-10.3072],[-54.2847,-10.3027],[-54.2829,-10.3025],[-54.2791,-10.2994],[-54.2618,-10.2982],[-54.2606,-10.2968],[-54.2604,-10.2944],[-54.258,-10.2916],[-54.2557,-10.2908],[-54.2534,-10.2912],[-54.2498,-10.2886],[-54.2475,-10.2891],[-54.2435,-10.2885],[-54.2371,-10.2919],[-54.2311,-10.291],[-54.2269,-10.2895],[-54.2222,-10.2928],[-54.2176,-10.2935],[-54.2163,-10.295],[-54.2107,-10.2947],[-54.2097,-10.2955]]}},{"type":"Feature","properties":{},"geometry":{"type":"LineString","coordinates":[[-54.2426,-10.3324],[-54.2339,-10.3573],[-54.2328,-10.3581],[-54.233,-10.3598],[-54.2151,-10.4153],[-54.214,-10.4196],[-54.2141,-10.4219]]}},{"type":"Feature","properties":{},"geometry":{"type":"LineString","coordinates":[[-54.2031,-10.368],[-54.1562,-10.3665],[-54.1372,-10.3667],[-54.0948,-10.3648],[-54.0952,-10.3504],[-54.0865,-10.349],[-54.0858,-10.3506],[-54.055,-10.3461],[-54.0599,-10.3291]]}},{"type":"Feature","properties":{},"geometry":{"type":"LineString","coordinates":[[-54.1387,-10.3666],[-54.1395,-10.3478],[-54.139,-10.3472],[-54.1401,-10.3377],[-54.1416,-10.3372],[-54.1426,-10.3256]]}},{"type":"Feature","properties":{},"geometry":{"type":"LineString","coordinates":[[-53.9805,-10.3598],[-53.9781,-10.3553],[-53.9781,-10.354],[-53.9766,-10.3529],[-53.9763,-10.3517],[-53.9722,-10.3466],[-53.9708,-10.342],[-53.9685,-10.3404],[-53.9298,-10.2826],[-53.9284,-10.2822],[-53.9263,-10.2794],[-53.9273,-10.2778],[-53.9274,-10.2755],[-53.9294,-10.2726],[-53.9293,-10.2716],[-53.9254,-10.2723],[-53.9233,-10.2704],[-53.9004,-10.2265],[-53.8789,-10.1882]]}},{"type":"Feature","properties":{},"geometry":{"type":"LineString","coordinates":[[-54.5259,-11.3778],[-54.5061,-11.39]]}},{"type":"Feature","properties":{},"geometry":{"type":"LineString","coordinates":[[-54.5834,-10.5943],[-54.5817,-10.5952],[-54.5766,-10.5937],[-54.5659,-10.5816],[-54.5638,-10.5806],[-54.5631,-10.5784],[-54.5555,-10.5702],[-54.5548,-10.5684],[-54.5511,-10.568],[-54.5507,-10.5712]]}},{"type":"Feature","properties":{},"geometry":{"type":"LineString","coordinates":[[-54.4675,-10.499],[-54.4644,-10.502],[-54.464,-10.5046],[-54.4661,-10.5057],[-54.4669,-10.5075],[-54.4624,-10.5106],[-54.4571,-10.5177],[-54.457,-10.5197]]}},{"type":"Feature","properties":{},"geometry":{"type":"LineString","coordinates":[[-54.4268,-10.441],[-54.4655,-10.4662],[-54.4671,-10.4678],[-54.4696,-10.4748]]}},{"type":"Feature","properties":{},"geometry":{"type":"LineString","coordinates":[[-54.3966,-10.333],[-54.3951,-10.3358],[-54.3944,-10.3388],[-54.3934,-10.3401],[-54.3924,-10.3403],[-54.392,-10.3419],[-54.3893,-10.3456],[-54.388,-10.3448],[-54.3859,-10.3415],[-54.3838,-10.3416],[-54.3803,-10.3388],[-54.3705,-10.3385],[-54.3688,-10.337],[-54.3647,-10.3359],[-54.3617,-10.3381],[-54.3549,-10.3379],[-54.3512,-10.3358],[-54.3489,-10.3364],[-54.3487,-10.3377],[-54.3393,-10.3376],[-54.3308,-10.3413]]}},{"type":"Feature","properties":{},"geometry":{"type":"LineString","coordinates":[[-54.1219,-10.325],[-54.1198,-10.3247],[-54.1205,-10.3033],[-54.1138,-10.303],[-54.1121,-10.3023],[-54.1117,-10.3029],[-54.104,-10.3025],[-54.1028,-10.3014],[-54.1019,-10.3024],[-54.1005,-10.3022]]}},{"type":"Feature","properties":{},"geometry":{"type":"LineString","coordinates":[[-54.351,-11.2804],[-54.3374,-11.2898],[-54.3708,-11.3487],[-54.3732,-11.3785],[-54.4039,-11.3561],[-54.4306,-11.4074],[-54.4381,-11.4075],[-54.4393,-11.4233],[-54.4481,-11.4382],[-54.4538,-11.4498]]}},{"type":"Feature","properties":{},"geometry":{"type":"LineString","coordinates":[[-54.1041,-11.4146],[-54.0997,-11.3787],[-54.1029,-11.3629],[-54.097,-11.343],[-54.0681,-11.3007]]}},{"type":"Feature","properties":{},"geometry":{"type":"LineString","coordinates":[[-54.5295,-10.4649],[-54.5178,-10.4829]]}},{"type":"Feature","properties":{},"geometry":{"type":"LineString","coordinates":[[-53.9709,-10.3436],[-53.9682,-10.3461],[-53.9684,-10.347],[-53.9676,-10.3484],[-53.9676,-10.3505],[-53.9669,-10.3519],[-53.9683,-10.3534],[-53.9684,-10.3549],[-53.9673,-10.3557],[-53.9663,-10.3594],[-53.9638,-10.3593],[-53.9622,-10.3605],[-53.962,-10.3621],[-53.9588,-10.3626],[-53.9576,-10.3621],[-53.9573,-10.3606],[-53.9565,-10.361],[-53.9524,-10.3604],[-53.9489,-10.3582],[-53.9449,-10.3583],[-53.9396,-10.3555],[-53.9363,-10.3476],[-53.9344,-10.3455],[-53.932,-10.3449],[-53.9305,-10.3438],[-53.9319,-10.3412],[-53.9308,-10.336],[-53.9298,-10.3346],[-53.9283,-10.3344],[-53.9207,-10.3296],[-53.916,-10.3258],[-53.9072,-10.3313],[-53.9026,-10.3306],[-53.9,-10.3326],[-53.8989,-10.3293],[-53.8915,-10.3155],[-53.8916,-10.3137],[-53.8891,-10.3124],[-53.8919,-10.2927],[-53.8928,-10.29],[-53.8937,-10.281],[-53.8945,-10.2802]]}},{"type":"Feature","properties":{},"geometry":{"type":"LineString","coordinates":[[-53.964,-10.3335],[-53.9295,-10.3345]]}},{"type":"Feature","properties":{},"geometry":{"type":"LineString","coordinates":[[-53.9432,-10.3029],[-53.9155,-10.3234],[-53.9159,-10.3257]]}},{"type":"Feature","properties":{},"geometry":{"type":"LineString","coordinates":[[-54.5833,-10.5004],[-54.5814,-10.5032],[-54.5786,-10.5055],[-54.5779,-10.5072],[-54.5751,-10.5096],[-54.5746,-10.5131],[-54.5751,-10.5153],[-54.5792,-10.5175],[-54.5799,-10.5167],[-54.5803,-10.5172],[-54.5792,-10.5228]]}},{"type":"Feature","properties":{},"geometry":{"type":"LineString","coordinates":[[-54.1228,-10.3954],[-54.1146,-10.3926],[-54.114,-10.3894],[-54.1117,-10.3837],[-54.1123,-10.3753],[-54.1114,-10.3735],[-54.1125,-10.3719],[-54.1128,-10.3656]]}},{"type":"Feature","properties":{},"geometry":{"type":"LineString","coordinates":[[-54.0294,-11.3912],[-53.9981,-11.3809],[-53.9799,-11.3875],[-53.9503,-11.3996],[-53.8913,-11.4251]]}},{"type":"Feature","properties":{},"geometry":{"type":"LineString","coordinates":[[-53.8588,-11.3363],[-53.8596,-11.3379],[-53.8593,-11.3424],[-53.8624,-11.3447],[-53.8635,-11.3424],[-53.865,-11.3423],[-53.8671,-11.3438],[-53.8697,-11.3445],[-53.8719,-11.3442],[-53.8735,-11.346],[-53.8736,-11.3492],[-53.872,-11.3508],[-53.8726,-11.3557],[-53.8699,-11.3569],[-53.8675,-11.3609],[-53.8662,-11.3614],[-53.8657,-11.3624],[-53.8835,-11.378],[-53.9246,-11.4104]]}},{"type":"Feature","properties":{},"geometry":{"type":"LineString","coordinates":[[-54.1402,-10.4025],[-54.1421,-10.3943],[-54.141,-10.3909],[-54.1428,-10.3849],[-54.1426,-10.3841],[-54.139,-10.3838],[-54.14,-10.3667]]}},{"type":"Feature","properties":{},"geometry":{"type":"LineString","coordinates":[[-54.2752,-11.5646],[-54.2584,-11.546],[-54.2532,-11.512],[-54.228,-11.5323]]}},{"type":"Feature","properties":{},"geometry":{"type":"LineString","coordinates":[[-54.0471,-10.3451],[-54.0493,-10.3522],[-54.0409,-10.3642],[-54.0562,-10.4004],[-54.0587,-10.4012],[-54.0614,-10.4057],[-54.0603,-10.4105],[-54.0673,-10.4262]]}},{"type":"Feature","properties":{},"geometry":{"type":"LineString","coordinates":[[-53.9458,-10.4915],[-53.9214,-10.5285],[-53.893,-10.5178],[-53.8894,-10.5218],[-53.8032,-10.4628],[-53.7622,-10.4339],[-53.7125,-10.4611],[-53.7085,-10.4604],[-53.7075,-10.462],[-53.7074,-10.4644],[-53.6637,-10.4891],[-53.6621,-10.5153]]}},{"type":"Feature","properties":{},"geometry":{"type":"LineString","coordinates":[[-53.7364,-10.5398],[-53.7851,-10.4499]]}},{"type":"Feature","properties":{},"geometry":{"type":"LineString","coordinates":[[-53.8745,-10.5114],[-53.9163,-10.4649],[-53.9177,-10.4613]]}},{"type":"Feature","properties":{},"geometry":{"type":"LineString","coordinates":[[-54.0309,-11.3917],[-54.0214,-11.3684],[-54.0215,-11.3669],[-54.0202,-11.3655],[-54.0111,-11.3426],[-54.0082,-11.3397],[-53.9791,-11.3311],[-53.9518,-11.3221],[-53.9212,-11.311],[-53.8948,-11.3]]}},{"type":"Feature","properties":{},"geometry":{"type":"LineString","coordinates":[[-54.0083,-11.3397],[-54.0095,-11.2883],[-54.0093,-11.2876],[-54.0023,-11.2851],[-54.0026,-11.2602]]}},{"type":"Feature","properties":{},"geometry":{"type":"LineString","coordinates":[[-53.7866,-10.5384],[-53.7874,-10.5462],[-53.7889,-10.547],[-53.7895,-10.5531],[-53.8016,-10.5546],[-53.8016,-10.5628],[-53.8036,-10.5672],[-53.8033,-10.5685],[-53.8041,-10.5691],[-53.8164,-10.6005],[-53.8372,-10.6571],[-53.8371,-10.6582],[-53.855,-10.7091],[-53.87,-10.7242]]}},{"type":"Feature","properties":{},"geometry":{"type":"LineString","coordinates":[[-53.9733,-11.3292],[-53.9757,-11.2815],[-53.973,-11.2794],[-53.9755,-11.2748],[-53.9718,-11.2745],[-53.9733,-11.2738],[-53.9733,-11.2731],[-53.9698,-11.2698],[-53.9668,-11.2684],[-53.9642,-11.2687],[-53.9654,-11.2572]]}},{"type":"Feature","properties":{},"geometry":{"type":"LineString","coordinates":[[-53.8906,-11.3335],[-53.9032,-11.3377],[-53.91,-11.3193],[-53.912,-11.3164],[-53.9146,-11.3084]]}},{"type":"Feature","properties":{},"geometry":{"type":"LineString","coordinates":[[-54.0915,-10.7574],[-54.0665,-10.706],[-54.0558,-10.6895],[-54.0489,-10.6805],[-54.0808,-10.6666],[-54.0817,-10.667],[-54.0823,-10.6659],[-54.091,-10.6621],[-54.0908,-10.6592],[-54.0922,-10.6567],[-54.089,-10.6543],[-54.0887,-10.6521],[-54.0869,-10.6502],[-54.0871,-10.6462],[-54.0861,-10.6433],[-54.0874,-10.6424],[-54.0875,-10.6409],[-54.0652,-10.6235],[-54.0606,-10.6318],[-54.0554,-10.6348],[-54.0031,-10.5966],[-53.9995,-10.5973],[-53.9962,-10.5959],[-53.9949,-10.5936],[-53.9947,-10.5907],[-53.9728,-10.5767],[-53.9679,-10.5754],[-53.9664,-10.5776],[-53.9627,-10.5769],[-53.96,-10.5741],[-53.9543,-10.5732],[-53.9468,-10.5661],[-53.9446,-10.5678],[-53.9381,-10.5617],[-53.9355,-10.5634],[-53.9329,-10.5623],[-53.9308,-10.5593]]}},{"type":"Feature","properties":{},"geometry":{"type":"LineString","coordinates":[[-54.1925,-10.7142],[-54.1741,-10.7086],[-54.1606,-10.6978],[-54.1586,-10.6973],[-54.1581,-10.6959],[-54.1547,-10.6932],[-54.1546,-10.6925],[-54.1557,-10.6917],[-54.1545,-10.6893],[-54.1518,-10.6892],[-54.1506,-10.6874],[-54.1486,-10.6884],[-54.1217,-10.6673],[-54.1223,-10.662],[-54.1209,-10.6593],[-54.1218,-10.6568],[-54.12,-10.6543],[-54.1212,-10.6518],[-54.1195,-10.65],[-54.1173,-10.6496],[-54.1122,-10.6467],[-54.1109,-10.6469],[-54.1088,-10.6492],[-54.1043,-10.6487],[-54.0991,-10.6499],[-54.0875,-10.6409]]}},{"type":"Feature","properties":{},"geometry":{"type":"LineString","coordinates":[[-54.4014,-10.5027],[-54.3998,-10.5041],[-54.3974,-10.5046],[-54.3961,-10.5075],[-54.3957,-10.5098],[-54.3974,-10.5203],[-54.3923,-10.531],[-54.391,-10.538],[-54.3888,-10.5433],[-54.3882,-10.5477],[-54.3865,-10.5488],[-54.3865,-10.5503],[-54.3877,-10.5515],[-54.3847,-10.5817],[-54.3856,-10.584],[-54.3838,-10.5878],[-54.382,-10.5889],[-54.3821,-10.5946],[-54.3726,-10.5916],[-54.3689,-10.5885],[-54.3676,-10.5899],[-54.3423,-10.5808]]}},{"type":"Feature","properties":{},"geometry":{"type":"LineString","coordinates":[[-54.4778,-10.5676],[-54.4813,-10.5665],[-54.4822,-10.5678],[-54.4869,-10.5684],[-54.4886,-10.5701],[-54.4907,-10.5688],[-54.4941,-10.5697],[-54.4982,-10.5672],[-54.5019,-10.5675],[-54.5057,-10.5688],[-54.5096,-10.5716],[-54.5138,-10.5707],[-54.5158,-10.5716],[-54.5165,-10.5733],[-54.516,-10.5765],[-54.5168,-10.5772],[-54.5213,-10.5731],[-54.5262,-10.5733],[-54.5272,-10.5766],[-54.529,-10.5772],[-54.5314,-10.5768],[-54.5327,-10.5783],[-54.5325,-10.5802],[-54.5344,-10.584],[-54.533,-10.5854],[-54.5333,-10.586],[-54.5325,-10.588],[-54.5336,-10.5899],[-54.5343,-10.5902],[-54.535,-10.5892],[-54.5357,-10.59],[-54.5347,-10.5935],[-54.535,-10.5941],[-54.5379,-10.5966],[-54.5395,-10.5968],[-54.5408,-10.5984],[-54.5428,-10.5996],[-54.5427,-10.6009],[-54.5434,-10.6017],[-54.548,-10.6033],[-54.5492,-10.6048],[-54.5487,-10.6055],[-54.5491,-10.6062],[-54.5497,-10.6067],[-54.551,-10.6064],[-54.5516,-10.6085],[-54.5464,-10.6139],[-54.545,-10.6139],[-54.5384,-10.6164],[-54.536,-10.6153],[-54.5348,-10.6158],[-54.5307,-10.6147],[-54.5296,-10.6167],[-54.5303,-10.6181],[-54.53,-10.62],[-54.5284,-10.6234],[-54.5261,-10.6243],[-54.5247,-10.6274],[-54.5232,-10.6279],[-54.5188,-10.627],[-54.518,-10.6279],[-54.5174,-10.6305],[-54.5162,-10.6313],[-54.5152,-10.6334],[-54.5133,-10.6338],[-54.5108,-10.6334],[-54.5043,-10.6308],[-54.5029,-10.6311],[-54.5013,-10.6323],[-54.4998,-10.6316],[-54.4974,-10.6321],[-54.4956,-10.6314],[-54.4933,-10.6288],[-54.4921,-10.6291],[-54.4905,-10.6259],[-54.4876,-10.625],[-54.4855,-10.6222],[-54.4841,-10.6227],[-54.4759,-10.6222],[-54.4641,-10.6161],[-54.4603,-10.616],[-54.4578,-10.6168],[-54.4514,-10.616],[-54.4475,-10.6139],[-54.4484,-10.6186],[-54.4424,-10.6238]]}},{"type":"Feature","properties":{},"geometry":{"type":"LineString","coordinates":[[-54.4922,-10.6292],[-54.4874,-10.6329],[-54.481,-10.6326],[-54.4746,-10.6318],[-54.4706,-10.6291],[-54.4679,-10.6297],[-54.4618,-10.6291],[-54.4587,-10.6276],[-54.45,-10.6256]]}},{"type":"Feature","properties":{},"geometry":{"type":"LineString","coordinates":[[-53.8833,-10.5638],[-53.9247,-10.6427],[-53.9313,-10.652],[-53.9347,-10.6596],[-53.9434,-10.6571],[-53.9445,-10.6576],[-53.9446,-10.6568],[-53.9456,-10.6564],[-53.9469,-10.6571],[-53.9485,-10.6554],[-53.9754,-10.6463],[-53.9755,-10.649],[-53.9767,-10.6507],[-53.9781,-10.6516],[-53.9797,-10.6506],[-53.9811,-10.651],[-53.9836,-10.6536],[-53.9846,-10.6556],[-53.9803,-10.6652],[-53.982,-10.6692],[-53.983,-10.67],[-53.9871,-10.6698],[-53.9898,-10.6709],[-53.9905,-10.6755],[-53.9897,-10.6767],[-53.9898,-10.6777],[-53.9952,-10.6815],[-53.9953,-10.6842],[-53.9933,-10.6864],[-53.9909,-10.6872],[-53.9829,-10.692],[-53.9903,-10.7059],[-53.9699,-10.7173],[-53.9713,-10.7198],[-53.9652,-10.7227],[-53.9652,-10.7233],[-53.936,-10.7372],[-53.9406,-10.7466]]}},{"type":"Feature","properties":{},"geometry":{"type":"LineString","coordinates":[[-54.5528,-11.4179],[-54.5596,-11.4106],[-54.5781,-11.3971],[-54.5519,-11.3637],[-54.5779,-11.3483]]}},{"type":"Feature","properties":{},"geometry":{"type":"LineString","coordinates":[[-53.9674,-10.825],[-53.9444,-10.838],[-53.9424,-10.8359],[-53.9382,-10.8365],[-53.9354,-10.84],[-53.9301,-10.8407],[-53.9284,-10.8398]]}},{"type":"Feature","properties":{},"geometry":{"type":"LineString","coordinates":[[-53.8653,-10.5524],[-53.8254,-10.5355],[-53.7846,-10.5269],[-53.7823,-10.5269],[-53.7815,-10.5281],[-53.7816,-10.5387]]}},{"type":"Feature","properties":{},"geometry":{"type":"LineString","coordinates":[[-53.8175,-10.4722],[-53.8364,-10.4493],[-53.8081,-10.4097],[-53.8071,-10.4098],[-53.7923,-10.4177],[-53.782,-10.403],[-53.7782,-10.4054],[-53.7743,-10.4068],[-53.7701,-10.4075],[-53.7687,-10.4069],[-53.7607,-10.4081],[-53.7562,-10.4118],[-53.7551,-10.4159],[-53.7533,-10.4194],[-53.7507,-10.4212],[-53.75,-10.4237],[-53.7602,-10.4348]]}},{"type":"Feature","properties":{},"geometry":{"type":"LineString","coordinates":[[-53.8935,-10.4399],[-53.8861,-10.4334],[-53.881,-10.4322],[-53.8751,-10.4229],[-53.864,-10.4127],[-53.8627,-10.4122],[-53.8612,-10.4099],[-53.8523,-10.4142],[-53.8013,-10.342],[-53.7881,-10.3498],[-53.7654,-10.3154],[-53.7677,-10.3137],[-53.7668,-10.3116],[-53.7655,-10.3118],[-53.7657,-10.3086]]}},{"type":"Feature","properties":{},"geometry":{"type":"LineString","coordinates":[[-53.8193,-10.4254],[-53.8161,-10.4291],[-53.8087,-10.426],[-53.806,-10.4289],[-53.789,-10.4527]]}},{"type":"Feature","properties":{},"geometry":{"type":"LineString","coordinates":[[-54.5227,-11.2798],[-54.517,-11.2663],[-54.5164,-11.262],[-54.5207,-11.2463],[-54.5209,-11.2434],[-54.5199,-11.24],[-54.5238,-11.2358],[-54.5241,-11.234],[-54.5121,-11.2202],[-54.4965,-11.2043],[-54.4993,-11.2016],[-54.4998,-11.2004],[-54.4966,-11.1881],[-54.4948,-11.1869],[-54.4898,-11.1858],[-54.4864,-11.1825],[-54.4857,-11.1811],[-54.4544,-11.1572]]}},{"type":"Feature","properties":{},"geometry":{"type":"LineString","coordinates":[[-53.891,-10.2986],[-53.8781,-10.2969],[-53.8767,-10.2982],[-53.8724,-10.2986],[-53.8716,-10.2992],[-53.8661,-10.2987],[-53.8614,-10.3016],[-53.8572,-10.3027],[-53.8523,-10.3025],[-53.8495,-10.3003],[-53.8458,-10.3015],[-53.8447,-10.2999],[-53.8437,-10.2971],[-53.8461,-10.2951],[-53.8479,-10.2949],[-53.8488,-10.2918],[-53.8474,-10.2872],[-53.8492,-10.2843],[-53.8527,-10.2829],[-53.8555,-10.2854],[-53.8574,-10.2838],[-53.8625,-10.2835],[-53.8675,-10.2871],[-53.8739,-10.287],[-53.875,-10.2865],[-53.8754,-10.2856],[-53.8769,-10.279],[-53.8791,-10.2768]]}},{"type":"Feature","properties":{},"geometry":{"type":"LineString","coordinates":[[-53.9185,-10.8762],[-53.8911,-10.8273],[-53.8893,-10.826],[-53.8853,-10.8265],[-53.8544,-10.8458]]}},{"type":"Feature","properties":{},"geometry":{"type":"LineString","coordinates":[[-53.7901,-10.8093],[-53.7817,-10.814],[-53.7505,-10.791],[-53.7462,-10.7889],[-53.7384,-10.7965],[-53.7349,-10.7942]]}},{"type":"Feature","properties":{},"geometry":{"type":"LineString","coordinates":[[-54.6304,-10.361],[-54.568,-10.3111]]}},{"type":"Feature","properties":{},"geometry":{"type":"LineString","coordinates":[[-54.562,-10.3063],[-54.587,-10.2765],[-54.6385,-10.3175]]}},{"type":"Feature","properties":{},"geometry":{"type":"LineString","coordinates":[[-54.6304,-10.361],[-54.6318,-10.3622],[-54.6308,-10.368],[-54.6327,-10.3722],[-54.6328,-10.3968],[-54.6111,-10.3969],[-54.6108,-10.379],[-54.5776,-10.379],[-54.5689,-10.3694]]}},{"type":"Feature","properties":{},"geometry":{"type":"LineString","coordinates":[[-54.5879,-10.3271],[-54.5995,-10.3128]]}},{"type":"Feature","properties":{},"geometry":{"type":"LineString","coordinates":[[-54.6223,-10.3545],[-54.6336,-10.3401],[-54.5738,-10.292]]}},{"type":"Feature","properties":{},"geometry":{"type":"LineString","coordinates":[[-53.903,-11.245],[-53.9032,-11.2548]]}},{"type":"Feature","properties":{},"geometry":{"type":"LineString","coordinates":[[-53.9251,-11.3124],[-53.9249,-11.2844],[-53.9027,-11.2764],[-53.903,-11.2631],[-53.8989,-11.2619],[-53.9031,-11.2595],[-53.903,-11.2573],[-53.9017,-11.2563],[-53.9022,-11.2552],[-53.903,-11.2553],[-53.9032,-11.2548]]}},{"type":"Feature","properties":{},"geometry":{"type":"LineString","coordinates":[[-54.1292,-11.4224],[-54.153,-11.4564],[-54.1682,-11.4798],[-54.1871,-11.4865],[-54.2031,-11.494],[-54.2141,-11.5084],[-54.2238,-11.5262],[-54.228,-11.5323]]}},{"type":"Feature","properties":{},"geometry":{"type":"LineString","coordinates":[[-54.5593,-10.3621],[-54.5879,-10.3271]]}},{"type":"Feature","properties":{},"geometry":{"type":"LineString","coordinates":[[-54.5995,-10.3128],[-54.6041,-10.3073],[-54.6057,-10.3067],[-54.6058,-10.3054],[-54.6128,-10.297]]}},{"type":"Feature","properties":{},"geometry":{"type":"LineString","coordinates":[[-54.5502,-10.4344],[-54.5602,-10.4194]]}},{"type":"Feature","properties":{},"geometry":{"type":"LineString","coordinates":[[-54.4404,-10.4499],[-54.4489,-10.4387],[-54.4521,-10.437]]}},{"type":"Feature","properties":{},"geometry":{"type":"LineString","coordinates":[[-54.4597,-10.4245],[-54.4595,-10.4233],[-54.4549,-10.4153],[-54.4523,-10.4133],[-54.4475,-10.4081],[-54.4439,-10.4067],[-54.4424,-10.4027],[-54.425,-10.3895],[-54.4225,-10.3869],[-54.4169,-10.3839],[-54.4163,-10.3825],[-54.4132,-10.3801],[-54.4086,-10.3835],[-54.4069,-10.3831],[-54.4042,-10.3812],[-54.401,-10.3834],[-54.3983,-10.38],[-54.3959,-10.38],[-54.3936,-10.3788],[-54.3917,-10.3794]]}},{"type":"Feature","properties":{},"geometry":{"type":"LineString","coordinates":[[-54.5001,-10.4075],[-54.4927,-10.4184]]}},{"type":"Feature","properties":{},"geometry":{"type":"LineString","coordinates":[[-54.0969,-11.3435],[-54.0884,-11.3467],[-54.0896,-11.3515],[-54.0873,-11.3513],[-54.0865,-11.3519],[-54.0858,-11.3513],[-54.085,-11.3515],[-54.0841,-11.3559],[-54.0805,-11.357],[-54.0791,-11.3587],[-54.0764,-11.3603],[-54.0769,-11.3633],[-54.0732,-11.3642],[-54.0714,-11.3639],[-54.07,-11.3628],[-54.068,-11.3629],[-54.0661,-11.3752],[-54.0634,-11.3748],[-54.0612,-11.3769],[-54.0575,-11.3761],[-54.0522,-11.3762],[-54.0497,-11.3773],[-54.0476,-11.3814],[-54.048,-11.3823],[-54.0477,-11.3851],[-54.0468,-11.3853],[-54.0468,-11.3863],[-54.0456,-11.3872],[-54.044,-11.3908],[-54.0414,-11.3925],[-54.0406,-11.3949]]}},{"type":"Feature","properties":{},"geometry":{"type":"LineString","coordinates":[[-54.5669,-10.6033],[-54.5652,-10.604],[-54.5642,-10.6059],[-54.5623,-10.6038],[-54.5566,-10.6065],[-54.555,-10.6111],[-54.5537,-10.6116],[-54.552,-10.614],[-54.5526,-10.6176],[-54.5507,-10.618],[-54.5485,-10.6169],[-54.5455,-10.6174],[-54.5423,-10.6207],[-54.542,-10.6235],[-54.5393,-10.6255],[-54.535,-10.6245],[-54.531,-10.6273],[-54.5313,-10.6293],[-54.5303,-10.6305]]}},{"type":"Feature","properties":{},"geometry":{"type":"LineString","coordinates":[[-54.6377,-10.8168],[-54.6393,-10.8101],[-54.6343,-10.8066],[-54.6328,-10.8035],[-54.6296,-10.8013],[-54.6268,-10.8013],[-54.622,-10.7982],[-54.6182,-10.7956],[-54.6172,-10.7932],[-54.5914,-10.7743],[-54.5857,-10.7708],[-54.5843,-10.7707],[-54.5838,-10.7697],[-54.5787,-10.7663],[-54.5642,-10.7578],[-54.5647,-10.754],[-54.5539,-10.7515]]}},{"type":"Feature","properties":{},"geometry":{"type":"LineString","coordinates":[[-54.5301,-10.7938],[-54.5365,-10.7751],[-54.5362,-10.7721],[-54.5385,-10.7695],[-54.5464,-10.7466]]}},{"type":"Feature","properties":{},"geometry":{"type":"LineString","coordinates":[[-54.4895,-10.7844],[-54.4878,-10.7841]]}},{"type":"Feature","properties":{},"geometry":{"type":"LineString","coordinates":[[-54.4264,-10.77],[-54.4213,-10.7547],[-54.4057,-10.7277],[-54.3942,-10.7248],[-54.3926,-10.7264],[-54.387,-10.7422],[-54.3888,-10.7443],[-54.3884,-10.7478],[-54.3862,-10.7507],[-54.3858,-10.7523],[-54.3871,-10.7562],[-54.3855,-10.7605]]}},{"type":"Feature","properties":{},"geometry":{"type":"LineString","coordinates":[[-54.4168,-10.7466],[-54.3984,-10.7429],[-54.3934,-10.7623]]}},{"type":"Feature","properties":{},"geometry":{"type":"LineString","coordinates":[[-54.4225,-10.7582],[-54.4192,-10.7592],[-54.4061,-10.7579],[-54.4038,-10.7563],[-54.4036,-10.7544],[-54.3958,-10.7527]]}},{"type":"Feature","properties":{},"geometry":{"type":"LineString","coordinates":[[-54.3703,-10.4682],[-54.3656,-10.4694],[-54.3641,-10.4675],[-54.3608,-10.4666],[-54.36,-10.4686],[-54.3554,-10.4724],[-54.3426,-10.5025],[-54.338,-10.5108],[-54.3455,-10.5158],[-54.3682,-10.4734],[-54.3655,-10.4694]]}},{"type":"Feature","properties":{},"geometry":{"type":"LineString","coordinates":[[-54.3615,-10.4666],[-54.3613,-10.465],[-54.3585,-10.4626],[-54.3508,-10.4591],[-54.3486,-10.4569],[-54.3449,-10.4563],[-54.3435,-10.4564],[-54.3427,-10.4591],[-54.3403,-10.458],[-54.3381,-10.4587],[-54.3356,-10.4624],[-54.3335,-10.4622],[-54.3219,-10.4577],[-54.3192,-10.458],[-54.3163,-10.4573],[-54.3148,-10.4577],[-54.3142,-10.4611],[-54.3116,-10.4641],[-54.3053,-10.4637],[-54.3031,-10.4617],[-54.3027,-10.4602],[-54.3018,-10.4597],[-54.3006,-10.4601],[-54.2971,-10.463],[-54.2967,-10.4677],[-54.298,-10.4692],[-54.299,-10.4698],[-54.3002,-10.4696],[-54.3029,-10.4716],[-54.3053,-10.477],[-54.3101,-10.4819],[-54.309,-10.4959],[-54.3073,-10.5016],[-54.304,-10.5054],[-54.3046,-10.5078],[-54.3042,-10.5091],[-54.3046,-10.5124],[-54.3053,-10.5136],[-54.3042,-10.5148],[-54.3022,-10.5212],[-54.3009,-10.5193],[-54.2979,-10.5195],[-54.2951,-10.5178],[-54.2928,-10.5179],[-54.2894,-10.5157],[-54.2871,-10.516],[-54.285,-10.5147],[-54.2832,-10.5154],[-54.2816,-10.5152],[-54.2809,-10.5156],[-54.2798,-10.5179],[-54.2782,-10.5179],[-54.2772,-10.519],[-54.2755,-10.5194],[-54.2733,-10.5228],[-54.2733,-10.525],[-54.2683,-10.5266],[-54.2635,-10.532],[-54.2602,-10.5333],[-54.2576,-10.5335],[-54.2516,-10.5366],[-54.2491,-10.536],[-54.248,-10.534],[-54.2454,-10.5332],[-54.2421,-10.5309],[-54.2407,-10.528],[-54.2316,-10.5264],[-54.2288,-10.5235],[-54.2253,-10.5305],[-54.2248,-10.5305],[-54.2099,-10.5139],[-54.2091,-10.5148],[-54.2035,-10.5323],[-54.2035,-10.5353]]}},{"type":"Feature","properties":{},"geometry":{"type":"LineString","coordinates":[[-54.338,-10.5108],[-54.318,-10.498],[-54.309,-10.4959]]}},{"type":"Feature","properties":{},"geometry":{"type":"LineString","coordinates":[[-54.5052,-10.7145],[-54.4885,-10.7105],[-54.4898,-10.7002],[-54.4934,-10.6994],[-54.4942,-10.6971],[-54.4935,-10.6917],[-54.4927,-10.6903],[-54.4896,-10.6888],[-54.4843,-10.6875],[-54.4814,-10.6875],[-54.48,-10.6865],[-54.4716,-10.6845],[-54.469,-10.6802],[-54.4664,-10.6781],[-54.4643,-10.6779]]}},{"type":"Feature","properties":{},"geometry":{"type":"LineString","coordinates":[[-54.1925,-10.7142],[-54.195,-10.7129],[-54.2035,-10.6792],[-54.2016,-10.6766],[-54.2003,-10.6761],[-54.1987,-10.6711],[-54.2068,-10.6665],[-54.2086,-10.6618],[-54.2107,-10.6353]]}},{"type":"Feature","properties":{},"geometry":{"type":"LineString","coordinates":[[-54.2003,-10.6699],[-54.1905,-10.6617],[-54.1887,-10.6633],[-54.1881,-10.6654],[-54.1801,-10.6635],[-54.1731,-10.6689],[-54.1697,-10.6707],[-54.1677,-10.6711],[-54.1648,-10.6688],[-54.1637,-10.667],[-54.1621,-10.6667],[-54.1564,-10.6625],[-54.1549,-10.6621],[-54.153,-10.6599],[-54.1503,-10.6578],[-54.149,-10.6577],[-54.1477,-10.6558],[-54.1374,-10.6479],[-54.1353,-10.6455],[-54.1337,-10.6451],[-54.1296,-10.6418]]}},{"type":"Feature","properties":{},"geometry":{"type":"LineString","coordinates":[[-54.1306,-10.6743],[-54.1309,-10.6714],[-54.1302,-10.6684],[-54.1319,-10.6686],[-54.135,-10.6659],[-54.1366,-10.6678],[-54.1375,-10.6662],[-54.1379,-10.661],[-54.1359,-10.6589],[-54.1358,-10.6531],[-54.1408,-10.6506]]}},{"type":"Feature","properties":{},"geometry":{"type":"LineString","coordinates":[[-54.4943,-10.7633],[-54.5185,-10.7692],[-54.5282,-10.735],[-54.5326,-10.7146],[-54.5486,-10.7149],[-54.5501,-10.7146],[-54.5517,-10.7126],[-54.5532,-10.7087],[-54.5532,-10.7063],[-54.5549,-10.7043],[-54.5574,-10.6982],[-54.5622,-10.6943],[-54.5639,-10.694],[-54.5672,-10.69],[-54.567,-10.6891],[-54.5694,-10.6809],[-54.5707,-10.6794],[-54.57,-10.6783],[-54.5716,-10.6713],[-54.5715,-10.6691],[-54.5692,-10.6657],[-54.5753,-10.6619],[-54.5763,-10.66],[-54.5773,-10.66],[-54.5797,-10.6583],[-54.5795,-10.6566],[-54.5843,-10.6541],[-54.5848,-10.6533],[-54.5843,-10.651],[-54.585,-10.6496],[-54.5852,-10.6467],[-54.5822,-10.643],[-54.5819,-10.6395],[-54.5808,-10.638],[-54.5817,-10.6312],[-54.5846,-10.6305],[-54.5867,-10.628],[-54.59,-10.6278],[-54.5908,-10.629],[-54.5924,-10.6295],[-54.5938,-10.6288],[-54.5951,-10.6292],[-54.5997,-10.6264],[-54.6,-10.625],[-54.6012,-10.624],[-54.6012,-10.6229],[-54.5981,-10.6217],[-54.5929,-10.6208],[-54.5929,-10.6192],[-54.5876,-10.6134],[-54.585,-10.6083],[-54.5821,-10.6091],[-54.5804,-10.6073],[-54.5807,-10.6032],[-54.5772,-10.6028],[-54.5755,-10.6032],[-54.5739,-10.6015],[-54.5702,-10.6],[-54.5686,-10.6022],[-54.5669,-10.6033]]}},{"type":"Feature","properties":{},"geometry":{"type":"LineString","coordinates":[[-54.0097,-10.4229],[-54.0055,-10.4221],[-54.0034,-10.4253],[-53.9997,-10.4285],[-53.9985,-10.4284],[-53.9976,-10.43],[-53.9951,-10.4288],[-53.9884,-10.4285],[-53.9869,-10.4294],[-53.9859,-10.4289],[-53.98,-10.4291],[-53.9788,-10.4285],[-53.9732,-10.4308],[-53.9718,-10.4293],[-53.9681,-10.4276],[-53.966,-10.4281],[-53.9651,-10.4291],[-53.9422,-10.4292],[-53.9413,-10.43],[-53.9406,-10.4298],[-53.9376,-10.4252],[-53.9353,-10.4239],[-53.9313,-10.4197],[-53.9285,-10.4138],[-53.925,-10.4096],[-53.9236,-10.4054],[-53.9243,-10.4049],[-53.924,-10.4036],[-53.9248,-10.4035],[-53.9247,-10.4002],[-53.9239,-10.3991],[-53.921,-10.3977],[-53.9205,-10.3951],[-53.9175,-10.3898],[-53.9156,-10.3845],[-53.9141,-10.3838],[-53.913,-10.3824],[-53.911,-10.3781],[-53.9129,-10.3735],[-53.915,-10.3704],[-53.913,-10.3577],[-53.9056,-10.3402],[-53.9004,-10.336],[-53.9001,-10.3326]]}},{"type":"Feature","properties":{},"geometry":{"type":"LineString","coordinates":[[-53.913,-10.358],[-53.9077,-10.36],[-53.9065,-10.3591],[-53.9039,-10.3588],[-53.8979,-10.3601],[-53.8922,-10.3574],[-53.8907,-10.3559],[-53.8905,-10.3541],[-53.8872,-10.3551],[-53.8862,-10.3547],[-53.8846,-10.3523],[-53.8842,-10.3503],[-53.8812,-10.3497],[-53.881,-10.3464]]}},{"type":"Feature","properties":{},"geometry":{"type":"LineString","coordinates":[[-54.5459,-11.5244],[-54.5977,-11.4894],[-54.5975,-11.4881]]}},{"type":"Feature","properties":{},"geometry":{"type":"LineString","coordinates":[[-53.7471,-10.782],[-53.7391,-10.7754],[-53.6748,-10.7305],[-53.6735,-10.7311],[-53.6718,-10.7304],[-53.671,-10.7279],[-53.6616,-10.7212],[-53.6601,-10.7222],[-53.6583,-10.7219],[-53.6575,-10.7185],[-53.6552,-10.7169],[-53.6524,-10.7169],[-53.6493,-10.7183],[-53.6466,-10.7173],[-53.6436,-10.7121],[-53.6407,-10.7122],[-53.6394,-10.7115],[-53.6391,-10.7103],[-53.636,-10.7096],[-53.6365,-10.7079],[-53.6351,-10.7064],[-53.6344,-10.7039],[-53.63,-10.7014],[-53.6278,-10.6982],[-53.5817,-10.6655],[-53.5275,-10.6257],[-53.511,-10.6154],[-53.4776,-10.5918],[-53.4755,-10.5919],[-53.4726,-10.5911],[-53.4698,-10.5895],[-53.4669,-10.5899],[-53.4661,-10.5883]]}},{"type":"Feature","properties":{},"geometry":{"type":"LineString","coordinates":[[-53.6184,-10.6916],[-53.612,-10.693],[-53.6061,-10.698],[-53.6051,-10.6977],[-53.6024,-10.6987],[-53.5967,-10.6988],[-53.5964,-10.6999],[-53.5869,-10.7066],[-53.5864,-10.7081]]}},{"type":"Feature","properties":{},"geometry":{"type":"LineString","coordinates":[[-53.6587,-10.722],[-53.6588,-10.7232],[-53.6635,-10.7261],[-53.6676,-10.7297],[-53.6632,-10.7344],[-53.6656,-10.7365],[-53.6604,-10.7433],[-53.6567,-10.7457],[-53.6513,-10.7514],[-53.6524,-10.753],[-53.6515,-10.7541],[-53.647,-10.7511]]}},{"type":"Feature","properties":{},"geometry":{"type":"LineString","coordinates":[[-54.4168,-10.7466],[-54.4217,-10.7476],[-54.4223,-10.7472],[-54.4284,-10.7206],[-54.43,-10.7146],[-54.4324,-10.7096],[-54.4557,-10.7142]]}},{"type":"Feature","properties":{},"geometry":{"type":"LineString","coordinates":[[-54.265,-10.9401],[-54.2674,-10.9241],[-54.2766,-10.9219],[-54.2782,-10.9205],[-54.2791,-10.9179],[-54.2811,-10.9149],[-54.2853,-10.913],[-54.2852,-10.9091],[-54.2866,-10.9061],[-54.2939,-10.8926],[-54.3185,-10.8403],[-54.3235,-10.8337]]}},{"type":"Feature","properties":{},"geometry":{"type":"LineString","coordinates":[[-54.5758,-10.8741],[-54.5791,-10.8599],[-54.5788,-10.8581],[-54.5797,-10.8572],[-54.5805,-10.8538],[-54.5865,-10.8257],[-54.5897,-10.8068]]}},{"type":"Feature","properties":{},"geometry":{"type":"LineString","coordinates":[[-54.6254,-10.8834],[-54.6041,-10.8767],[-54.5922,-10.8798],[-54.5867,-10.8796]]}},{"type":"Feature","properties":{},"geometry":{"type":"LineString","coordinates":[[-54.2083,-11.0447],[-54.2323,-10.9418]]}},{"type":"Feature","properties":{},"geometry":{"type":"LineString","coordinates":[[-54.1215,-10.9068],[-54.069,-10.9385],[-54.074,-10.9403],[-54.0756,-10.9429],[-54.0812,-10.9463],[-54.0989,-10.9508],[-54.118,-10.957],[-54.1186,-10.9576],[-54.1183,-10.9589],[-54.1215,-10.9613],[-54.1227,-10.9612],[-54.1244,-10.9582],[-54.1409,-10.9476],[-54.1448,-10.9458]]}},{"type":"Feature","properties":{},"geometry":{"type":"LineString","coordinates":[[-54.6375,-11.7758],[-54.599,-11.7939],[-54.5788,-11.7623],[-54.5398,-11.7483],[-54.5384,-11.7468],[-54.5263,-11.7833]]}},{"type":"Feature","properties":{},"geometry":{"type":"LineString","coordinates":[[-53.9077,-11.4861],[-53.935,-11.4841],[-53.962,-11.4801],[-53.9969,-11.4735],[-54.0029,-11.4759],[-54.0403,-11.4874]]}},{"type":"Feature","properties":{},"geometry":{"type":"LineString","coordinates":[[-54.2301,-11.2911],[-54.2332,-11.2841],[-54.2463,-11.2727],[-54.249,-11.271],[-54.2526,-11.2537]]}},{"type":"Feature","properties":{},"geometry":{"type":"LineString","coordinates":[[-53.6187,-10.531],[-53.6358,-10.5547],[-53.6758,-10.6144],[-53.7258,-10.6454],[-53.7294,-10.6453],[-53.7315,-10.6473],[-53.7319,-10.6493],[-53.7505,-10.6608],[-53.7605,-10.6482],[-53.7588,-10.6461],[-53.7681,-10.6407],[-53.7687,-10.6391],[-53.7585,-10.6216],[-53.7599,-10.6191],[-53.7596,-10.6157],[-53.7548,-10.6121],[-53.7528,-10.6114],[-53.7499,-10.607],[-53.7481,-10.6038],[-53.7491,-10.6019],[-53.7457,-10.6],[-53.7323,-10.5771],[-53.732,-10.5758],[-53.7308,-10.5748],[-53.7272,-10.5688],[-53.7276,-10.5667],[-53.7286,-10.566],[-53.7272,-10.5647],[-53.7262,-10.5647],[-53.7254,-10.5658],[-53.7031,-10.5285]]}},{"type":"Feature","properties":{},"geometry":{"type":"LineString","coordinates":[[-53.7094,-10.7925],[-53.7063,-10.7919],[-53.6888,-10.7803],[-53.6516,-10.7541]]}},{"type":"Feature","properties":{},"geometry":{"type":"LineString","coordinates":[[-54.4211,-11.2313],[-54.4219,-11.2321],[-54.4215,-11.2342],[-54.4219,-11.2361],[-54.4284,-11.2445],[-54.431,-11.2464],[-54.4315,-11.2486],[-54.4873,-11.3141],[-54.4965,-11.3238],[-54.4718,-11.341],[-54.5219,-11.4126],[-54.5197,-11.414],[-54.5194,-11.4153],[-54.5162,-11.4183],[-54.5114,-11.4192],[-54.5083,-11.4221],[-54.5015,-11.4324],[-54.4984,-11.4359]]}},{"type":"Feature","properties":{},"geometry":{"type":"LineString","coordinates":[[-54.5333,-11.5189],[-54.5243,-11.5071],[-54.5204,-11.5035],[-54.5209,-11.5026],[-54.5082,-11.4896],[-54.499,-11.4754],[-54.4819,-11.4438]]}},{"type":"Feature","properties":{},"geometry":{"type":"LineString","coordinates":[[-54.4965,-10.5235],[-54.5027,-10.5066],[-54.5034,-10.5021],[-54.5027,-10.4992],[-54.5068,-10.4935]]}},{"type":"Feature","properties":{},"geometry":{"type":"LineString","coordinates":[[-53.5175,-10.8326],[-53.5574,-10.8205],[-53.5718,-10.8142],[-53.6003,-10.7996]]}},{"type":"Feature","properties":{},"geometry":{"type":"LineString","coordinates":[[-54.3744,-11.2209],[-54.3706,-11.2215],[-54.3394,-11.2597],[-54.3197,-11.2764],[-54.335,-11.2914]]}},{"type":"Feature","properties":{},"geometry":{"type":"LineString","coordinates":[[-54.3508,-11.2806],[-54.3456,-11.2739],[-54.3428,-11.2727],[-54.334,-11.2642]]}},{"type":"Feature","properties":{},"geometry":{"type":"LineString","coordinates":[[-54.3397,-11.2593],[-54.2985,-11.2145]]}},{"type":"Feature","properties":{},"geometry":{"type":"LineString","coordinates":[[-54.1305,-10.9543],[-54.123,-10.9439],[-54.1217,-10.9394],[-54.1073,-10.9153]]}},{"type":"Feature","properties":{},"geometry":{"type":"LineString","coordinates":[[-54.1719,-10.8606],[-54.1333,-10.8777],[-54.1303,-10.8763],[-54.1255,-10.8761],[-54.1235,-10.877],[-54.1171,-10.8767]]}},{"type":"Feature","properties":{},"geometry":{"type":"LineString","coordinates":[[-54.2269,-10.7823],[-54.2282,-10.7824],[-54.2411,-10.7892],[-54.2419,-10.7886],[-54.2421,-10.7848],[-54.2446,-10.7851],[-54.2466,-10.7767],[-54.2465,-10.7731],[-54.2477,-10.7661],[-54.2515,-10.7672],[-54.2525,-10.7641],[-54.2546,-10.7634],[-54.2558,-10.7599],[-54.2554,-10.759],[-54.2544,-10.7593],[-54.2493,-10.7576],[-54.2538,-10.7418],[-54.2545,-10.7403],[-54.2556,-10.7403],[-54.2568,-10.7388],[-54.2621,-10.7364]]}},{"type":"Feature","properties":{},"geometry":{"type":"LineString","coordinates":[[-54.3545,-10.75],[-54.3465,-10.7479],[-54.3402,-10.7501],[-54.3353,-10.7486],[-54.3176,-10.7454],[-54.2687,-10.7313],[-54.2621,-10.7364]]}},{"type":"Feature","properties":{},"geometry":{"type":"LineString","coordinates":[[-54.2675,-11.0563],[-54.2702,-11.0243],[-54.2778,-10.9929],[-54.3089,-10.9996],[-54.3094,-10.997],[-54.3082,-10.9959],[-54.3099,-10.9955],[-54.3116,-10.9881],[-54.2965,-10.9843],[-54.296,-10.9836],[-54.3035,-10.9555]]}},{"type":"Feature","properties":{},"geometry":{"type":"LineString","coordinates":[[-54.4882,-11.3649],[-54.4843,-11.3822]]}},{"type":"Feature","properties":{},"geometry":{"type":"LineString","coordinates":[[-54.0491,-11.4668],[-54.0343,-11.4666],[-54.0351,-11.4682],[-54.0347,-11.4686],[-54.0333,-11.4676],[-54.0314,-11.4722],[-54.0206,-11.4688],[-54.0044,-11.4582],[-53.9441,-11.4693],[-53.9292,-11.4728],[-53.9075,-11.4735]]}},{"type":"Feature","properties":{},"geometry":{"type":"LineString","coordinates":[[-54.2453,-11.6155],[-54.2405,-11.6144],[-54.2261,-11.6055],[-54.2364,-11.5941],[-54.2537,-11.5829],[-54.2648,-11.5705]]}},{"type":"Feature","properties":{},"geometry":{"type":"LineString","coordinates":[[-54.2175,-11.5847],[-54.1898,-11.5611]]}},{"type":"Feature","properties":{},"geometry":{"type":"LineString","coordinates":[[-54.1086,-11.4411],[-54.1023,-11.4346],[-54.1031,-11.4315],[-54.1001,-11.4311],[-54.0905,-11.4253],[-54.0943,-11.4116]]}},{"type":"Feature","properties":{},"geometry":{"type":"LineString","coordinates":[[-54.2603,-11.3378],[-54.2651,-11.3363],[-54.2651,-11.3356],[-54.2697,-11.3354],[-54.2712,-11.3346],[-54.3299,-11.2948]]}},{"type":"Feature","properties":{},"geometry":{"type":"LineString","coordinates":[[-54.2748,-11.424],[-54.2793,-11.4205],[-54.2935,-11.4232],[-54.2942,-11.4229],[-54.2962,-11.4185],[-54.304,-11.4197],[-54.3058,-11.4361],[-54.3107,-11.4371],[-54.3128,-11.4388],[-54.3146,-11.4341],[-54.3225,-11.4376],[-54.3151,-11.4487],[-54.3186,-11.4521],[-54.3099,-11.4598]]}},{"type":"Feature","properties":{},"geometry":{"type":"LineString","coordinates":[[-54.5689,-11.0003],[-54.5452,-10.9773],[-54.5444,-10.9763],[-54.5449,-10.9755],[-54.5434,-10.9744],[-54.5426,-10.9721],[-54.5402,-10.9706],[-54.5386,-10.9681],[-54.5388,-10.9671],[-54.5371,-10.9654],[-54.5353,-10.9646],[-54.528,-10.9582],[-54.5295,-10.9499],[-54.5292,-10.9374],[-54.5306,-10.9364]]}},{"type":"Feature","properties":{},"geometry":{"type":"LineString","coordinates":[[-54.546,-10.9779],[-54.5449,-10.9787],[-54.5428,-10.978],[-54.5423,-10.9771],[-54.5377,-10.9756],[-54.5354,-10.9774],[-54.5344,-10.9791],[-54.5333,-10.9793],[-54.5261,-10.9775],[-54.5255,-10.9782],[-54.5248,-10.9781],[-54.5233,-10.9767],[-54.5149,-10.975],[-54.5109,-10.9731]]}},{"type":"Feature","properties":{},"geometry":{"type":"LineString","coordinates":[[-54.5854,-10.9657],[-54.5753,-10.9559]]}},{"type":"Feature","properties":{},"geometry":{"type":"LineString","coordinates":[[-54.5805,-10.9667],[-54.5572,-10.989]]}},{"type":"Feature","properties":{},"geometry":{"type":"LineString","coordinates":[[-54.4965,-11.3238],[-54.511,-11.3139],[-54.5163,-11.3096],[-54.5203,-11.3125],[-54.5206,-11.2972],[-54.5046,-11.2745],[-54.5169,-11.2657]]}},{"type":"Feature","properties":{},"geometry":{"type":"LineString","coordinates":[[-54.4843,-11.3822],[-54.4691,-11.3606],[-54.4652,-11.3574],[-54.4434,-11.3274],[-54.4546,-11.318],[-54.4551,-11.3182],[-54.4719,-11.3408]]}},{"type":"Feature","properties":{},"geometry":{"type":"LineString","coordinates":[[-54.4475,-11.407],[-54.4342,-11.3793],[-54.4209,-11.3884]]}},{"type":"Feature","properties":{},"geometry":{"type":"LineString","coordinates":[[-53.9137,-10.5659],[-53.9237,-10.5778],[-53.9754,-10.6463]]}},{"type":"Feature","properties":{},"geometry":{"type":"LineString","coordinates":[[-54.5169,-11.2657],[-54.5321,-11.2549],[-54.5416,-11.2493],[-54.5477,-11.2492],[-54.55,-11.2474],[-54.5583,-11.2458],[-54.562,-11.2405],[-54.5654,-11.2381]]}},{"type":"Feature","properties":{},"geometry":{"type":"LineString","coordinates":[[-54.1712,-10.8593],[-54.1852,-10.8427],[-54.1855,-10.8416],[-54.1825,-10.8365],[-54.1873,-10.8359],[-54.1867,-10.8294],[-54.1872,-10.8225],[-54.188,-10.8215],[-54.1806,-10.811],[-54.1744,-10.806],[-54.1735,-10.8045],[-54.1732,-10.8022],[-54.174,-10.7982],[-54.1715,-10.7982]]}},{"type":"Feature","properties":{},"geometry":{"type":"LineString","coordinates":[[-54.5678,-10.7599],[-54.5725,-10.7445],[-54.5784,-10.73],[-54.5827,-10.7148],[-54.5715,-10.7119],[-54.5684,-10.7099],[-54.5684,-10.7093]]}},{"type":"Feature","properties":{},"geometry":{"type":"LineString","coordinates":[[-54.5441,-10.7452],[-54.5488,-10.724],[-54.5448,-10.723],[-54.5448,-10.7147]]}},{"type":"Feature","properties":{},"geometry":{"type":"LineString","coordinates":[[-53.9905,-11.0024],[-53.9926,-11.0147],[-53.9998,-11.0151],[-54.0033,-11.0264],[-53.9987,-11.03],[-53.9909,-11.0321],[-53.9898,-11.0317],[-53.9883,-11.0262],[-53.9872,-11.0269],[-53.9864,-11.0266],[-53.9856,-11.0283],[-53.9822,-11.027],[-53.9457,-11.0018],[-53.9679,-10.9698]]}},{"type":"Feature","properties":{},"geometry":{"type":"LineString","coordinates":[[-53.9301,-11.154],[-53.9323,-11.1463],[-53.9265,-11.1445],[-53.926,-11.1437],[-53.9282,-11.1392],[-53.9316,-11.1365],[-53.9365,-11.1239],[-53.9355,-11.1216],[-53.9313,-11.1186],[-53.9302,-11.1155],[-53.9283,-11.1127],[-53.9212,-11.1053],[-53.9175,-11.1001],[-53.9166,-11.0967],[-53.9128,-11.0903],[-53.9176,-11.07],[-53.9193,-11.0537]]}},{"type":"Feature","properties":{},"geometry":{"type":"LineString","coordinates":[[-53.9041,-11.2382],[-53.9301,-11.154]]}},{"type":"Feature","properties":{},"geometry":{"type":"LineString","coordinates":[[-54.1096,-11.4176],[-54.105,-11.4277],[-54.1145,-11.4341],[-54.1147,-11.4356]]}},{"type":"Feature","properties":{},"geometry":{"type":"LineString","coordinates":[[-54.1118,-11.4154],[-54.1126,-11.4116],[-54.1143,-11.4111],[-54.116,-11.4115],[-54.1184,-11.4062],[-54.1211,-11.4065],[-54.1225,-11.4063],[-54.1233,-11.4054],[-54.1247,-11.4056]]}},{"type":"Feature","properties":{},"geometry":{"type":"LineString","coordinates":[[-54.5754,-11.3992],[-54.5809,-11.4041],[-54.5834,-11.4078],[-54.5789,-11.4118],[-54.5795,-11.414],[-54.575,-11.4179],[-54.5762,-11.4232],[-54.5837,-11.4378],[-54.5716,-11.4433],[-54.5711,-11.4505]]}},{"type":"Feature","properties":{},"geometry":{"type":"LineString","coordinates":[[-54.386,-11.0052],[-54.3843,-11.0049],[-54.3809,-11.0158],[-54.3756,-11.0175],[-54.3725,-11.0193],[-54.37,-11.0177],[-54.3649,-11.0176],[-54.3612,-11.0261],[-54.361,-11.0295],[-54.3615,-11.032],[-54.3499,-11.0491],[-54.3529,-11.0501],[-54.3538,-11.0546],[-54.3482,-11.0592],[-54.3449,-11.0732]]}},{"type":"Feature","properties":{},"geometry":{"type":"LineString","coordinates":[[-53.5907,-10.3145],[-53.6367,-10.2132],[-53.6281,-10.2088]]}},{"type":"Feature","properties":{},"geometry":{"type":"LineString","coordinates":[[-53.5988,-10.2967],[-53.6064,-10.2999],[-53.6133,-10.3005],[-53.6158,-10.2998],[-53.6244,-10.3046],[-53.6249,-10.3071],[-53.6221,-10.3124],[-53.6242,-10.3178],[-53.6149,-10.3223],[-53.598,-10.3216],[-53.5971,-10.3221],[-53.5964,-10.3238],[-53.5881,-10.3202]]}},{"type":"Feature","properties":{},"geometry":{"type":"LineString","coordinates":[[-53.5472,-10.3464],[-53.5449,-10.3364],[-53.5453,-10.3337],[-53.5437,-10.3322],[-53.543,-10.3301],[-53.5442,-10.328],[-53.5485,-10.3235],[-53.5468,-10.3217],[-53.5631,-10.2866],[-53.5641,-10.2864],[-53.5694,-10.2889],[-53.5732,-10.2894],[-53.5751,-10.2912],[-53.5783,-10.2993],[-53.5945,-10.3061]]}},{"type":"Feature","properties":{},"geometry":{"type":"LineString","coordinates":[[-53.5448,-10.4166],[-53.5021,-10.4116],[-53.4843,-10.4201]]}},{"type":"Feature","properties":{},"geometry":{"type":"LineString","coordinates":[[-53.5199,-10.4136],[-53.512,-10.3659],[-53.5061,-10.3626],[-53.5045,-10.36],[-53.4787,-10.3433],[-53.4748,-10.3428],[-53.4737,-10.3401],[-53.4309,-10.3109]]}},{"type":"Feature","properties":{},"geometry":{"type":"LineString","coordinates":[[-53.5441,-10.4165],[-53.5454,-10.4155],[-53.5465,-10.4082],[-53.5478,-10.4046],[-53.5432,-10.3904],[-53.5458,-10.3739],[-53.5306,-10.3613]]}},{"type":"Feature","properties":{},"geometry":{"type":"LineString","coordinates":[[-53.5024,-10.4116],[-53.4866,-10.3759],[-53.4875,-10.3753],[-53.4848,-10.3735],[-53.4849,-10.3698],[-53.4959,-10.367],[-53.511,-10.3652]]}},{"type":"Feature","properties":{},"geometry":{"type":"LineString","coordinates":[[-53.4981,-10.4021],[-53.4911,-10.4032],[-53.491,-10.3995],[-53.4879,-10.3941],[-53.4862,-10.3931],[-53.4846,-10.3908],[-53.4802,-10.3879],[-53.4783,-10.3837],[-53.475,-10.3834],[-53.4737,-10.3808],[-53.4727,-10.3801],[-53.4733,-10.3784],[-53.4678,-10.3747],[-53.4736,-10.3663],[-53.4583,-10.3565],[-53.4557,-10.3595],[-53.4515,-10.3547]]}},{"type":"Feature","properties":{},"geometry":{"type":"LineString","coordinates":[[-53.4849,-10.4198],[-53.4688,-10.3982],[-53.4629,-10.398]]}},{"type":"Feature","properties":{},"geometry":{"type":"LineString","coordinates":[[-53.501,-10.3582],[-53.5083,-10.3491],[-53.5105,-10.3448],[-53.5038,-10.3386],[-53.5155,-10.3241],[-53.5095,-10.317],[-53.5131,-10.3128]]}},{"type":"Feature","properties":{},"geometry":{"type":"LineString","coordinates":[[-53.5293,-10.627],[-53.5472,-10.6046],[-53.5505,-10.6046],[-53.5679,-10.6172],[-53.5672,-10.6185],[-53.568,-10.6195],[-53.5693,-10.6201],[-53.5712,-10.6197],[-53.582,-10.6274],[-53.5785,-10.6296],[-53.57,-10.6326],[-53.5898,-10.6473],[-53.5902,-10.6484],[-53.6609,-10.6957]]}},{"type":"Feature","properties":{},"geometry":{"type":"LineString","coordinates":[[-54.3166,-11.0669],[-54.3153,-11.0583],[-54.3191,-11.0414],[-54.3131,-11.0397]]}},{"type":"Feature","properties":{},"geometry":{"type":"LineString","coordinates":[[-54.0317,-11.0052],[-54.0484,-10.9479],[-54.0539,-10.9466],[-54.0574,-10.945],[-54.0689,-10.9384]]}},{"type":"Feature","properties":{},"geometry":{"type":"LineString","coordinates":[[-54.6154,-11.4434],[-54.605,-11.4306],[-54.5888,-11.443],[-54.5727,-11.4528]]}},{"type":"Feature","properties":{},"geometry":{"type":"LineString","coordinates":[[-54.5553,-11.3363],[-54.5605,-11.334],[-54.5677,-11.3288],[-54.5693,-11.3261],[-54.5957,-11.3099],[-54.5974,-11.3104]]}},{"type":"Feature","properties":{},"geometry":{"type":"LineString","coordinates":[[-54.4475,-11.407],[-54.438,-11.4074]]}},{"type":"Feature","properties":{},"geometry":{"type":"LineString","coordinates":[[-54.3254,-11.0696],[-54.3268,-11.0692],[-54.3678,-11.0782],[-54.3714,-11.0809],[-54.3741,-11.0808],[-54.3755,-11.0798],[-54.4441,-11.0914],[-54.4512,-11.0849],[-54.4706,-11.104]]}},{"type":"Feature","properties":{},"geometry":{"type":"LineString","coordinates":[[-54.1761,-10.984],[-54.1616,-11.0208],[-54.1524,-11.019],[-54.1645,-11.0385]]}},{"type":"Feature","properties":{},"geometry":{"type":"LineString","coordinates":[[-54.1927,-10.9604],[-54.1479,-10.9513],[-54.1215,-10.9068],[-54.1354,-10.8984],[-54.155,-10.8881],[-54.1792,-10.8742]]}},{"type":"Feature","properties":{},"geometry":{"type":"LineString","coordinates":[[-54.3235,-10.8337],[-54.3286,-10.8269],[-54.3311,-10.8203],[-54.3309,-10.8186],[-54.3291,-10.8155],[-54.3294,-10.8141],[-54.3342,-10.8064],[-54.3405,-10.7999],[-54.3412,-10.7984],[-54.3436,-10.7974],[-54.3532,-10.7556]]}},{"type":"Feature","properties":{},"geometry":{"type":"LineString","coordinates":[[-54.1171,-10.8767],[-54.1024,-10.8991],[-54.0939,-10.8948],[-54.0723,-10.8939],[-54.0628,-10.8951],[-54.0578,-10.8941],[-54.0541,-10.8926],[-54.0517,-10.8888],[-54.0507,-10.885]]}},{"type":"Feature","properties":{},"geometry":{"type":"LineString","coordinates":[[-53.5624,-10.7345],[-53.5804,-10.704]]}},{"type":"Feature","properties":{},"geometry":{"type":"LineString","coordinates":[[-53.5395,-10.7059],[-53.5661,-10.6972]]}},{"type":"Feature","properties":{},"geometry":{"type":"LineString","coordinates":[[-53.6825,-10.745],[-53.7077,-10.7635],[-53.724,-10.7541]]}},{"type":"Feature","properties":{},"geometry":{"type":"LineString","coordinates":[[-53.5088,-10.7906],[-53.5217,-10.8314]]}},{"type":"Feature","properties":{},"geometry":{"type":"LineString","coordinates":[[-53.9303,-10.851],[-53.9312,-10.8496],[-53.931,-10.8478],[-53.9319,-10.8454],[-53.9444,-10.838]]}},{"type":"Feature","properties":{},"geometry":{"type":"LineString","coordinates":[[-53.6785,-10.6536],[-53.6581,-10.6376],[-53.6758,-10.6144]]}},{"type":"Feature","properties":{},"geometry":{"type":"LineString","coordinates":[[-53.5056,-10.6973],[-53.5507,-10.6831]]}},{"type":"Feature","properties":{},"geometry":{"type":"LineString","coordinates":[[-53.6092,-10.7449],[-53.6176,-10.7759],[-53.6299,-10.7847]]}},{"type":"Feature","properties":{},"geometry":{"type":"LineString","coordinates":[[-53.9185,-10.8762],[-53.9219,-10.8742],[-53.9158,-10.8635],[-53.915,-10.8582],[-53.9193,-10.855],[-53.9228,-10.8545],[-53.9243,-10.8552],[-53.9262,-10.8547],[-53.9301,-10.8518],[-53.9301,-10.8511]]}},{"type":"Feature","properties":{},"geometry":{"type":"LineString","coordinates":[[-53.8387,-10.8821],[-53.8616,-10.8675],[-53.8412,-10.8538]]}},{"type":"Feature","properties":{},"geometry":{"type":"LineString","coordinates":[[-53.728,-10.7483],[-53.7046,-10.7317]]}},{"type":"Feature","properties":{},"geometry":{"type":"LineString","coordinates":[[-53.6032,-10.7444],[-53.57,-10.7218]]}},{"type":"Feature","properties":{},"geometry":{"type":"LineString","coordinates":[[-53.5135,-10.6948],[-53.5021,-10.66],[-53.5125,-10.6564]]}},{"type":"Feature","properties":{},"geometry":{"type":"LineString","coordinates":[[-53.5472,-10.64],[-53.5084,-10.6533]]}},{"type":"Feature","properties":{},"geometry":{"type":"LineString","coordinates":[[-53.668,-10.7533],[-53.7161,-10.7246]]}},{"type":"Feature","properties":{},"geometry":{"type":"LineString","coordinates":[[-53.8192,-10.8671],[-53.8544,-10.8458]]}},{"type":"Feature","properties":{},"geometry":{"type":"LineString","coordinates":[[-53.9276,-10.8362],[-53.9258,-10.8359],[-53.9208,-10.8331],[-53.9123,-10.8248],[-53.897,-10.8131],[-53.8675,-10.7996],[-53.8596,-10.7953],[-53.8579,-10.7937],[-53.8565,-10.7936],[-53.8407,-10.7845],[-53.8387,-10.7819],[-53.8364,-10.7818],[-53.8271,-10.7766],[-53.8096,-10.7486]]}},{"type":"Feature","properties":{},"geometry":{"type":"LineString","coordinates":[[-53.8544,-10.8458],[-53.8373,-10.8359],[-53.8571,-10.8219],[-53.8177,-10.7931],[-53.7898,-10.8093],[-53.7862,-10.8009],[-53.7933,-10.796],[-53.793,-10.7898],[-53.7843,-10.7669],[-53.7814,-10.7646]]}},{"type":"Feature","properties":{},"geometry":{"type":"LineString","coordinates":[[-53.5488,-10.7253],[-53.5624,-10.7345]]}},{"type":"Feature","properties":{},"geometry":{"type":"LineString","coordinates":[[-53.6679,-10.6861],[-53.6885,-10.7017],[-53.7152,-10.7194],[-53.7161,-10.7246],[-53.7231,-10.721],[-53.7801,-10.7636]]}},{"type":"Feature","properties":{},"geometry":{"type":"LineString","coordinates":[[-53.5811,-10.6408],[-53.5692,-10.6563]]}},{"type":"Feature","properties":{},"geometry":{"type":"LineString","coordinates":[[-53.8789,-10.1882],[-53.7883,-10.2421],[-53.7866,-10.2459],[-53.7875,-10.2513],[-53.7864,-10.2569],[-53.7897,-10.2595],[-53.7901,-10.2614],[-53.7895,-10.2633],[-53.7999,-10.302],[-53.793,-10.3023],[-53.7807,-10.3045],[-53.7613,-10.3099],[-53.7194,-10.3189],[-53.7076,-10.3225],[-53.697,-10.3241],[-53.6859,-10.3243],[-53.6809,-10.3269]]}},{"type":"Feature","properties":{},"geometry":{"type":"LineString","coordinates":[[-54.4982,-10.3133],[-54.49,-10.307],[-54.4891,-10.3069],[-54.4855,-10.3031],[-54.4726,-10.2931],[-54.4533,-10.2878],[-54.4508,-10.2855],[-54.4479,-10.2863],[-54.4419,-10.2846],[-54.4415,-10.2839],[-54.4349,-10.2828],[-54.4336,-10.2814],[-54.4329,-10.2822],[-54.4269,-10.2804],[-54.4265,-10.2798],[-54.4254,-10.28],[-54.4146,-10.277],[-54.41,-10.2646],[-54.408,-10.2632],[-54.4066,-10.261],[-54.4021,-10.2607],[-54.4027,-10.2592],[-54.4018,-10.259],[-54.4004,-10.2563],[-54.3997,-10.2538],[-54.3999,-10.2508],[-54.3972,-10.2494],[-54.3968,-10.244],[-54.3953,-10.2399],[-54.3963,-10.2374],[-54.3964,-10.2225],[-54.397,-10.2222],[-54.3969,-10.2205],[-54.3987,-10.2199],[-54.3979,-10.2178],[-54.397,-10.2174],[-54.3973,-10.2064],[-54.399,-10.208],[-54.3998,-10.2078],[-54.4019,-10.2047],[-54.3989,-10.2016],[-54.3977,-10.1982],[-54.3982,-10.1949],[-54.3991,-10.1944],[-54.3984,-10.1933],[-54.3996,-10.193],[-54.4003,-10.1912],[-54.3992,-10.1889],[-54.3991,-10.1868],[-54.3998,-10.1861],[-54.4011,-10.1811],[-54.4019,-10.1719],[-54.4013,-10.1696],[-54.402,-10.1692],[-54.4019,-10.1659]]}},{"type":"Feature","properties":{},"geometry":{"type":"LineString","coordinates":[[-53.7042,-10.6732],[-53.7046,-10.6767],[-53.7081,-10.6781],[-53.7101,-10.6774],[-53.7232,-10.6868]]}},{"type":"Feature","properties":{},"geometry":{"type":"LineString","coordinates":[[-53.6757,-10.5192],[-53.678,-10.5169],[-53.7511,-10.4664],[-53.7536,-10.4637],[-53.757,-10.458],[-53.7677,-10.4376]]}},{"type":"Feature","properties":{},"geometry":{"type":"LineString","coordinates":[[-53.6581,-10.6376],[-53.6454,-10.6115],[-53.6459,-10.6102],[-53.6453,-10.6079],[-53.6394,-10.6024]]}},{"type":"Feature","properties":{},"geometry":{"type":"LineString","coordinates":[[-53.5127,-10.8029],[-53.5251,-10.799],[-53.5297,-10.8]]}},{"type":"Feature","properties":{},"geometry":{"type":"LineString","coordinates":[[-53.5185,-10.801],[-53.5077,-10.7513]]}},{"type":"Feature","properties":{},"geometry":{"type":"LineString","coordinates":[[-53.7336,-10.7527],[-53.7528,-10.7432]]}},{"type":"Feature","properties":{},"geometry":{"type":"LineString","coordinates":[[-53.7696,-10.3761],[-53.7684,-10.3745]]}},{"type":"Feature","properties":{},"geometry":{"type":"LineString","coordinates":[[-53.8331,-10.3869],[-53.8164,-10.3985],[-53.8171,-10.3999],[-53.8151,-10.4013],[-53.8129,-10.4016],[-53.8103,-10.4029],[-53.8032,-10.4082],[-53.799,-10.4088],[-53.7951,-10.4055],[-53.7911,-10.4045],[-53.7892,-10.4034],[-53.7696,-10.3761]]}},{"type":"Feature","properties":{},"geometry":{"type":"LineString","coordinates":[[-53.782,-10.403],[-53.7867,-10.4003]]}},{"type":"Feature","properties":{},"geometry":{"type":"LineString","coordinates":[[-53.8605,-10.4055],[-53.8772,-10.3939],[-53.8451,-10.3485]]}},{"type":"Feature","properties":{},"geometry":{"type":"LineString","coordinates":[[-53.7392,-10.39],[-53.7239,-10.3753]]}},{"type":"Feature","properties":{},"geometry":{"type":"LineString","coordinates":[[-53.7878,-10.3875],[-53.7863,-10.3882],[-53.7844,-10.3919],[-53.7823,-10.3937]]}},{"type":"Feature","properties":{},"geometry":{"type":"LineString","coordinates":[[-53.7599,-10.4962],[-53.7238,-10.4854]]}},{"type":"Feature","properties":{},"geometry":{"type":"LineString","coordinates":[[-53.7441,-10.3768],[-53.7458,-10.3794]]}},{"type":"Feature","properties":{},"geometry":{"type":"LineString","coordinates":[[-53.7343,-10.3854],[-53.7244,-10.3917],[-53.722,-10.39],[-53.717,-10.3799]]}},{"type":"Feature","properties":{},"geometry":{"type":"LineString","coordinates":[[-53.7185,-10.3832],[-53.7151,-10.3835],[-53.7129,-10.3814]]}},{"type":"Feature","properties":{},"geometry":{"type":"LineString","coordinates":[[-53.8638,-10.4126],[-53.8631,-10.4117],[-53.8625,-10.4089],[-53.8599,-10.4044],[-53.8593,-10.3971],[-53.8586,-10.3955],[-53.8483,-10.3955]]}},{"type":"Feature","properties":{},"geometry":{"type":"LineString","coordinates":[[-53.6948,-10.3823],[-53.7006,-10.4079],[-53.7033,-10.4154],[-53.6106,-10.4346]]}},{"type":"Feature","properties":{},"geometry":{"type":"LineString","coordinates":[[-53.7823,-10.3937],[-53.7795,-10.3958],[-53.7721,-10.3926],[-53.7674,-10.3927]]}},{"type":"Feature","properties":{},"geometry":{"type":"LineString","coordinates":[[-53.6785,-10.6536],[-53.7042,-10.6732],[-53.7173,-10.6536]]}},{"type":"Feature","properties":{},"geometry":{"type":"LineString","coordinates":[[-53.7684,-10.3745],[-53.7638,-10.3754],[-53.761,-10.3733],[-53.7588,-10.3728],[-53.7501,-10.3768],[-53.7478,-10.3774],[-53.7441,-10.3768],[-53.7397,-10.3788],[-53.7392,-10.3797],[-53.7432,-10.3854],[-53.7392,-10.39],[-53.7386,-10.3917],[-53.74,-10.398],[-53.7413,-10.4001],[-53.7434,-10.4013],[-53.75,-10.4017],[-53.7516,-10.4026],[-53.7549,-10.4049],[-53.7582,-10.4097]]}},{"type":"Feature","properties":{},"geometry":{"type":"LineString","coordinates":[[-53.733,-10.4603],[-53.7299,-10.4606],[-53.7241,-10.4601],[-53.7196,-10.4639]]}},{"type":"Feature","properties":{},"geometry":{"type":"LineString","coordinates":[[-53.7722,-10.4736],[-53.7605,-10.4685],[-53.7467,-10.4653],[-53.7443,-10.4666],[-53.7423,-10.4639],[-53.7389,-10.4619],[-53.733,-10.4603],[-53.7294,-10.455]]}},{"type":"Feature","properties":{},"geometry":{"type":"LineString","coordinates":[[-53.7063,-10.7307],[-53.6762,-10.7108]]}},{"type":"Feature","properties":{},"geometry":{"type":"LineString","coordinates":[[-53.7546,-10.4671],[-53.7427,-10.4907],[-53.7383,-10.4971],[-53.7352,-10.5],[-53.7307,-10.5089]]}},{"type":"Feature","properties":{},"geometry":{"type":"LineString","coordinates":[[-53.7386,-10.3696],[-53.7482,-10.3641]]}},{"type":"Feature","properties":{},"geometry":{"type":"LineString","coordinates":[[-53.7231,-10.721],[-53.7334,-10.7144],[-53.7432,-10.715],[-53.7499,-10.7093],[-53.746,-10.7053],[-53.7086,-10.6795]]}},{"type":"Feature","properties":{},"geometry":{"type":"LineString","coordinates":[[-53.7441,-10.3768],[-53.7318,-10.3605]]}},{"type":"Feature","properties":{},"geometry":{"type":"LineString","coordinates":[[-53.7507,-11.1071],[-53.7689,-11.112]]}},{"type":"Feature","properties":{},"geometry":{"type":"LineString","coordinates":[[-53.7507,-11.1071],[-53.7204,-11.1002]]}},{"type":"Feature","properties":{},"geometry":{"type":"LineString","coordinates":[[-53.985,-11.0013],[-53.9771,-11.0028],[-53.969,-11.0028],[-53.9205,-10.9719]]}},{"type":"Feature","properties":{},"geometry":{"type":"LineString","coordinates":[[-53.833,-11.1516],[-53.8447,-11.1123]]}},{"type":"Feature","properties":{},"geometry":{"type":"LineString","coordinates":[[-53.7299,-10.8079],[-53.7586,-10.8276],[-53.7821,-10.8141]]}},{"type":"Feature","properties":{},"geometry":{"type":"LineString","coordinates":[[-53.7733,-10.8384],[-53.7721,-10.8411],[-53.7576,-10.8501]]}},{"type":"Feature","properties":{},"geometry":{"type":"LineString","coordinates":[[-53.7518,-10.8364],[-53.7576,-10.8501]]}},{"type":"Feature","properties":{},"geometry":{"type":"LineString","coordinates":[[-53.7586,-10.8276],[-53.7733,-10.8384]]}},{"type":"Feature","properties":{},"geometry":{"type":"LineString","coordinates":[[-53.7231,-10.826],[-53.7518,-10.8364]]}},{"type":"Feature","properties":{},"geometry":{"type":"LineString","coordinates":[[-53.8192,-10.8671],[-53.8173,-10.8686],[-53.8017,-10.8954],[-53.7975,-10.9367],[-53.7955,-10.9715]]}},{"type":"Feature","properties":{},"geometry":{"type":"LineString","coordinates":[[-53.8387,-10.8821],[-53.8706,-10.9051],[-53.8832,-10.8974],[-53.8971,-10.9129]]}},{"type":"Feature","properties":{},"geometry":{"type":"LineString","coordinates":[[-53.7575,-10.8505],[-53.7583,-10.8516],[-53.7404,-10.8593]]}},{"type":"Feature","properties":{},"geometry":{"type":"LineString","coordinates":[[-53.813,-11.1474],[-53.7579,-11.1365],[-53.755,-11.1328],[-53.7533,-11.1318],[-53.749,-11.1316],[-53.7435,-11.1333],[-53.7198,-11.129],[-53.6829,-11.1205]]}},{"type":"Feature","properties":{},"geometry":{"type":"LineString","coordinates":[[-53.7511,-11.1314],[-53.7507,-11.1071]]}},{"type":"Feature","properties":{},"geometry":{"type":"LineString","coordinates":[[-53.8868,-10.9448],[-53.8955,-10.9538],[-53.9138,-10.9753]]}},{"type":"Feature","properties":{},"geometry":{"type":"LineString","coordinates":[[-53.7344,-11.008],[-53.7479,-11.0448]]}},{"type":"Feature","properties":{},"geometry":{"type":"LineString","coordinates":[[-53.818,-10.8349],[-53.7979,-10.8488]]}},{"type":"Feature","properties":{},"geometry":{"type":"LineString","coordinates":[[-53.818,-10.8349],[-53.8289,-10.8287],[-53.8387,-10.8254],[-53.8488,-10.8193]]}},{"type":"Feature","properties":{},"geometry":{"type":"LineString","coordinates":[[-53.8373,-10.8359],[-53.8018,-10.8603]]}},{"type":"Feature","properties":{},"geometry":{"type":"LineString","coordinates":[[-53.8274,-10.8423],[-53.8052,-10.8248]]}},{"type":"Feature","properties":{},"geometry":{"type":"LineString","coordinates":[[-54.3712,-11.5257],[-54.3728,-11.5246]]}},{"type":"Feature","properties":{},"geometry":{"type":"LineString","coordinates":[[-54.3717,-11.5253],[-54.3713,-11.5246]]}},{"type":"Feature","properties":{},"geometry":{"type":"LineString","coordinates":[[-54.3716,-11.5244],[-54.3721,-11.525]]}},{"type":"Feature","properties":{},"geometry":{"type":"LineString","coordinates":[[-54.3736,-11.5257],[-54.372,-11.5269]]}},{"type":"Feature","properties":{},"geometry":{"type":"LineString","coordinates":[[-54.3736,-11.5293],[-54.3692,-11.5324]]}},{"type":"Feature","properties":{},"geometry":{"type":"LineString","coordinates":[[-54.3745,-11.5303],[-54.3729,-11.5313]]}},{"type":"Feature","properties":{},"geometry":{"type":"LineString","coordinates":[[-54.3741,-11.5299],[-54.3809,-11.5244]]}},{"type":"Feature","properties":{},"geometry":{"type":"LineString","coordinates":[[-54.462,-10.4411],[-54.4613,-10.4416],[-54.4536,-10.4362],[-54.4521,-10.437]]}},{"type":"Feature","properties":{},"geometry":{"type":"LineString","coordinates":[[-54.4418,-10.4256],[-54.4395,-10.427]]}},{"type":"Feature","properties":{},"geometry":{"type":"LineString","coordinates":[[-54.4384,-10.4352],[-54.44,-10.4382],[-54.4382,-10.4392]]}},{"type":"Feature","properties":{},"geometry":{"type":"LineString","coordinates":[[-54.4352,-10.432],[-54.4311,-10.4342]]}},{"type":"Feature","properties":{},"geometry":{"type":"LineString","coordinates":[[-54.4325,-10.4295],[-54.436,-10.4361]]}},{"type":"Feature","properties":{},"geometry":{"type":"LineString","coordinates":[[-54.4368,-10.4384],[-54.4371,-10.4381],[-54.436,-10.4361]]}},{"type":"Feature","properties":{},"geometry":{"type":"LineString","coordinates":[[-54.4349,-10.434],[-54.4339,-10.4346]]}},{"type":"Feature","properties":{},"geometry":{"type":"LineString","coordinates":[[-54.4351,-10.437],[-54.4358,-10.4382]]}},{"type":"Feature","properties":{},"geometry":{"type":"LineString","coordinates":[[-54.4351,-10.437],[-54.4272,-10.4413]]}},{"type":"Feature","properties":{},"geometry":{"type":"LineString","coordinates":[[-54.4284,-10.4406],[-54.4292,-10.4426]]}},{"type":"Feature","properties":{},"geometry":{"type":"LineString","coordinates":[[-54.4418,-10.4256],[-54.441,-10.4243],[-54.4399,-10.4247]]}},{"type":"Feature","properties":{},"geometry":{"type":"LineString","coordinates":[[-53.2073,-12.3526],[-53.2073,-12.3529]]}},{"type":"Feature","properties":{},"geometry":{"type":"LineString","coordinates":[[-53.2103,-12.3538],[-53.2107,-12.3549]]}},{"type":"Feature","properties":{},"geometry":{"type":"LineString","coordinates":[[-53.2078,-12.3541],[-53.2074,-12.3532]]}},{"type":"Feature","properties":{},"geometry":{"type":"LineString","coordinates":[[-53.2189,-12.3555],[-53.2113,-12.3539]]}},{"type":"Feature","properties":{},"geometry":{"type":"LineString","coordinates":[[-53.2197,-12.366],[-53.2113,-12.354]]}},{"type":"Feature","properties":{},"geometry":{"type":"LineString","coordinates":[[-53.2102,-12.3533],[-53.2103,-12.3534]]}},{"type":"Feature","properties":{},"geometry":{"type":"LineString","coordinates":[[-53.2133,-12.3529],[-53.2111,-12.3523]]}},{"type":"Feature","properties":{},"geometry":{"type":"LineString","coordinates":[[-53.2105,-12.3535],[-53.2097,-12.3551],[-53.2084,-12.3559]]}},{"type":"Feature","properties":{},"geometry":{"type":"LineString","coordinates":[[-53.2085,-12.3533],[-53.2081,-12.3537]]}},{"type":"Feature","properties":{},"geometry":{"type":"LineString","coordinates":[[-53.2109,-12.3531],[-53.2117,-12.3533],[-53.211,-12.3534]]}},{"type":"Feature","properties":{},"geometry":{"type":"LineString","coordinates":[[-53.2201,-12.3604],[-53.2135,-12.3547],[-53.2131,-12.3562],[-53.213,-12.3544]]}},{"type":"Feature","properties":{},"geometry":{"type":"LineString","coordinates":[[-53.2101,-12.3468],[-53.21,-12.348]]}},{"type":"Feature","properties":{},"geometry":{"type":"LineString","coordinates":[[-53.2081,-12.3527],[-53.2078,-12.3529]]}},{"type":"Feature","properties":{},"geometry":{"type":"LineString","coordinates":[[-53.2087,-12.3533],[-53.2078,-12.3529]]}},{"type":"Feature","properties":{},"geometry":{"type":"LineString","coordinates":[[-53.2111,-12.3516],[-53.2105,-12.3529]]}},{"type":"Feature","properties":{},"geometry":{"type":"LineString","coordinates":[[-53.2079,-12.3519],[-53.207,-12.3517]]}},{"type":"Feature","properties":{},"geometry":{"type":"LineString","coordinates":[[-53.2078,-12.3521],[-53.2073,-12.3521]]}},{"type":"Feature","properties":{},"geometry":{"type":"LineString","coordinates":[[-53.2072,-12.3526],[-53.2057,-12.3518]]}},{"type":"Feature","properties":{},"geometry":{"type":"LineString","coordinates":[[-53.2105,-12.3503],[-53.2104,-12.3501]]}},{"type":"Feature","properties":{},"geometry":{"type":"LineString","coordinates":[[-53.2078,-12.3523],[-53.2074,-12.3522]]}},{"type":"Feature","properties":{},"geometry":{"type":"LineString","coordinates":[[-53.2147,-12.3473],[-53.2124,-12.3474],[-53.2112,-12.3484],[-53.21,-12.3482]]}},{"type":"Feature","properties":{},"geometry":{"type":"LineString","coordinates":[[-53.2131,-12.3503],[-53.2118,-12.3499],[-53.2105,-12.3505]]}},{"type":"Feature","properties":{},"geometry":{"type":"LineString","coordinates":[[-53.2107,-12.3528],[-53.2111,-12.3529]]}},{"type":"Feature","properties":{},"geometry":{"type":"LineString","coordinates":[[-53.2104,-12.3501],[-53.2103,-12.3496],[-53.2128,-12.349],[-53.2139,-12.3496]]}},{"type":"Feature","properties":{},"geometry":{"type":"LineString","coordinates":[[-53.2038,-12.3482],[-53.207,-12.351]]}},{"type":"Feature","properties":{},"geometry":{"type":"LineString","coordinates":[[-53.2077,-12.3515],[-53.2074,-12.3513]]}},{"type":"Feature","properties":{},"geometry":{"type":"LineString","coordinates":[[-53.2073,-12.3526],[-53.2072,-12.3526]]}},{"type":"Feature","properties":{},"geometry":{"type":"LineString","coordinates":[[-53.2063,-12.3515],[-53.2073,-12.3526]]}},{"type":"Feature","properties":{},"geometry":{"type":"LineString","coordinates":[[-53.2103,-12.3513],[-53.2105,-12.3503]]}},{"type":"Feature","properties":{},"geometry":{"type":"LineString","coordinates":[[-53.2069,-12.3524],[-53.2006,-12.3505]]}},{"type":"Feature","properties":{},"geometry":{"type":"LineString","coordinates":[[-53.2072,-12.3525],[-53.2051,-12.3548]]}},{"type":"Feature","properties":{},"geometry":{"type":"LineString","coordinates":[[-53.21,-12.3482],[-53.2103,-12.3496]]}},{"type":"Feature","properties":{},"geometry":{"type":"LineString","coordinates":[[-53.21,-12.348],[-53.21,-12.3481]]}},{"type":"Feature","properties":{},"geometry":{"type":"LineString","coordinates":[[-53.2079,-12.3532],[-53.2071,-12.3539]]}},{"type":"Feature","properties":{},"geometry":{"type":"LineString","coordinates":[[-53.2085,-12.355],[-53.2086,-12.3539]]}},{"type":"Feature","properties":{},"geometry":{"type":"LineString","coordinates":[[-53.2067,-12.354],[-53.2065,-12.3541]]}},{"type":"Feature","properties":{},"geometry":{"type":"LineString","coordinates":[[-53.2065,-12.3541],[-53.205,-12.3548],[-53.2032,-12.359],[-53.2002,-12.3636],[-53.1897,-12.3764],[-53.1906,-12.3833],[-53.1888,-12.3872],[-53.1879,-12.3924]]}},{"type":"Feature","properties":{},"geometry":{"type":"LineString","coordinates":[[-53.21,-12.3481],[-53.21,-12.3482]]}},{"type":"Feature","properties":{},"geometry":{"type":"LineString","coordinates":[[-53.2084,-12.3502],[-53.2079,-12.3493]]}},{"type":"Feature","properties":{},"geometry":{"type":"LineString","coordinates":[[-53.2074,-12.3483],[-53.2073,-12.346],[-53.2043,-12.3427],[-53.2017,-12.338]]}},{"type":"Feature","properties":{},"geometry":{"type":"LineString","coordinates":[[-53.2087,-12.3508],[-53.2084,-12.3502]]}},{"type":"Feature","properties":{},"geometry":{"type":"LineString","coordinates":[[-53.2071,-12.3539],[-53.2067,-12.354]]}},{"type":"Feature","properties":{},"geometry":{"type":"LineString","coordinates":[[-53.2081,-12.3537],[-53.2082,-12.3539]]}},{"type":"Feature","properties":{},"geometry":{"type":"LineString","coordinates":[[-53.2105,-12.3534],[-53.2096,-12.3534],[-53.2101,-12.3532]]}},{"type":"Feature","properties":{},"geometry":{"type":"LineString","coordinates":[[-53.2113,-12.3539],[-53.2107,-12.3538]]}},{"type":"Feature","properties":{},"geometry":{"type":"LineString","coordinates":[[-53.2113,-12.3539],[-53.2109,-12.3531]]}},{"type":"Feature","properties":{},"geometry":{"type":"LineString","coordinates":[[-53.2086,-12.3539],[-53.2086,-12.3537]]}},{"type":"Feature","properties":{},"geometry":{"type":"LineString","coordinates":[[-53.2105,-12.3534],[-53.2105,-12.3529]]}},{"type":"Feature","properties":{},"geometry":{"type":"LineString","coordinates":[[-53.2113,-12.354],[-53.2113,-12.3539]]}},{"type":"Feature","properties":{},"geometry":{"type":"LineString","coordinates":[[-53.2111,-12.3523],[-53.2109,-12.3523]]}},{"type":"Feature","properties":{},"geometry":{"type":"LineString","coordinates":[[-53.2107,-12.3525],[-53.2105,-12.3522]]}},{"type":"Feature","properties":{},"geometry":{"type":"LineString","coordinates":[[-53.2086,-12.3537],[-53.2088,-12.3531]]}},{"type":"Feature","properties":{},"geometry":{"type":"LineString","coordinates":[[-53.2108,-12.3549],[-53.2107,-12.3538]]}},{"type":"Feature","properties":{},"geometry":{"type":"LineString","coordinates":[[-53.2109,-12.3523],[-53.2105,-12.3522]]}},{"type":"Feature","properties":{},"geometry":{"type":"LineString","coordinates":[[-53.2065,-12.3515],[-53.2063,-12.3515]]}},{"type":"Feature","properties":{},"geometry":{"type":"LineString","coordinates":[[-53.2063,-12.3515],[-53.2062,-12.3514]]}},{"type":"Feature","properties":{},"geometry":{"type":"LineString","coordinates":[[-53.2079,-12.3493],[-53.2077,-12.349]]}},{"type":"Feature","properties":{},"geometry":{"type":"LineString","coordinates":[[-53.2062,-12.3514],[-53.2026,-12.3488]]}},{"type":"Feature","properties":{},"geometry":{"type":"LineString","coordinates":[[-53.2084,-12.3555],[-53.2085,-12.355]]}},{"type":"Feature","properties":{},"geometry":{"type":"LineString","coordinates":[[-53.2084,-12.3508],[-53.2042,-12.3486]]}},{"type":"Feature","properties":{},"geometry":{"type":"LineString","coordinates":[[-53.2057,-12.3518],[-53.2055,-12.3516]]}},{"type":"Feature","properties":{},"geometry":{"type":"LineString","coordinates":[[-53.2055,-12.3516],[-53.2013,-12.3494]]}},{"type":"Feature","properties":{},"geometry":{"type":"LineString","coordinates":[[-53.2082,-12.3539],[-53.2081,-12.3547]]}},{"type":"Feature","properties":{},"geometry":{"type":"LineString","coordinates":[[-53.2129,-12.3918],[-53.2139,-12.3914],[-53.215,-12.3889],[-53.2145,-12.3842],[-53.2161,-12.3793],[-53.2163,-12.3737]]}},{"type":"Feature","properties":{},"geometry":{"type":"LineString","coordinates":[[-53.1836,-12.3573],[-53.1893,-12.3552],[-53.1921,-12.3554],[-53.1938,-12.3567],[-53.1983,-12.3567],[-53.205,-12.3548]]}},{"type":"Feature","properties":{},"geometry":{"type":"LineString","coordinates":[[-53.2076,-12.3504],[-53.2059,-12.3513]]}},{"type":"Feature","properties":{},"geometry":{"type":"LineString","coordinates":[[-53.2041,-12.3882],[-53.2052,-12.3883],[-53.2063,-12.3863],[-53.2084,-12.38],[-53.2067,-12.3774],[-53.2062,-12.3741]]}},{"type":"Feature","properties":{},"geometry":{"type":"LineString","coordinates":[[-53.2106,-12.3526],[-53.2107,-12.3528]]}},{"type":"Feature","properties":{},"geometry":{"type":"LineString","coordinates":[[-53.2078,-12.3529],[-53.2077,-12.3528]]}},{"type":"Feature","properties":{},"geometry":{"type":"LineString","coordinates":[[-53.2074,-12.3513],[-53.2072,-12.3511]]}},{"type":"Feature","properties":{},"geometry":{"type":"LineString","coordinates":[[-53.207,-12.3517],[-53.2065,-12.3515]]}},{"type":"Feature","properties":{},"geometry":{"type":"LineString","coordinates":[[-53.207,-12.351],[-53.2072,-12.3511]]}},{"type":"Feature","properties":{},"geometry":{"type":"LineString","coordinates":[[-53.2077,-12.3528],[-53.2073,-12.3526]]}},{"type":"Feature","properties":{},"geometry":{"type":"LineString","coordinates":[[-53.2072,-12.3511],[-53.207,-12.3517]]}},{"type":"Feature","properties":{},"geometry":{"type":"LineString","coordinates":[[-53.2074,-12.3532],[-53.2073,-12.3529]]}},{"type":"Feature","properties":{},"geometry":{"type":"LineString","coordinates":[[-53.2082,-12.3499],[-53.2068,-12.348]]}},{"type":"Feature","properties":{},"geometry":{"type":"LineString","coordinates":[[-53.2075,-12.3503],[-53.2077,-12.3496]]}},{"type":"Feature","properties":{},"geometry":{"type":"LineString","coordinates":[[-53.2077,-12.349],[-53.2074,-12.3483]]}},{"type":"Feature","properties":{},"geometry":{"type":"LineString","coordinates":[[-53.5915,-12.2468],[-53.5927,-12.2401],[-53.5951,-12.2362],[-53.5958,-12.2333],[-53.5973,-12.2313],[-53.5998,-12.2202],[-53.5976,-12.2181],[-53.5966,-12.2157],[-53.5947,-12.2149]]}},{"type":"Feature","properties":{},"geometry":{"type":"LineString","coordinates":[[-53.1093,-12.5589],[-53.1085,-12.5548]]}},{"type":"Feature","properties":{},"geometry":{"type":"LineString","coordinates":[[-53.1084,-12.5539],[-53.1141,-12.5609]]}},{"type":"Feature","properties":{},"geometry":{"type":"LineString","coordinates":[[-54.5815,-12.1779],[-54.5677,-12.2369],[-54.5656,-12.2373],[-54.5624,-12.2391],[-54.5611,-12.2419],[-54.5616,-12.2472],[-54.5634,-12.2475],[-54.5647,-12.2485],[-54.556,-12.2878],[-54.5483,-12.3374]]}},{"type":"Feature","properties":{},"geometry":{"type":"LineString","coordinates":[[-54.5507,-12.1734],[-54.5539,-12.1605],[-54.5536,-12.1599],[-54.5496,-12.1589],[-54.5503,-12.1553],[-54.5264,-12.1498],[-54.5267,-12.1473],[-54.5261,-12.1469],[-54.5168,-12.1445]]}},{"type":"Feature","properties":{},"geometry":{"type":"LineString","coordinates":[[-54.5042,-12.0712],[-54.5082,-12.0735]]}},{"type":"Feature","properties":{},"geometry":{"type":"LineString","coordinates":[[-54.5174,-11.9385],[-54.5158,-11.9483],[-54.5158,-11.9519],[-54.5056,-12.0037],[-54.5053,-12.0049],[-54.5034,-12.0064]]}},{"type":"Feature","properties":{},"geometry":{"type":"LineString","coordinates":[[-53.2703,-12.2627],[-53.2698,-12.2672],[-53.2706,-12.2688],[-53.2718,-12.2694],[-53.2721,-12.2709],[-53.275,-12.2722],[-53.2757,-12.2734],[-53.2758,-12.2769],[-53.2738,-12.2822],[-53.2709,-12.2875],[-53.2693,-12.2895],[-53.2672,-12.29],[-53.2632,-12.294],[-53.2567,-12.3107],[-53.253,-12.3175],[-53.2503,-12.3209],[-53.2496,-12.3249],[-53.2457,-12.326],[-53.2406,-12.3246],[-53.2344,-12.325],[-53.2242,-12.331],[-53.2232,-12.332],[-53.2232,-12.3336]]}},{"type":"Feature","properties":{},"geometry":{"type":"LineString","coordinates":[[-53.2671,-12.3111],[-53.267,-12.3122],[-53.2639,-12.3156],[-53.2607,-12.3163],[-53.2603,-12.321],[-53.2583,-12.324],[-53.2544,-12.3257],[-53.2522,-12.3246],[-53.2495,-12.325]]}},{"type":"Feature","properties":{},"geometry":{"type":"LineString","coordinates":[[-53.0247,-12.5351],[-53.0228,-12.5341]]}},{"type":"Feature","properties":{},"geometry":{"type":"LineString","coordinates":[[-53.0478,-12.5369],[-53.0453,-12.5385],[-53.0422,-12.5393],[-53.038,-12.5392],[-53.0354,-12.5381],[-53.0293,-12.5374],[-53.0247,-12.5351],[-53.0227,-12.5311],[-53.0211,-12.5208],[-53.0149,-12.5178]]}},{"type":"Feature","properties":{},"geometry":{"type":"LineString","coordinates":[[-53.045,-12.5436],[-53.0442,-12.54],[-53.0429,-12.5391]]}},{"type":"Feature","properties":{},"geometry":{"type":"LineString","coordinates":[[-53.0924,-12.4982],[-53.0929,-12.4976],[-53.0926,-12.4955],[-53.0934,-12.4933],[-53.0924,-12.4893],[-53.0906,-12.4854]]}},{"type":"Feature","properties":{},"geometry":{"type":"LineString","coordinates":[[-53.0992,-12.5099],[-53.0933,-12.4978],[-53.0792,-12.5027],[-53.0714,-12.5089],[-53.0678,-12.5132],[-53.063,-12.5213],[-53.0483,-12.5359],[-53.0471,-12.5398],[-53.0435,-12.5465],[-53.0434,-12.5479],[-53.0356,-12.5619],[-53.0331,-12.563],[-53.0294,-12.567],[-53.0112,-12.5897],[-52.9976,-12.599],[-52.9915,-12.6018],[-52.9815,-12.6276],[-52.9766,-12.6341],[-52.9764,-12.6413],[-52.9755,-12.6447],[-52.978,-12.6585],[-52.9779,-12.6668],[-52.9793,-12.6733],[-52.9814,-12.6782],[-52.9796,-12.6826],[-52.9801,-12.6901],[-52.9796,-12.6924],[-52.9781,-12.6955],[-52.9766,-12.7054],[-52.9734,-12.7151],[-52.9704,-12.7205],[-52.9664,-12.7232],[-52.965,-12.7272],[-52.9656,-12.7322],[-52.9686,-12.7381],[-52.9578,-12.7506],[-52.9517,-12.7541],[-52.9421,-12.763],[-52.9399,-12.7703],[-52.9355,-12.7748],[-52.9299,-12.7831],[-52.9281,-12.7921]]}},{"type":"Feature","properties":{},"geometry":{"type":"LineString","coordinates":[[-53.0992,-12.5099],[-53.0981,-12.5086],[-53.0959,-12.5033],[-53.0937,-12.5005],[-53.0932,-12.4979]]}},{"type":"Feature","properties":{},"geometry":{"type":"LineString","coordinates":[[-54.2062,-10.2944],[-54.2057,-10.2955],[-54.2004,-10.2951],[-54.198,-10.2928],[-54.1974,-10.2929],[-54.1957,-10.3115],[-54.2052,-10.3125],[-54.2043,-10.3274]]}},{"type":"Feature","properties":{},"geometry":{"type":"LineString","coordinates":[[-54.2426,-10.3324],[-54.2158,-10.3312],[-54.2147,-10.3304],[-54.2041,-10.3297]]}},{"type":"Feature","properties":{},"geometry":{"type":"LineString","coordinates":[[-54.2721,-10.3262],[-54.2709,-10.326],[-54.27,-10.3245],[-54.2663,-10.328],[-54.2655,-10.3332],[-54.2544,-10.3327],[-54.2516,-10.3319],[-54.2473,-10.3326],[-54.2426,-10.3324]]}},{"type":"Feature","properties":{},"geometry":{"type":"LineString","coordinates":[[-54.2141,-10.4219],[-54.2336,-10.4219]]}},{"type":"Feature","properties":{},"geometry":{"type":"LineString","coordinates":[[-54.4494,-10.4237],[-54.4496,-10.4244]]}},{"type":"Feature","properties":{},"geometry":{"type":"LineString","coordinates":[[-54.4529,-10.4266],[-54.4561,-10.4254]]}},{"type":"Feature","properties":{},"geometry":{"type":"LineString","coordinates":[[-54.4548,-10.4256],[-54.454,-10.4242]]}},{"type":"Feature","properties":{},"geometry":{"type":"LineString","coordinates":[[-54.4551,-10.4344],[-54.4565,-10.4333],[-54.4656,-10.439]]}},{"type":"Feature","properties":{},"geometry":{"type":"LineString","coordinates":[[-54.443,-10.428],[-54.4456,-10.4266]]}},{"type":"Feature","properties":{},"geometry":{"type":"LineString","coordinates":[[-54.448,-10.4385],[-54.4495,-10.4374]]}},{"type":"Feature","properties":{},"geometry":{"type":"LineString","coordinates":[[-54.4443,-10.4402],[-54.4431,-10.4383]]}},{"type":"Feature","properties":{},"geometry":{"type":"LineString","coordinates":[[-54.4463,-10.4391],[-54.4453,-10.4375]]}},{"type":"Feature","properties":{},"geometry":{"type":"LineString","coordinates":[[-54.4397,-10.4376],[-54.4418,-10.4364]]}},{"type":"Feature","properties":{},"geometry":{"type":"LineString","coordinates":[[-54.4415,-10.4358],[-54.4424,-10.4377]]}},{"type":"Feature","properties":{},"geometry":{"type":"LineString","coordinates":[[-54.434,-10.4297],[-54.4336,-10.429],[-54.4306,-10.4305]]}},{"type":"Feature","properties":{},"geometry":{"type":"LineString","coordinates":[[-54.4349,-10.4367],[-54.4334,-10.4339]]}},{"type":"Feature","properties":{},"geometry":{"type":"LineString","coordinates":[[-54.4337,-10.4345],[-54.432,-10.4354]]}},{"type":"Feature","properties":{},"geometry":{"type":"LineString","coordinates":[[-54.4352,-10.4346],[-54.4322,-10.436]]}},{"type":"Feature","properties":{},"geometry":{"type":"LineString","coordinates":[[-54.4341,-10.4366],[-54.4264,-10.4408]]}},{"type":"Feature","properties":{},"geometry":{"type":"LineString","coordinates":[[-54.435,-10.4417],[-54.4306,-10.4335]]}},{"type":"Feature","properties":{},"geometry":{"type":"LineString","coordinates":[[-54.4337,-10.4371],[-54.4326,-10.4351]]}},{"type":"Feature","properties":{},"geometry":{"type":"LineString","coordinates":[[-54.3487,-12.4503],[-54.3507,-12.4531]]}},{"type":"Feature","properties":{},"geometry":{"type":"LineString","coordinates":[[-54.3482,-12.4511],[-54.35,-12.4536]]}},{"type":"Feature","properties":{},"geometry":{"type":"LineString","coordinates":[[-54.3515,-12.4522],[-54.3472,-12.4548]]}},{"type":"Feature","properties":{},"geometry":{"type":"LineString","coordinates":[[-54.35,-12.4536],[-54.3536,-12.4591]]}},{"type":"Feature","properties":{},"geometry":{"type":"LineString","coordinates":[[-54.3492,-12.4541],[-54.353,-12.4596]]}},{"type":"Feature","properties":{},"geometry":{"type":"LineString","coordinates":[[-54.3468,-12.4618],[-54.3474,-12.4615]]}},{"type":"Feature","properties":{},"geometry":{"type":"LineString","coordinates":[[-54.346,-12.4562],[-54.3497,-12.4617]]}},{"type":"Feature","properties":{},"geometry":{"type":"LineString","coordinates":[[-54.3453,-12.4567],[-54.3489,-12.4622]]}},{"type":"Feature","properties":{},"geometry":{"type":"LineString","coordinates":[[-54.3445,-12.4572],[-54.3483,-12.4627]]}},{"type":"Feature","properties":{},"geometry":{"type":"LineString","coordinates":[[-54.3545,-12.4585],[-54.3507,-12.4531]]}},{"type":"Feature","properties":{},"geometry":{"type":"LineString","coordinates":[[-54.3536,-12.4572],[-54.3482,-12.4609]]}},{"type":"Feature","properties":{},"geometry":{"type":"LineString","coordinates":[[-54.3439,-12.4576],[-54.3346,-12.4636],[-54.3045,-12.4795],[-54.2837,-12.4624]]}},{"type":"Feature","properties":{},"geometry":{"type":"LineString","coordinates":[[-54.3516,-12.4525],[-54.3439,-12.4576]]}},{"type":"Feature","properties":{},"geometry":{"type":"LineString","coordinates":[[-54.3484,-12.4546],[-54.3523,-12.46]]}},{"type":"Feature","properties":{},"geometry":{"type":"LineString","coordinates":[[-54.3517,-12.4524],[-54.3487,-12.448]]}},{"type":"Feature","properties":{},"geometry":{"type":"LineString","coordinates":[[-54.3476,-12.4631],[-54.3553,-12.4577]]}},{"type":"Feature","properties":{},"geometry":{"type":"LineString","coordinates":[[-54.3513,-12.4607],[-54.349,-12.4573]]}},{"type":"Feature","properties":{},"geometry":{"type":"LineString","coordinates":[[-54.5177,-11.0929],[-54.5186,-11.0939]]}},{"type":"Feature","properties":{},"geometry":{"type":"LineString","coordinates":[[-54.5183,-11.0936],[-54.5175,-11.0944]]}},{"type":"Feature","properties":{},"geometry":{"type":"LineString","coordinates":[[-54.5178,-11.094],[-54.5172,-11.0933]]}},{"type":"Feature","properties":{},"geometry":{"type":"LineString","coordinates":[[-54.5162,-11.0942],[-54.5168,-11.0948]]}},{"type":"Feature","properties":{},"geometry":{"type":"LineString","coordinates":[[-54.5169,-11.0896],[-54.5189,-11.0917]]}},{"type":"Feature","properties":{},"geometry":{"type":"LineString","coordinates":[[-54.5174,-11.0901],[-54.5143,-11.0931]]}},{"type":"Feature","properties":{},"geometry":{"type":"LineString","coordinates":[[-54.5247,-11.0906],[-54.5264,-11.0889]]}},{"type":"Feature","properties":{},"geometry":{"type":"LineString","coordinates":[[-54.5232,-11.0868],[-54.5238,-11.0861]]}},{"type":"Feature","properties":{},"geometry":{"type":"LineString","coordinates":[[-54.5251,-11.0795],[-54.5258,-11.0801]]}},{"type":"Feature","properties":{},"geometry":{"type":"LineString","coordinates":[[-54.5264,-11.0794],[-54.5278,-11.0782],[-54.5315,-11.0777]]}},{"type":"Feature","properties":{},"geometry":{"type":"LineString","coordinates":[[-54.5428,-11.1056],[-54.5453,-11.1082]]}},{"type":"Feature","properties":{},"geometry":{"type":"LineString","coordinates":[[-54.5218,-11.0746],[-54.5216,-11.0744]]}},{"type":"Feature","properties":{},"geometry":{"type":"LineString","coordinates":[[-54.5175,-11.075],[-54.5146,-11.0718]]}},{"type":"Feature","properties":{},"geometry":{"type":"LineString","coordinates":[[-54.5091,-11.0768],[-54.5079,-11.0779]]}},{"type":"Feature","properties":{},"geometry":{"type":"LineString","coordinates":[[-54.5164,-11.0879],[-54.5159,-11.0874]]}},{"type":"Feature","properties":{},"geometry":{"type":"LineString","coordinates":[[-54.5122,-11.0843],[-54.5121,-11.084]]}},{"type":"Feature","properties":{},"geometry":{"type":"LineString","coordinates":[[-54.5037,-11.0882],[-54.5058,-11.0863],[-54.5065,-11.0866]]}},{"type":"Feature","properties":{},"geometry":{"type":"LineString","coordinates":[[-54.5015,-11.1012],[-54.5003,-11.1021]]}},{"type":"Feature","properties":{},"geometry":{"type":"LineString","coordinates":[[-54.501,-11.1017],[-54.5003,-11.101]]}},{"type":"Feature","properties":{},"geometry":{"type":"LineString","coordinates":[[-54.4998,-11.1053],[-54.4991,-11.1046],[-54.4996,-11.1039]]}},{"type":"Feature","properties":{},"geometry":{"type":"LineString","coordinates":[[-54.4446,-10.4385],[-54.4452,-10.4397]]}},{"type":"Feature","properties":{},"geometry":{"type":"LineString","coordinates":[[-54.4464,-10.4368],[-54.4473,-10.4386]]}},{"type":"Feature","properties":{},"geometry":{"type":"LineString","coordinates":[[-54.4874,-12.3682],[-54.4877,-12.3809],[-54.4832,-12.3802]]}},{"type":"Feature","properties":{},"geometry":{"type":"LineString","coordinates":[[-54.4877,-12.3809],[-54.4879,-12.3872]]}},{"type":"Feature","properties":{},"geometry":{"type":"LineString","coordinates":[[-54.4879,-12.3872],[-54.4881,-12.3941],[-54.4971,-12.4064]]}},{"type":"Feature","properties":{},"geometry":{"type":"LineString","coordinates":[[-54.4994,-12.4058],[-54.497,-12.406]]}},{"type":"Feature","properties":{},"geometry":{"type":"LineString","coordinates":[[-54.4971,-12.4064],[-54.4972,-12.4069],[-54.4961,-12.4069]]}},{"type":"Feature","properties":{},"geometry":{"type":"LineString","coordinates":[[-54.4972,-12.4069],[-54.5005,-12.4551],[-54.498,-12.4576],[-54.4892,-12.4637],[-54.489,-12.4653],[-54.4897,-12.4661],[-54.4905,-12.4987]]}},{"type":"Feature","properties":{},"geometry":{"type":"LineString","coordinates":[[-54.4934,-12.4872],[-54.4902,-12.4879]]}},{"type":"Feature","properties":{},"geometry":{"type":"LineString","coordinates":[[-54.4902,-12.4877],[-54.4896,-12.4877]]}},{"type":"Feature","properties":{},"geometry":{"type":"LineString","coordinates":[[-54.4922,-12.4833],[-54.4901,-12.4833]]}},{"type":"Feature","properties":{},"geometry":{"type":"LineString","coordinates":[[-54.4968,-12.4745],[-54.494,-12.474],[-54.4899,-12.4743]]}},{"type":"Feature","properties":{},"geometry":{"type":"LineString","coordinates":[[-54.4904,-12.4659],[-54.4896,-12.466]]}},{"type":"Feature","properties":{},"geometry":{"type":"LineString","coordinates":[[-54.4957,-12.461],[-54.4945,-12.4603]]}},{"type":"Feature","properties":{},"geometry":{"type":"LineString","coordinates":[[-54.5036,-12.4602],[-54.4969,-12.4584]]}},{"type":"Feature","properties":{},"geometry":{"type":"LineString","coordinates":[[-54.5025,-12.4562],[-54.5003,-12.4555]]}},{"type":"Feature","properties":{},"geometry":{"type":"LineString","coordinates":[[-54.503,-12.4542],[-54.5004,-12.4539]]}},{"type":"Feature","properties":{},"geometry":{"type":"LineString","coordinates":[[-54.5004,-12.4531],[-54.4991,-12.453]]}},{"type":"Feature","properties":{},"geometry":{"type":"LineString","coordinates":[[-54.5053,-12.4526],[-54.5003,-12.4515]]}},{"type":"Feature","properties":{},"geometry":{"type":"LineString","coordinates":[[-54.5121,-12.4525],[-54.5111,-12.4505],[-54.5001,-12.4485]]}},{"type":"Feature","properties":{},"geometry":{"type":"LineString","coordinates":[[-54.4998,-12.4455],[-54.4977,-12.4453]]}},{"type":"Feature","properties":{},"geometry":{"type":"LineString","coordinates":[[-54.5013,-12.4456],[-54.4998,-12.4454]]}},{"type":"Feature","properties":{},"geometry":{"type":"LineString","coordinates":[[-54.5104,-12.4459],[-54.4997,-12.4441]]}},{"type":"Feature","properties":{},"geometry":{"type":"LineString","coordinates":[[-54.4976,-12.4426],[-54.4996,-12.4427]]}},{"type":"Feature","properties":{},"geometry":{"type":"LineString","coordinates":[[-54.513,-12.4434],[-54.4995,-12.441]]}},{"type":"Feature","properties":{},"geometry":{"type":"LineString","coordinates":[[-54.5009,-12.4403],[-54.5006,-12.4412]]}},{"type":"Feature","properties":{},"geometry":{"type":"LineString","coordinates":[[-54.4994,-12.4393],[-54.4986,-12.4392]]}},{"type":"Feature","properties":{},"geometry":{"type":"LineString","coordinates":[[-54.5033,-12.4383],[-54.4993,-12.4372]]}},{"type":"Feature","properties":{},"geometry":{"type":"LineString","coordinates":[[-54.5017,-12.4358],[-54.4992,-12.4354]]}},{"type":"Feature","properties":{},"geometry":{"type":"LineString","coordinates":[[-54.4991,-12.4334],[-54.4976,-12.4335]]}},{"type":"Feature","properties":{},"geometry":{"type":"LineString","coordinates":[[-54.5009,-12.4318],[-54.4989,-12.4318]]}},{"type":"Feature","properties":{},"geometry":{"type":"LineString","coordinates":[[-54.4985,-12.4264],[-54.4949,-12.4262]]}},{"type":"Feature","properties":{},"geometry":{"type":"LineString","coordinates":[[-54.4981,-12.4194],[-54.4964,-12.4195]]}},{"type":"Feature","properties":{},"geometry":{"type":"LineString","coordinates":[[-54.5593,-11.5743],[-54.5592,-11.5742]]}},{"type":"Feature","properties":{},"geometry":{"type":"LineString","coordinates":[[-54.5982,-11.6372],[-54.5593,-11.5743]]}},{"type":"Feature","properties":{},"geometry":{"type":"LineString","coordinates":[[-54.48,-11.5696],[-54.4666,-11.5788]]}},{"type":"Feature","properties":{},"geometry":{"type":"LineString","coordinates":[[-54.5113,-12.1612],[-54.5202,-12.1336],[-54.5179,-12.1305],[-54.5135,-12.1284],[-54.5137,-12.1247],[-54.513,-12.1208],[-54.5143,-12.1159],[-54.5141,-12.1153],[-54.5104,-12.1144],[-54.5117,-12.1098]]}},{"type":"Feature","properties":{},"geometry":{"type":"LineString","coordinates":[[-54.4574,-12.0949],[-54.5259,-12.1137],[-54.566,-12.1278],[-54.5922,-12.1325]]}},{"type":"Feature","properties":{},"geometry":{"type":"LineString","coordinates":[[-54.5034,-12.0064],[-54.5032,-12.0067]]}},{"type":"Feature","properties":{},"geometry":{"type":"LineString","coordinates":[[-54.5032,-12.0067],[-54.5031,-12.0086],[-54.5015,-12.0106],[-54.5004,-12.0191],[-54.5304,-12.033],[-54.5221,-12.0698]]}},{"type":"Feature","properties":{},"geometry":{"type":"LineString","coordinates":[[-54.4267,-11.1175],[-54.4252,-11.1164],[-54.4231,-11.1107],[-54.4215,-11.111]]}},{"type":"Feature","properties":{},"geometry":{"type":"LineString","coordinates":[[-54.4353,-11.1005],[-54.4374,-11.1028],[-54.4252,-11.1165]]}},{"type":"Feature","properties":{},"geometry":{"type":"LineString","coordinates":[[-54.4699,-11.1366],[-54.4635,-11.1318],[-54.4632,-11.1308],[-54.4567,-11.1265],[-54.4501,-11.1349],[-54.4267,-11.1175],[-54.4384,-11.1037]]}},{"type":"Feature","properties":{},"geometry":{"type":"LineString","coordinates":[[-54.565,-11.3809],[-54.5585,-11.3859],[-54.5707,-11.4026]]}},{"type":"Feature","properties":{},"geometry":{"type":"LineString","coordinates":[[-54.5856,-11.3456],[-54.5857,-11.3456]]}},{"type":"Feature","properties":{},"geometry":{"type":"LineString","coordinates":[[-54.5779,-11.3483],[-54.5839,-11.3451],[-54.5856,-11.3456]]}},{"type":"Feature","properties":{},"geometry":{"type":"LineString","coordinates":[[-54.5977,-11.3104],[-54.5992,-11.3111],[-54.6114,-11.3339],[-54.6178,-11.3394],[-54.6218,-11.3449]]}},{"type":"Feature","properties":{},"geometry":{"type":"LineString","coordinates":[[-54.5974,-11.3104],[-54.5977,-11.3104]]}},{"type":"Feature","properties":{},"geometry":{"type":"LineString","coordinates":[[-54.5548,-11.3363],[-54.5553,-11.3363]]}},{"type":"Feature","properties":{},"geometry":{"type":"LineString","coordinates":[[-54.5528,-11.4179],[-54.5516,-11.4124],[-54.5495,-11.4075],[-54.5451,-11.4008],[-54.5267,-11.3791],[-54.5202,-11.3692],[-54.5153,-11.3601]]}},{"type":"Feature","properties":{},"geometry":{"type":"LineString","coordinates":[[-54.596,-11.31],[-54.5958,-11.3121],[-54.5933,-11.3144],[-54.5922,-11.3174],[-54.5925,-11.3206],[-54.5918,-11.3249],[-54.573,-11.3374]]}},{"type":"Feature","properties":{},"geometry":{"type":"LineString","coordinates":[[-54.253,-11.6453],[-54.253,-11.6455]]}},{"type":"Feature","properties":{},"geometry":{"type":"LineString","coordinates":[[-54.2453,-11.6155],[-54.253,-11.6453]]}},{"type":"Feature","properties":{},"geometry":{"type":"LineString","coordinates":[[-54.5262,-11.7836],[-54.5161,-11.8143]]}},{"type":"Feature","properties":{},"geometry":{"type":"LineString","coordinates":[[-54.5263,-11.7833],[-54.5262,-11.7836]]}},{"type":"Feature","properties":{},"geometry":{"type":"LineString","coordinates":[[-54.3116,-11.7467],[-54.4315,-11.7863],[-54.4097,-11.852],[-54.4879,-11.8654],[-54.4884,-11.869],[-54.4904,-11.8706]]}},{"type":"Feature","properties":{},"geometry":{"type":"LineString","coordinates":[[-54.0668,-12.3681],[-54.0663,-12.3672],[-54.063,-12.3675],[-54.0368,-12.366],[-54.0053,-12.3652]]}},{"type":"Feature","properties":{},"geometry":{"type":"LineString","coordinates":[[-54.0421,-12.3359],[-54.0383,-12.3354],[-54.0356,-12.3343],[-54.0314,-12.3355],[-54.0302,-12.3336],[-54.0279,-12.3334],[-54.0256,-12.332],[-54.0225,-12.3327]]}},{"type":"Feature","properties":{},"geometry":{"type":"LineString","coordinates":[[-54.1031,-12.3095],[-54.104,-12.314],[-54.0949,-12.3219],[-54.0889,-12.3315],[-54.0854,-12.3338],[-54.0834,-12.3318],[-54.0847,-12.3344],[-54.0793,-12.3379]]}},{"type":"Feature","properties":{},"geometry":{"type":"LineString","coordinates":[[-54.1028,-12.3087],[-54.1039,-12.3099],[-54.1073,-12.3107],[-54.109,-12.3103]]}},{"type":"Feature","properties":{},"geometry":{"type":"LineString","coordinates":[[-54.0424,-12.3267],[-54.0421,-12.3359],[-54.0428,-12.3375],[-54.0628,-12.3674]]}},{"type":"Feature","properties":{},"geometry":{"type":"LineString","coordinates":[[-54.0006,-12.2063],[-54.0007,-12.2094]]}},{"type":"Feature","properties":{},"geometry":{"type":"LineString","coordinates":[[-54.1246,-12.0798],[-54.1241,-12.0841],[-54.1188,-12.0902],[-54.1162,-12.0973],[-54.1126,-12.0988],[-54.1077,-12.0991],[-54.1055,-12.0999],[-54.1032,-12.0997]]}},{"type":"Feature","properties":{},"geometry":{"type":"LineString","coordinates":[[-54.1298,-12.0812],[-54.1036,-12.0746]]}},{"type":"Feature","properties":{},"geometry":{"type":"LineString","coordinates":[[-54.0761,-12.1215],[-54.0775,-12.1304],[-54.072,-12.13],[-54.0713,-12.1193],[-54.0797,-12.119],[-54.0859,-12.1153],[-54.0911,-12.1152],[-54.0924,-12.1141],[-54.0937,-12.1186],[-54.0931,-12.1223]]}},{"type":"Feature","properties":{},"geometry":{"type":"LineString","coordinates":[[-54.1049,-12.0653],[-54.0689,-12.0563],[-54.0658,-12.0719]]}},{"type":"Feature","properties":{},"geometry":{"type":"LineString","coordinates":[[-54.1016,-12.0814],[-54.0894,-12.0774],[-54.0796,-12.0756],[-54.0658,-12.0719]]}},{"type":"Feature","properties":{},"geometry":{"type":"LineString","coordinates":[[-54.1431,-12.1142],[-54.1189,-12.1215],[-54.0932,-12.1223],[-54.0714,-12.1214]]}},{"type":"Feature","properties":{},"geometry":{"type":"LineString","coordinates":[[-54.0912,-12.1488],[-54.0875,-12.1548]]}},{"type":"Feature","properties":{},"geometry":{"type":"LineString","coordinates":[[-54.0945,-12.1498],[-54.092,-12.1493],[-54.0905,-12.1481],[-54.09,-12.1454],[-54.0914,-12.1435],[-54.0931,-12.1432],[-54.0946,-12.1438],[-54.1006,-12.143],[-54.1023,-12.1438],[-54.1022,-12.1429]]}},{"type":"Feature","properties":{},"geometry":{"type":"LineString","coordinates":[[-54.1312,-12.0716],[-54.1299,-12.0823],[-54.1363,-12.097],[-54.1382,-12.1001],[-54.1431,-12.1142],[-54.2011,-12.0974],[-54.203,-12.0902],[-54.2041,-12.0896],[-54.2683,-12.0778],[-54.2691,-12.0769],[-54.276,-12.0584]]}},{"type":"Feature","properties":{},"geometry":{"type":"LineString","coordinates":[[-54.1022,-12.1429],[-54.1017,-12.1329],[-54.1022,-12.1319],[-54.1023,-12.1099],[-54.1025,-12.1087],[-54.1046,-12.1061],[-54.1051,-12.1037],[-54.1032,-12.1009],[-54.1032,-12.0997],[-54.1024,-12.0994],[-54.1029,-12.0943],[-54.1025,-12.0895],[-54.1007,-12.0868],[-54.1022,-12.0789],[-54.1032,-12.0775],[-54.1047,-12.0654],[-54.1312,-12.0716],[-54.1387,-12.0272],[-54.1483,-11.985],[-54.1508,-11.9827],[-54.1753,-11.9766],[-54.1768,-11.9767],[-54.1782,-11.9784],[-54.1825,-11.9794],[-54.1835,-11.9804],[-54.1853,-11.9806],[-54.187,-11.9818],[-54.1885,-11.9813],[-54.1964,-11.9825]]}},{"type":"Feature","properties":{},"geometry":{"type":"LineString","coordinates":[[-54.0437,-12.1253],[-54.0458,-12.1241],[-54.0472,-12.1205],[-54.0495,-12.1179],[-54.0518,-12.1183],[-54.0545,-12.1205],[-54.0551,-12.1204],[-54.0634,-12.0809],[-54.0626,-12.0785],[-54.0642,-12.0773],[-54.0658,-12.0719]]}},{"type":"Feature","properties":{},"geometry":{"type":"LineString","coordinates":[[-54.5569,-11.5705],[-54.5566,-11.5702]]}},{"type":"Feature","properties":{},"geometry":{"type":"LineString","coordinates":[[-54.5592,-11.5742],[-54.5569,-11.5705]]}},{"type":"Feature","properties":{},"geometry":{"type":"LineString","coordinates":[[-54.5457,-11.5245],[-54.5459,-11.5244]]}},{"type":"Feature","properties":{},"geometry":{"type":"LineString","coordinates":[[-54.5326,-11.5339],[-54.5457,-11.5245]]}},{"type":"Feature","properties":{},"geometry":{"type":"LineString","coordinates":[[-54.1022,-12.1195],[-54.1156,-12.1154],[-54.1246,-12.1138],[-54.1242,-12.12]]}},{"type":"Feature","properties":{},"geometry":{"type":"LineString","coordinates":[[-54.11,-12.3888],[-54.1052,-12.3876],[-54.0705,-12.3863],[-54.0119,-12.3853],[-54.0114,-12.3841],[-54.0097,-12.3836],[-54.0091,-12.384],[-54.0114,-12.3956]]}},{"type":"Feature","properties":{},"geometry":{"type":"LineString","coordinates":[[-54.0103,-12.3903],[-54.0259,-12.3889]]}},{"type":"Feature","properties":{},"geometry":{"type":"LineString","coordinates":[[-54.0339,-12.3856],[-54.034,-12.3741],[-54.0368,-12.366]]}},{"type":"Feature","properties":{},"geometry":{"type":"LineString","coordinates":[[-54.0249,-12.3249],[-54.0211,-12.3277],[-54.0206,-12.3287],[-54.0205,-12.3306],[-54.0235,-12.3334],[-54.0239,-12.3368],[-54.0187,-12.3375],[-54.0104,-12.3424],[-54.0052,-12.3438]]}},{"type":"Feature","properties":{},"geometry":{"type":"LineString","coordinates":[[-54.089,-12.3652],[-54.0973,-12.3599],[-54.101,-12.3591],[-54.1026,-12.3552],[-54.1043,-12.3547],[-54.1056,-12.355],[-54.1075,-12.3565],[-54.1077,-12.3588],[-54.1102,-12.362],[-54.115,-12.3611],[-54.1196,-12.3576],[-54.1198,-12.3568],[-54.1182,-12.3551],[-54.1185,-12.3527]]}},{"type":"Feature","properties":{},"geometry":{"type":"LineString","coordinates":[[-54.0707,-12.3694],[-54.0733,-12.3704],[-54.0742,-12.3732],[-54.0734,-12.3743],[-54.0715,-12.375],[-54.0708,-12.3767],[-54.0705,-12.3863]]}},{"type":"Feature","properties":{},"geometry":{"type":"LineString","coordinates":[[-54.0733,-12.3704],[-54.0729,-12.3681]]}},{"type":"Feature","properties":{},"geometry":{"type":"LineString","coordinates":[[-54.0219,-12.3893],[-54.0237,-12.4085]]}},{"type":"Feature","properties":{},"geometry":{"type":"LineString","coordinates":[[-54.0147,-12.3899],[-54.0165,-12.4033]]}},{"type":"Feature","properties":{},"geometry":{"type":"LineString","coordinates":[[-54.1637,-12.3839],[-54.157,-12.39],[-54.1507,-12.3865],[-54.1472,-12.3819],[-54.1463,-12.3816]]}},{"type":"Feature","properties":{},"geometry":{"type":"LineString","coordinates":[[-54.1472,-12.3819],[-54.1555,-12.3759]]}},{"type":"Feature","properties":{},"geometry":{"type":"LineString","coordinates":[[-54.1637,-12.3839],[-54.1387,-12.3578],[-54.1591,-12.34],[-54.1553,-12.3353],[-54.158,-12.3326],[-54.1562,-12.3274]]}},{"type":"Feature","properties":{},"geometry":{"type":"LineString","coordinates":[[-54.1561,-12.3278],[-54.1489,-12.3361]]}},{"type":"Feature","properties":{},"geometry":{"type":"LineString","coordinates":[[-54.156,-12.3277],[-54.1551,-12.328],[-54.1545,-12.3275],[-54.1464,-12.3144],[-54.1363,-12.32]]}},{"type":"Feature","properties":{},"geometry":{"type":"LineString","coordinates":[[-54.1046,-12.282],[-54.13,-12.2435],[-54.142,-12.2266]]}},{"type":"Feature","properties":{},"geometry":{"type":"LineString","coordinates":[[-54.1304,-12.243],[-54.1425,-12.2599]]}},{"type":"Feature","properties":{},"geometry":{"type":"LineString","coordinates":[[-54.1245,-12.2519],[-54.1612,-12.3029],[-54.1449,-12.3121],[-54.1464,-12.3144]]}},{"type":"Feature","properties":{},"geometry":{"type":"LineString","coordinates":[[-54.1485,-12.3355],[-54.1447,-12.337],[-54.1403,-12.3366],[-54.1379,-12.3384]]}},{"type":"Feature","properties":{},"geometry":{"type":"LineString","coordinates":[[-54.1379,-12.3384],[-54.1361,-12.3364],[-54.1347,-12.3329],[-54.1324,-12.3299],[-54.1281,-12.3265],[-54.1251,-12.3227],[-54.1191,-12.3177],[-54.1159,-12.3136],[-54.116,-12.3111],[-54.1181,-12.3108],[-54.1199,-12.3097],[-54.1211,-12.3077],[-54.1224,-12.3073],[-54.1231,-12.3052],[-54.1237,-12.3049]]}},{"type":"Feature","properties":{},"geometry":{"type":"LineString","coordinates":[[-54.1446,-12.304],[-54.1204,-12.3229]]}},{"type":"Feature","properties":{},"geometry":{"type":"LineString","coordinates":[[-54.149,-12.3098],[-54.1309,-12.2857],[-54.1161,-12.2646]]}},{"type":"Feature","properties":{},"geometry":{"type":"LineString","coordinates":[[-54.1309,-12.2857],[-54.1173,-12.2973]]}},{"type":"Feature","properties":{},"geometry":{"type":"LineString","coordinates":[[-54.1192,-12.2737],[-54.1212,-12.272]]}},{"type":"Feature","properties":{},"geometry":{"type":"LineString","coordinates":[[-54.1297,-12.2867],[-54.1192,-12.2737],[-54.1146,-12.2669]]}},{"type":"Feature","properties":{},"geometry":{"type":"LineString","coordinates":[[-54.1286,-12.2876],[-54.1449,-12.3121]]}},{"type":"Feature","properties":{},"geometry":{"type":"LineString","coordinates":[[-54.0084,-12.3394],[-54.0186,-12.3592],[-54.0247,-12.3623]]}},{"type":"Feature","properties":{},"geometry":{"type":"LineString","coordinates":[[-54.0175,-12.3573],[-54.0068,-12.3617]]}},{"type":"Feature","properties":{},"geometry":{"type":"LineString","coordinates":[[-54.0048,-12.346],[-54.0119,-12.3634]]}},{"type":"Feature","properties":{},"geometry":{"type":"LineString","coordinates":[[-53.7779,-10.9666],[-53.7672,-10.9493]]}},{"type":"Feature","properties":{},"geometry":{"type":"LineString","coordinates":[[-53.7716,-10.9704],[-53.7616,-10.9539],[-53.7632,-10.9531],[-53.766,-10.9493],[-53.7672,-10.9493]]}},{"type":"Feature","properties":{},"geometry":{"type":"LineString","coordinates":[[-53.784,-10.9629],[-53.7654,-10.9742]]}},{"type":"Feature","properties":{},"geometry":{"type":"LineString","coordinates":[[-53.8518,-11.006],[-53.8522,-11.0059]]}},{"type":"Feature","properties":{},"geometry":{"type":"LineString","coordinates":[[-53.753,-10.9546],[-53.7724,-10.9854],[-53.7961,-10.9715],[-53.8485,-11.0035],[-53.8491,-11.0058],[-53.8505,-11.0067],[-53.8518,-11.006]]}},{"type":"Feature","properties":{},"geometry":{"type":"LineString","coordinates":[[-53.9302,-10.851],[-53.9303,-10.851]]}},{"type":"Feature","properties":{},"geometry":{"type":"LineString","coordinates":[[-53.9301,-10.8511],[-53.9302,-10.851]]}},{"type":"Feature","properties":{},"geometry":{"type":"LineString","coordinates":[[-53.9277,-10.8363],[-53.9276,-10.8362]]}},{"type":"Feature","properties":{},"geometry":{"type":"LineString","coordinates":[[-53.9284,-10.8398],[-53.9286,-10.8374],[-53.9277,-10.8363]]}},{"type":"Feature","properties":{},"geometry":{"type":"LineString","coordinates":[[-53.6208,-11.7486],[-53.6214,-11.7476]]}},{"type":"Feature","properties":{},"geometry":{"type":"LineString","coordinates":[[-53.6227,-11.7449],[-53.6263,-11.7461],[-53.6274,-11.7473],[-53.6244,-11.7468],[-53.6235,-11.7477],[-53.6214,-11.7476]]}},{"type":"Feature","properties":{},"geometry":{"type":"LineString","coordinates":[[-53.6205,-11.7485],[-53.6185,-11.7462],[-53.6121,-11.7445]]}},{"type":"Feature","properties":{},"geometry":{"type":"LineString","coordinates":[[-54.4141,-10.4489],[-54.4143,-10.4488]]}},{"type":"Feature","properties":{},"geometry":{"type":"LineString","coordinates":[[-54.4142,-10.449],[-54.4144,-10.4489]]}},{"type":"Feature","properties":{},"geometry":{"type":"LineString","coordinates":[[-54.5963,-10.5485],[-54.5993,-10.55],[-54.5894,-10.5646],[-54.5785,-10.5716],[-54.5754,-10.5746],[-54.5741,-10.5748],[-54.5741,-10.5759],[-54.573,-10.5774],[-54.5707,-10.578],[-54.5663,-10.5822]]}},{"type":"Feature","properties":{},"geometry":{"type":"LineString","coordinates":[[-54.5961,-10.5484],[-54.5963,-10.5485]]}},{"type":"Feature","properties":{},"geometry":{"type":"LineString","coordinates":[[-54.4777,-10.5674],[-54.4778,-10.5676]]}},{"type":"Feature","properties":{},"geometry":{"type":"LineString","coordinates":[[-54.3992,-10.5042],[-54.4043,-10.5065],[-54.408,-10.5069],[-54.411,-10.5081],[-54.4106,-10.5097],[-54.408,-10.512],[-54.4096,-10.5137],[-54.409,-10.5177],[-54.411,-10.5205],[-54.4121,-10.52],[-54.4147,-10.5216],[-54.4169,-10.5253],[-54.4173,-10.5277],[-54.4197,-10.5304],[-54.4186,-10.5324],[-54.4191,-10.5339],[-54.4211,-10.534],[-54.4236,-10.5372],[-54.4248,-10.54],[-54.4287,-10.5438],[-54.432,-10.545],[-54.4358,-10.545],[-54.4368,-10.5466],[-54.4392,-10.5478],[-54.443,-10.5479],[-54.4435,-10.5489],[-54.443,-10.5501],[-54.444,-10.5521],[-54.4482,-10.5547],[-54.4501,-10.5549],[-54.4507,-10.5536],[-54.4529,-10.5544],[-54.4539,-10.5559],[-54.455,-10.5564],[-54.457,-10.554],[-54.4593,-10.5549],[-54.4598,-10.5545],[-54.4647,-10.5567],[-54.4663,-10.5559],[-54.4768,-10.5636],[-54.4777,-10.5674]]}},{"type":"Feature","properties":{},"geometry":{"type":"LineString","coordinates":[[-54.4014,-10.5024],[-54.4014,-10.5027]]}},{"type":"Feature","properties":{},"geometry":{"type":"LineString","coordinates":[[-54.4258,-10.481],[-54.4206,-10.4874],[-54.4151,-10.4929],[-54.4114,-10.4936],[-54.4109,-10.4962],[-54.4093,-10.4962],[-54.4054,-10.4985],[-54.4014,-10.5024]]}},{"type":"Feature","properties":{},"geometry":{"type":"LineString","coordinates":[[-54.3705,-10.4682],[-54.3703,-10.4682]]}},{"type":"Feature","properties":{},"geometry":{"type":"LineString","coordinates":[[-54.3748,-10.4521],[-54.3725,-10.4567],[-54.3724,-10.461],[-54.3709,-10.4642],[-54.3705,-10.4682]]}},{"type":"Feature","properties":{},"geometry":{"type":"LineString","coordinates":[[-54.5017,-10.491],[-54.5068,-10.4935],[-54.5103,-10.4899],[-54.5122,-10.4915],[-54.5171,-10.4903],[-54.5162,-10.4962],[-54.5175,-10.498],[-54.5228,-10.5019],[-54.5239,-10.502],[-54.563,-10.5297],[-54.5668,-10.5296],[-54.5679,-10.5302],[-54.5693,-10.5319],[-54.5695,-10.5336],[-54.5705,-10.5344],[-54.5961,-10.5484]]}},{"type":"Feature","properties":{},"geometry":{"type":"LineString","coordinates":[[-54.5015,-10.4909],[-54.5017,-10.491]]}},{"type":"Feature","properties":{},"geometry":{"type":"LineString","coordinates":[[-54.3959,-10.3294],[-54.3958,-10.329]]}},{"type":"Feature","properties":{},"geometry":{"type":"LineString","coordinates":[[-54.3966,-10.333],[-54.3959,-10.3294]]}},{"type":"Feature","properties":{},"geometry":{"type":"LineString","coordinates":[[-54.4532,-10.369],[-54.4531,-10.3689]]}},{"type":"Feature","properties":{},"geometry":{"type":"LineString","coordinates":[[-54.5004,-10.4019],[-54.4787,-10.3874],[-54.4774,-10.3872],[-54.4764,-10.3856],[-54.4532,-10.369]]}},{"type":"Feature","properties":{},"geometry":{"type":"LineString","coordinates":[[-54.5169,-10.4836],[-54.5168,-10.4837]]}},{"type":"Feature","properties":{},"geometry":{"type":"LineString","coordinates":[[-54.5177,-10.483],[-54.5169,-10.4836]]}},{"type":"Feature","properties":{},"geometry":{"type":"LineString","coordinates":[[-54.5168,-10.4837],[-54.5103,-10.4899]]}},{"type":"Feature","properties":{},"geometry":{"type":"LineString","coordinates":[[-54.5178,-10.4829],[-54.5177,-10.483]]}},{"type":"Feature","properties":{},"geometry":{"type":"LineString","coordinates":[[-53.7957,-10.2864],[-53.7793,-10.2899],[-53.7772,-10.2893],[-53.7753,-10.2909],[-53.7696,-10.292],[-53.7673,-10.2953],[-53.766,-10.2949],[-53.7655,-10.2929],[-53.7548,-10.2956],[-53.677,-10.311]]}},{"type":"Feature","properties":{},"geometry":{"type":"LineString","coordinates":[[-53.8107,-10.4134],[-53.7847,-10.4497]]}},{"type":"Feature","properties":{},"geometry":{"type":"LineString","coordinates":[[-53.6946,-10.3818],[-53.6948,-10.3823]]}},{"type":"Feature","properties":{},"geometry":{"type":"LineString","coordinates":[[-53.6809,-10.3269],[-53.693,-10.3768],[-53.6946,-10.3818]]}},{"type":"Feature","properties":{},"geometry":{"type":"LineString","coordinates":[[-54.573,-11.3374],[-54.5779,-11.3483]]}},{"type":"Feature","properties":{},"geometry":{"type":"LineString","coordinates":[[-54.5526,-11.3509],[-54.573,-11.3374]]}},{"type":"Feature","properties":{},"geometry":{"type":"LineString","coordinates":[[-54.573,-11.3374],[-54.5624,-11.3204],[-54.5918,-11.3008],[-54.5955,-11.3053]]}},{"type":"Feature","properties":{},"geometry":{"type":"LineString","coordinates":[[-54.599,-10.856],[-54.5937,-10.855],[-54.5871,-10.8797]]}},{"type":"Feature","properties":{},"geometry":{"type":"LineString","coordinates":[[-54.4878,-10.7841],[-54.4877,-10.7841]]}},{"type":"Feature","properties":{},"geometry":{"type":"LineString","coordinates":[[-54.4877,-10.7841],[-54.4372,-10.7726],[-54.4363,-10.7741],[-54.4338,-10.7758],[-54.4308,-10.7739],[-54.4294,-10.7707],[-54.3786,-10.7589],[-54.3754,-10.7604],[-54.3749,-10.7615],[-54.3738,-10.7614],[-54.3625,-10.7678],[-54.3617,-10.7677],[-54.3592,-10.7639],[-54.3592,-10.7628],[-54.3581,-10.7623],[-54.3532,-10.7556]]}},{"type":"Feature","properties":{},"geometry":{"type":"LineString","coordinates":[[-54.4895,-10.7844],[-54.619,-10.8133],[-54.6211,-10.8136],[-54.6213,-10.8124],[-54.6229,-10.8115],[-54.6252,-10.8115],[-54.6272,-10.8125],[-54.6312,-10.8133],[-54.6323,-10.8141],[-54.6358,-10.8145],[-54.6382,-10.817],[-54.6465,-10.819]]}},{"type":"Feature","properties":{},"geometry":{"type":"LineString","coordinates":[[-54.4911,-10.7775],[-54.4911,-10.7777]]}},{"type":"Feature","properties":{},"geometry":{"type":"LineString","coordinates":[[-54.4998,-10.7389],[-54.5078,-10.7409]]}},{"type":"Feature","properties":{},"geometry":{"type":"LineString","coordinates":[[-54.5141,-10.7317],[-54.5023,-10.7276]]}},{"type":"Feature","properties":{},"geometry":{"type":"LineString","coordinates":[[-54.5142,-10.7317],[-54.5141,-10.7317]]}},{"type":"Feature","properties":{},"geometry":{"type":"LineString","coordinates":[[-54.5075,-10.7036],[-54.5085,-10.7051],[-54.5072,-10.7062],[-54.5058,-10.7088],[-54.506,-10.7111],[-54.4983,-10.7464]]}},{"type":"Feature","properties":{},"geometry":{"type":"LineString","coordinates":[[-54.5075,-10.7034],[-54.5075,-10.7036]]}},{"type":"Feature","properties":{},"geometry":{"type":"LineString","coordinates":[[-54.5129,-10.6792],[-54.5075,-10.7034]]}},{"type":"Feature","properties":{},"geometry":{"type":"LineString","coordinates":[[-54.513,-10.6791],[-54.5129,-10.6792]]}},{"type":"Feature","properties":{},"geometry":{"type":"LineString","coordinates":[[-54.5302,-10.6306],[-54.5281,-10.6332],[-54.5231,-10.6326],[-54.5209,-10.6358],[-54.5218,-10.6372],[-54.5206,-10.6416],[-54.5191,-10.6431],[-54.5201,-10.6448],[-54.5173,-10.6588],[-54.5182,-10.66],[-54.5164,-10.6624],[-54.513,-10.6791]]}},{"type":"Feature","properties":{},"geometry":{"type":"LineString","coordinates":[[-54.5303,-10.6305],[-54.5302,-10.6306]]}},{"type":"Feature","properties":{},"geometry":{"type":"LineString","coordinates":[[-54.4983,-10.7465],[-54.4911,-10.7775]]}},{"type":"Feature","properties":{},"geometry":{"type":"LineString","coordinates":[[-54.4983,-10.7464],[-54.4983,-10.7465]]}},{"type":"Feature","properties":{},"geometry":{"type":"LineString","coordinates":[[-54.5078,-10.7409],[-54.508,-10.741]]}},{"type":"Feature","properties":{},"geometry":{"type":"LineString","coordinates":[[-54.508,-10.741],[-54.5172,-10.7434]]}},{"type":"Feature","properties":{},"geometry":{"type":"LineString","coordinates":[[-54.456,-10.7143],[-54.4732,-10.7181]]}},{"type":"Feature","properties":{},"geometry":{"type":"LineString","coordinates":[[-54.4557,-10.7142],[-54.456,-10.7143]]}},{"type":"Feature","properties":{},"geometry":{"type":"LineString","coordinates":[[-54.5538,-10.7514],[-54.5255,-10.734],[-54.5171,-10.7319],[-54.5142,-10.7317]]}},{"type":"Feature","properties":{},"geometry":{"type":"LineString","coordinates":[[-54.5539,-10.7515],[-54.5538,-10.7514]]}},{"type":"Feature","properties":{},"geometry":{"type":"LineString","coordinates":[[-54.5684,-10.7092],[-54.5675,-10.7086],[-54.5644,-10.7098],[-54.5627,-10.7091],[-54.5612,-10.7098],[-54.5576,-10.7083],[-54.5532,-10.7087]]}},{"type":"Feature","properties":{},"geometry":{"type":"LineString","coordinates":[[-54.5684,-10.7093],[-54.5684,-10.7092]]}},{"type":"Feature","properties":{},"geometry":{"type":"LineString","coordinates":[[-54.5506,-10.5713],[-54.5484,-10.5712],[-54.5428,-10.5683],[-54.5391,-10.5606],[-54.5357,-10.5579],[-54.5362,-10.5562],[-54.5342,-10.5538],[-54.5377,-10.5532],[-54.5386,-10.5518],[-54.5352,-10.5513],[-54.5335,-10.5503],[-54.5326,-10.5488],[-54.5306,-10.5486],[-54.5291,-10.5467],[-54.5289,-10.5446],[-54.5272,-10.5411],[-54.5236,-10.5407],[-54.5203,-10.539],[-54.5163,-10.5361],[-54.5155,-10.5331],[-54.5111,-10.5324],[-54.5088,-10.5306],[-54.5038,-10.5312],[-54.5026,-10.5293],[-54.5026,-10.5276],[-54.4923,-10.5202]]}},{"type":"Feature","properties":{},"geometry":{"type":"LineString","coordinates":[[-54.5507,-10.5712],[-54.5506,-10.5713]]}},{"type":"Feature","properties":{},"geometry":{"type":"LineString","coordinates":[[-54.4923,-10.5202],[-54.4922,-10.5201]]}},{"type":"Feature","properties":{},"geometry":{"type":"LineString","coordinates":[[-54.4922,-10.5201],[-54.4709,-10.5068],[-54.4686,-10.5014],[-54.4685,-10.4999],[-54.4672,-10.4986],[-54.4658,-10.4984],[-54.4643,-10.4969],[-54.4613,-10.4965],[-54.4592,-10.4955],[-54.4561,-10.4952],[-54.4533,-10.4958],[-54.4258,-10.481]]}},{"type":"Feature","properties":{},"geometry":{"type":"LineString","coordinates":[[-54.4643,-10.6779],[-54.4642,-10.6779]]}},{"type":"Feature","properties":{},"geometry":{"type":"LineString","coordinates":[[-54.4642,-10.6779],[-54.4619,-10.6781],[-54.4603,-10.6776],[-54.4583,-10.6753],[-54.4558,-10.675],[-54.4525,-10.6726],[-54.4554,-10.6603],[-54.4483,-10.6574]]}},{"type":"Feature","properties":{},"geometry":{"type":"LineString","coordinates":[[-54.3244,-11.5189],[-54.3454,-11.5067]]}},{"type":"Feature","properties":{},"geometry":{"type":"LineString","coordinates":[[-54.3394,-11.5103],[-54.3471,-11.5235]]}},{"type":"Feature","properties":{},"geometry":{"type":"LineString","coordinates":[[-54.3471,-11.5235],[-54.3491,-11.5271]]}},{"type":"Feature","properties":{},"geometry":{"type":"LineString","coordinates":[[-54.3234,-11.5387],[-54.3257,-11.5371],[-54.3275,-11.5346],[-54.3471,-11.5235]]}},{"type":"Feature","properties":{},"geometry":{"type":"LineString","coordinates":[[-54.3382,-11.5285],[-54.3347,-11.5231]]}},{"type":"Feature","properties":{},"geometry":{"type":"LineString","coordinates":[[-54.33,-11.5157],[-54.3347,-11.5231]]}},{"type":"Feature","properties":{},"geometry":{"type":"LineString","coordinates":[[-54.33,-11.5157],[-54.3256,-11.5097]]}},{"type":"Feature","properties":{},"geometry":{"type":"LineString","coordinates":[[-54.3126,-11.5448],[-54.3128,-11.5447]]}},{"type":"Feature","properties":{},"geometry":{"type":"LineString","coordinates":[[-54.3128,-11.5447],[-54.3232,-11.5385]]}},{"type":"Feature","properties":{},"geometry":{"type":"LineString","coordinates":[[-54.3243,-11.5523],[-54.3241,-11.5524]]}},{"type":"Feature","properties":{},"geometry":{"type":"LineString","coordinates":[[-54.3241,-11.5524],[-54.3184,-11.5567],[-54.3238,-11.5672],[-54.325,-11.5689],[-54.3298,-11.5661],[-54.346,-11.5923]]}},{"type":"Feature","properties":{},"geometry":{"type":"LineString","coordinates":[[-54.3242,-11.5516],[-54.3255,-11.5519]]}},{"type":"Feature","properties":{},"geometry":{"type":"LineString","coordinates":[[-54.3369,-11.545],[-54.3401,-11.5505]]}},{"type":"Feature","properties":{},"geometry":{"type":"LineString","coordinates":[[-54.3579,-11.5321],[-54.3588,-11.5333]]}},{"type":"Feature","properties":{},"geometry":{"type":"LineString","coordinates":[[-54.3327,-11.5141],[-54.33,-11.5094],[-54.3335,-11.5082],[-54.3394,-11.5103]]}},{"type":"Feature","properties":{},"geometry":{"type":"LineString","coordinates":[[-54.3333,-11.5082],[-54.3357,-11.5124]]}},{"type":"Feature","properties":{},"geometry":{"type":"LineString","coordinates":[[-54.2858,-11.4091],[-54.272,-11.4198]]}},{"type":"Feature","properties":{},"geometry":{"type":"LineString","coordinates":[[-54.2858,-11.4091],[-54.3072,-11.3939]]}},{"type":"Feature","properties":{},"geometry":{"type":"LineString","coordinates":[[-54.2881,-11.4076],[-54.2837,-11.4023]]}},{"type":"Feature","properties":{},"geometry":{"type":"LineString","coordinates":[[-54.2945,-11.3939],[-54.2911,-11.3983],[-54.2948,-11.4027]]}},{"type":"Feature","properties":{},"geometry":{"type":"LineString","coordinates":[[-54.3029,-11.3968],[-54.2995,-11.3939]]}},{"type":"Feature","properties":{},"geometry":{"type":"LineString","coordinates":[[-54.3029,-11.3968],[-54.3057,-11.4009]]}},{"type":"Feature","properties":{},"geometry":{"type":"LineString","coordinates":[[-54.2995,-11.3939],[-54.2952,-11.39]]}},{"type":"Feature","properties":{},"geometry":{"type":"LineString","coordinates":[[-54.2906,-11.3938],[-54.3048,-11.3817],[-54.3087,-11.3868],[-54.3122,-11.3897],[-54.314,-11.3893],[-54.3138,-11.3897]]}},{"type":"Feature","properties":{},"geometry":{"type":"LineString","coordinates":[[-54.3164,-11.3912],[-54.3138,-11.3897]]}},{"type":"Feature","properties":{},"geometry":{"type":"LineString","coordinates":[[-54.27,-11.4176],[-54.2302,-11.4478],[-54.2323,-11.4479],[-54.2378,-11.4515],[-54.2795,-11.4205]]}},{"type":"Feature","properties":{},"geometry":{"type":"LineString","coordinates":[[-54.2796,-11.4205],[-54.3178,-11.3917],[-54.3164,-11.3912]]}},{"type":"Feature","properties":{},"geometry":{"type":"LineString","coordinates":[[-54.2795,-11.4205],[-54.2796,-11.4205]]}},{"type":"Feature","properties":{},"geometry":{"type":"LineString","coordinates":[[-54.3604,-11.4399],[-54.3211,-11.4744]]}},{"type":"Feature","properties":{},"geometry":{"type":"LineString","coordinates":[[-54.3269,-11.4693],[-54.3202,-11.4618],[-54.3291,-11.4538],[-54.3236,-11.4478]]}},{"type":"Feature","properties":{},"geometry":{"type":"LineString","coordinates":[[-54.3278,-11.4685],[-54.3321,-11.4728]]}},{"type":"Feature","properties":{},"geometry":{"type":"LineString","coordinates":[[-54.3236,-11.4478],[-54.3338,-11.4388]]}},{"type":"Feature","properties":{},"geometry":{"type":"LineString","coordinates":[[-54.3309,-11.4413],[-54.3225,-11.4376]]}},{"type":"Feature","properties":{},"geometry":{"type":"LineString","coordinates":[[-54.3163,-11.4279],[-54.3146,-11.4341]]}},{"type":"Feature","properties":{},"geometry":{"type":"LineString","coordinates":[[-54.3341,-11.4299],[-54.3171,-11.4259],[-54.3163,-11.4279]]}},{"type":"Feature","properties":{},"geometry":{"type":"LineString","coordinates":[[-54.5663,-10.3674],[-54.5661,-10.3672]]}},{"type":"Feature","properties":{},"geometry":{"type":"LineString","coordinates":[[-54.5689,-10.3694],[-54.5663,-10.3674]]}},{"type":"Feature","properties":{},"geometry":{"type":"LineString","coordinates":[[-54.5679,-10.311],[-54.5617,-10.3065],[-54.5333,-10.3415]]}},{"type":"Feature","properties":{},"geometry":{"type":"LineString","coordinates":[[-54.568,-10.3111],[-54.5679,-10.311]]}},{"type":"Feature","properties":{},"geometry":{"type":"LineString","coordinates":[[-54.4733,-10.7182],[-54.5029,-10.7247]]}},{"type":"Feature","properties":{},"geometry":{"type":"LineString","coordinates":[[-54.4732,-10.7181],[-54.4733,-10.7182]]}},{"type":"Feature","properties":{},"geometry":{"type":"LineString","coordinates":[[-54.5256,-11.0879],[-54.5251,-11.0884]]}},{"type":"Feature","properties":{},"geometry":{"type":"LineString","coordinates":[[-54.515,-11.0892],[-54.5156,-11.0898]]}},{"type":"Feature","properties":{},"geometry":{"type":"LineString","coordinates":[[-54.5151,-11.0836],[-54.5141,-11.0825]]}},{"type":"Feature","properties":{},"geometry":{"type":"LineString","coordinates":[[-54.5019,-11.0746],[-54.4949,-11.0678]]}},{"type":"Feature","properties":{},"geometry":{"type":"LineString","coordinates":[[-54.4917,-11.074],[-54.4931,-11.0731],[-54.4909,-11.0703]]}},{"type":"Feature","properties":{},"geometry":{"type":"LineString","coordinates":[[-54.4972,-11.0794],[-54.4909,-11.0733]]}},{"type":"Feature","properties":{},"geometry":{"type":"LineString","coordinates":[[-54.5092,-11.096],[-54.5093,-11.0959]]}},{"type":"Feature","properties":{},"geometry":{"type":"LineString","coordinates":[[-54.4853,-11.1197],[-54.4765,-11.1275]]}},{"type":"Feature","properties":{},"geometry":{"type":"LineString","coordinates":[[-54.1141,-12.5184],[-54.0415,-12.5175]]}},{"type":"Feature","properties":{},"geometry":{"type":"LineString","coordinates":[[-54.0668,-12.5758],[-54.0408,-12.5755],[-54.0273,-12.5726],[-54.0141,-12.5684]]}},{"type":"Feature","properties":{},"geometry":{"type":"LineString","coordinates":[[-54.3276,-10.7474],[-54.3282,-10.7455],[-54.3279,-10.743],[-54.3217,-10.7342]]}},{"type":"Feature","properties":{},"geometry":{"type":"LineString","coordinates":[[-54.5792,-10.5228],[-54.5784,-10.5238],[-54.5776,-10.5238],[-54.5778,-10.5246],[-54.5768,-10.5263],[-54.5781,-10.5282],[-54.5786,-10.5323],[-54.5841,-10.5344],[-54.5856,-10.5396],[-54.5839,-10.542]]}},{"type":"Feature","properties":{},"geometry":{"type":"LineString","coordinates":[[-54.5792,-10.5228],[-54.5792,-10.5228]]}},{"type":"Feature","properties":{},"geometry":{"type":"LineString","coordinates":[[-54.0134,-10.6],[-54.0113,-10.6025]]}},{"type":"Feature","properties":{},"geometry":{"type":"LineString","coordinates":[[-53.4,-12.0075],[-53.4004,-12.0078]]}},{"type":"Feature","properties":{},"geometry":{"type":"LineString","coordinates":[[-53.4007,-12.0081],[-53.4006,-12.0087]]}},{"type":"Feature","properties":{},"geometry":{"type":"LineString","coordinates":[[-53.3986,-12.007],[-53.3962,-12.0059]]}},{"type":"Feature","properties":{},"geometry":{"type":"LineString","coordinates":[[-53.4363,-12.1509],[-53.437,-12.1509]]}},{"type":"Feature","properties":{},"geometry":{"type":"LineString","coordinates":[[-53.4363,-12.1509],[-53.4344,-12.1507],[-53.4328,-12.1541]]}},{"type":"Feature","properties":{},"geometry":{"type":"LineString","coordinates":[[-53.4351,-12.1508],[-53.4343,-12.1524]]}},{"type":"Feature","properties":{},"geometry":{"type":"LineString","coordinates":[[-53.4347,-12.153],[-53.4356,-12.1508]]}},{"type":"Feature","properties":{},"geometry":{"type":"LineString","coordinates":[[-53.4346,-12.1543],[-53.436,-12.1508]]}},{"type":"Feature","properties":{},"geometry":{"type":"LineString","coordinates":[[-53.4363,-12.1509],[-53.436,-12.1523]]}},{"type":"Feature","properties":{},"geometry":{"type":"LineString","coordinates":[[-53.4359,-12.1524],[-53.4353,-12.1526]]}},{"type":"Feature","properties":{},"geometry":{"type":"LineString","coordinates":[[-53.436,-12.1523],[-53.4359,-12.1524]]}},{"type":"Feature","properties":{},"geometry":{"type":"LineString","coordinates":[[-53.4346,-12.1543],[-53.4359,-12.1524]]}},{"type":"Feature","properties":{},"geometry":{"type":"LineString","coordinates":[[-53.4349,-12.1533],[-53.4348,-12.1531]]}},{"type":"Feature","properties":{},"geometry":{"type":"LineString","coordinates":[[-53.435,-12.1531],[-53.4348,-12.1531]]}},{"type":"Feature","properties":{},"geometry":{"type":"LineString","coordinates":[[-53.4347,-12.153],[-53.4348,-12.1531]]}},{"type":"Feature","properties":{},"geometry":{"type":"LineString","coordinates":[[-53.4347,-12.153],[-53.4341,-12.1535]]}},{"type":"Feature","properties":{},"geometry":{"type":"LineString","coordinates":[[-53.4344,-12.1507],[-53.4327,-12.1506]]}},{"type":"Feature","properties":{},"geometry":{"type":"LineString","coordinates":[[-53.4336,-12.1505],[-53.4332,-12.1518]]}},{"type":"Feature","properties":{},"geometry":{"type":"LineString","coordinates":[[-53.4316,-12.1525],[-53.4323,-12.1521],[-53.4326,-12.1503],[-53.4333,-12.1505]]}},{"type":"Feature","properties":{},"geometry":{"type":"LineString","coordinates":[[-53.4327,-12.1506],[-53.4332,-12.1508]]}},{"type":"Feature","properties":{},"geometry":{"type":"LineString","coordinates":[[-53.4325,-12.1506],[-53.4327,-12.1506]]}},{"type":"Feature","properties":{},"geometry":{"type":"LineString","coordinates":[[-53.4315,-12.1504],[-53.4315,-12.1526]]}},{"type":"Feature","properties":{},"geometry":{"type":"LineString","coordinates":[[-53.4315,-12.1526],[-53.4307,-12.1533],[-53.4306,-12.1581]]}},{"type":"Feature","properties":{},"geometry":{"type":"LineString","coordinates":[[-53.4315,-12.1526],[-53.4316,-12.1525]]}},{"type":"Feature","properties":{},"geometry":{"type":"LineString","coordinates":[[-53.4316,-12.1525],[-53.4319,-12.1525]]}},{"type":"Feature","properties":{},"geometry":{"type":"LineString","coordinates":[[-53.4308,-12.1528],[-53.4315,-12.153]]}},{"type":"Feature","properties":{},"geometry":{"type":"LineString","coordinates":[[-53.4315,-12.1526],[-53.4318,-12.1559]]}},{"type":"Feature","properties":{},"geometry":{"type":"LineString","coordinates":[[-53.4308,-12.1528],[-53.4237,-12.1534],[-53.4232,-12.1542]]}},{"type":"Feature","properties":{},"geometry":{"type":"LineString","coordinates":[[-53.4308,-12.1528],[-53.4307,-12.1533]]}},{"type":"Feature","properties":{},"geometry":{"type":"LineString","coordinates":[[-53.4346,-12.1543],[-53.4334,-12.1557],[-53.4332,-12.1552],[-53.4321,-12.1557]]}},{"type":"Feature","properties":{},"geometry":{"type":"LineString","coordinates":[[-53.4333,-12.1555],[-53.433,-12.1586]]}},{"type":"Feature","properties":{},"geometry":{"type":"LineString","coordinates":[[-53.5618,-12.243],[-53.5619,-12.2377]]}},{"type":"Feature","properties":{},"geometry":{"type":"LineString","coordinates":[[-53.5616,-12.2409],[-53.5626,-12.2404],[-53.5633,-12.2389]]}},{"type":"Feature","properties":{},"geometry":{"type":"LineString","coordinates":[[-53.5698,-12.2452],[-53.5696,-12.2399],[-53.5701,-12.2385]]}},{"type":"Feature","properties":{},"geometry":{"type":"LineString","coordinates":[[-53.5693,-12.2408],[-53.5656,-12.2401]]}},{"type":"Feature","properties":{},"geometry":{"type":"LineString","coordinates":[[-53.5696,-12.2409],[-53.5693,-12.2408]]}},{"type":"Feature","properties":{},"geometry":{"type":"LineString","coordinates":[[-53.5688,-12.2449],[-53.5682,-12.2464],[-53.5658,-12.2468],[-53.5648,-12.2482]]}},{"type":"Feature","properties":{},"geometry":{"type":"LineString","coordinates":[[-53.5846,-12.2484],[-53.5827,-12.2473]]}},{"type":"Feature","properties":{},"geometry":{"type":"LineString","coordinates":[[-53.5872,-12.2429],[-53.5835,-12.2477]]}},{"type":"Feature","properties":{},"geometry":{"type":"LineString","coordinates":[[-53.5827,-12.2475],[-53.5824,-12.2414]]}},{"type":"Feature","properties":{},"geometry":{"type":"LineString","coordinates":[[-53.5822,-12.2495],[-53.5816,-12.2508],[-53.5822,-12.2541]]}},{"type":"Feature","properties":{},"geometry":{"type":"LineString","coordinates":[[-53.5822,-12.2541],[-53.5827,-12.2549]]}},{"type":"Feature","properties":{},"geometry":{"type":"LineString","coordinates":[[-53.5743,-12.264],[-53.5779,-12.2598],[-53.5803,-12.2589],[-53.5821,-12.2572],[-53.583,-12.2541]]}},{"type":"Feature","properties":{},"geometry":{"type":"LineString","coordinates":[[-53.5779,-12.2598],[-53.5734,-12.2608]]}},{"type":"Feature","properties":{},"geometry":{"type":"LineString","coordinates":[[-53.5821,-12.2572],[-53.5837,-12.2621],[-53.5835,-12.2664]]}},{"type":"Feature","properties":{},"geometry":{"type":"LineString","coordinates":[[-53.5832,-12.2494],[-53.5846,-12.2541]]}},{"type":"Feature","properties":{},"geometry":{"type":"LineString","coordinates":[[-53.585,-12.2569],[-53.5846,-12.2541]]}},{"type":"Feature","properties":{},"geometry":{"type":"LineString","coordinates":[[-53.5962,-12.2667],[-53.5876,-12.2603],[-53.585,-12.2569]]}},{"type":"Feature","properties":{},"geometry":{"type":"LineString","coordinates":[[-53.585,-12.2569],[-53.5839,-12.2566]]}},{"type":"Feature","properties":{},"geometry":{"type":"LineString","coordinates":[[-53.5858,-12.2583],[-53.5879,-12.2619],[-53.5887,-12.2686]]}},{"type":"Feature","properties":{},"geometry":{"type":"LineString","coordinates":[[-53.5908,-12.2629],[-53.5905,-12.265],[-53.5913,-12.2659],[-53.5917,-12.2694]]}},{"type":"Feature","properties":{},"geometry":{"type":"LineString","coordinates":[[-53.5908,-12.2629],[-53.594,-12.2623],[-53.5994,-12.2641]]}},{"type":"Feature","properties":{},"geometry":{"type":"LineString","coordinates":[[-53.5915,-12.2636],[-53.5913,-12.2629]]}},{"type":"Feature","properties":{},"geometry":{"type":"LineString","coordinates":[[-53.5915,-12.2668],[-53.5937,-12.268]]}},{"type":"Feature","properties":{},"geometry":{"type":"LineString","coordinates":[[-53.5869,-12.2593],[-53.5886,-12.2593]]}},{"type":"Feature","properties":{},"geometry":{"type":"LineString","coordinates":[[-53.3365,-12.1666],[-53.3376,-12.1682]]}},{"type":"Feature","properties":{},"geometry":{"type":"LineString","coordinates":[[-53.3382,-12.1695],[-53.3376,-12.1682]]}},{"type":"Feature","properties":{},"geometry":{"type":"LineString","coordinates":[[-53.3382,-12.1695],[-53.3383,-12.1706]]}},{"type":"Feature","properties":{},"geometry":{"type":"LineString","coordinates":[[-53.3371,-12.1709],[-53.3382,-12.1695]]}},{"type":"Feature","properties":{},"geometry":{"type":"LineString","coordinates":[[-53.3419,-12.1715],[-53.3363,-12.1704]]}},{"type":"Feature","properties":{},"geometry":{"type":"LineString","coordinates":[[-53.3475,-12.1779],[-53.3418,-12.1713],[-53.3407,-12.1712]]}},{"type":"Feature","properties":{},"geometry":{"type":"LineString","coordinates":[[-53.3475,-12.1779],[-53.3496,-12.1811]]}},{"type":"Feature","properties":{},"geometry":{"type":"LineString","coordinates":[[-53.3475,-12.1779],[-53.347,-12.1799],[-53.3488,-12.1798]]}},{"type":"Feature","properties":{},"geometry":{"type":"LineString","coordinates":[[-53.3645,-12.1904],[-53.3601,-12.1877],[-53.3575,-12.1851],[-53.3557,-12.1847],[-53.3496,-12.1811]]}},{"type":"Feature","properties":{},"geometry":{"type":"LineString","coordinates":[[-53.3529,-12.188],[-53.3527,-12.183]]}},{"type":"Feature","properties":{},"geometry":{"type":"LineString","coordinates":[[-53.3563,-12.1849],[-53.3529,-12.188]]}},{"type":"Feature","properties":{},"geometry":{"type":"LineString","coordinates":[[-53.3527,-12.1836],[-53.352,-12.1861],[-53.3523,-12.1875],[-53.3529,-12.188]]}},{"type":"Feature","properties":{},"geometry":{"type":"LineString","coordinates":[[-54.5302,-11.5278],[-54.5348,-11.5343]]}},{"type":"Feature","properties":{},"geometry":{"type":"LineString","coordinates":[[-54.3724,-11.5274],[-54.3745,-11.5303]]}},{"type":"Feature","properties":{},"geometry":{"type":"LineString","coordinates":[[-54.3744,-11.5304],[-54.3723,-11.5275]]}},{"type":"Feature","properties":{},"geometry":{"type":"LineString","coordinates":[[-54.3694,-11.5233],[-54.3665,-11.5197]]}},{"type":"Feature","properties":{},"geometry":{"type":"LineString","coordinates":[[-53.0988,-12.5091],[-53.1005,-12.5082],[-53.1016,-12.5065]]}},{"type":"Feature","properties":{},"geometry":{"type":"LineString","coordinates":[[-53.3916,-12.3836],[-53.3851,-12.3712],[-53.3816,-12.3688],[-53.3798,-12.3665],[-53.3723,-12.3603],[-53.3616,-12.3528],[-53.3538,-12.3445],[-53.3526,-12.3399],[-53.345,-12.3282],[-53.3445,-12.3267],[-53.345,-12.3246],[-53.3427,-12.3213],[-53.3409,-12.3117],[-53.3389,-12.3054],[-53.3395,-12.3015],[-53.3434,-12.2979],[-53.3429,-12.295],[-53.3437,-12.2925],[-53.3466,-12.2911],[-53.3523,-12.2715],[-53.3534,-12.2641]]}},{"type":"Feature","properties":{},"geometry":{"type":"LineString","coordinates":[[-53.0032,-12.5158],[-53.0016,-12.514]]}},{"type":"Feature","properties":{},"geometry":{"type":"LineString","coordinates":[[-53.0909,-12.485],[-53.0906,-12.4854]]}},{"type":"Feature","properties":{},"geometry":{"type":"LineString","coordinates":[[-53.0911,-12.4849],[-53.0909,-12.485]]}},{"type":"Feature","properties":{},"geometry":{"type":"LineString","coordinates":[[-53.013,-12.5187],[-53.0034,-12.5141],[-53.0032,-12.5148]]}},{"type":"Feature","properties":{},"geometry":{"type":"LineString","coordinates":[[-54.55,-10.928],[-54.5615,-10.9287],[-54.5752,-10.9243],[-54.5923,-10.9167],[-54.6085,-10.9352]]}},{"type":"Feature","properties":{},"geometry":{"type":"LineString","coordinates":[[-54.5655,-10.9274],[-54.5692,-10.9332]]}},{"type":"Feature","properties":{},"geometry":{"type":"LineString","coordinates":[[-54.5693,-10.9333],[-54.582,-10.9398],[-54.5875,-10.9452],[-54.5886,-10.9455],[-54.5909,-10.9487],[-54.5988,-10.9564]]}},{"type":"Feature","properties":{},"geometry":{"type":"LineString","coordinates":[[-54.5692,-10.9332],[-54.5693,-10.9333]]}},{"type":"Feature","properties":{},"geometry":{"type":"LineString","coordinates":[[-54.55,-10.928],[-54.5306,-10.9364]]}},{"type":"Feature","properties":{},"geometry":{"type":"LineString","coordinates":[[-54.5507,-12.1734],[-54.5493,-12.179],[-54.5433,-12.1764],[-54.5443,-12.1724]]}},{"type":"Feature","properties":{},"geometry":{"type":"LineString","coordinates":[[-54.4079,-12.1853],[-54.4096,-12.1742],[-54.3852,-12.1713],[-54.3843,-12.1736],[-54.3835,-12.1792],[-54.4079,-12.1853]]}},{"type":"Feature","properties":{},"geometry":{"type":"LineString","coordinates":[[-54.4079,-12.1853],[-54.4058,-12.1992],[-54.3689,-12.1928],[-54.3574,-12.2582],[-54.3558,-12.2592]]}},{"type":"Feature","properties":{},"geometry":{"type":"LineString","coordinates":[[-54.3938,-12.1818],[-54.392,-12.1933],[-54.4062,-12.1969]]}},{"type":"Feature","properties":{},"geometry":{"type":"LineString","coordinates":[[-54.392,-12.1933],[-54.3776,-12.1896],[-54.3815,-12.184],[-54.3837,-12.1793]]}},{"type":"Feature","properties":{},"geometry":{"type":"LineString","coordinates":[[-54.3806,-12.1852],[-54.3794,-12.1845],[-54.3757,-12.1891],[-54.3699,-12.1879],[-54.3689,-12.1928]]}},{"type":"Feature","properties":{},"geometry":{"type":"LineString","coordinates":[[-54.4146,-12.1405],[-54.4113,-12.163],[-54.4178,-12.1671],[-54.4186,-12.1705],[-54.4178,-12.1741],[-54.411,-12.1762],[-54.409,-12.1784]]}},{"type":"Feature","properties":{},"geometry":{"type":"LineString","coordinates":[[-54.5112,-12.1611],[-54.5058,-12.178],[-54.5012,-12.1789],[-54.4814,-12.1793],[-54.4802,-12.1798],[-54.4728,-12.2235],[-54.4691,-12.2524],[-54.4751,-12.2582],[-54.4682,-12.2831]]}},{"type":"Feature","properties":{},"geometry":{"type":"LineString","coordinates":[[-54.4759,-12.2872],[-54.4777,-12.2623],[-54.4741,-12.2616]]}},{"type":"Feature","properties":{},"geometry":{"type":"LineString","coordinates":[[-54.4691,-12.2524],[-54.4627,-12.2691],[-54.4569,-12.2974],[-54.4464,-12.2937],[-54.4486,-12.2857],[-54.4742,-12.2952],[-54.4761,-12.2873]]}},{"type":"Feature","properties":{},"geometry":{"type":"LineString","coordinates":[[-54.1293,-11.9288],[-54.1339,-11.9239],[-54.1288,-11.9197],[-54.135,-11.8873],[-54.1263,-11.8805],[-54.1267,-11.8787],[-54.129,-11.8758],[-54.1337,-11.8743],[-54.1371,-11.8751],[-54.1395,-11.8612],[-54.1069,-11.8557]]}},{"type":"Feature","properties":{},"geometry":{"type":"LineString","coordinates":[[-53.7894,-10.5278],[-53.7888,-10.5283],[-53.7879,-10.5384]]}},{"type":"Feature","properties":{},"geometry":{"type":"LineString","coordinates":[[-54.6096,-11.0836],[-54.6094,-11.0885],[-54.6056,-11.0879],[-54.6057,-11.0926],[-54.5997,-11.0973],[-54.5936,-11.1088],[-54.5914,-11.1189]]}},{"type":"Feature","properties":{},"geometry":{"type":"LineString","coordinates":[[-54.6056,-11.0879],[-54.5721,-11.0808],[-54.5761,-11.0763]]}},{"type":"Feature","properties":{},"geometry":{"type":"LineString","coordinates":[[-54.5798,-11.0731],[-54.5849,-11.0681],[-54.5848,-11.067],[-54.5885,-11.0654],[-54.5896,-11.0639],[-54.5911,-11.064]]}},{"type":"Feature","properties":{},"geometry":{"type":"LineString","coordinates":[[-54.5797,-11.0732],[-54.5798,-11.0731]]}},{"type":"Feature","properties":{},"geometry":{"type":"LineString","coordinates":[[-54.4016,-10.9396],[-54.3951,-10.9448]]}},{"type":"Feature","properties":{},"geometry":{"type":"LineString","coordinates":[[-54.395,-10.9448],[-54.3891,-10.9494],[-54.3859,-10.9455],[-54.3779,-10.9509]]}},{"type":"Feature","properties":{},"geometry":{"type":"LineString","coordinates":[[-54.3951,-10.9448],[-54.395,-10.9448]]}},{"type":"Feature","properties":{},"geometry":{"type":"LineString","coordinates":[[-54.2545,-11.5934],[-54.2696,-11.5778]]}},{"type":"Feature","properties":{},"geometry":{"type":"LineString","coordinates":[[-54.2494,-11.5857],[-54.2596,-11.6011],[-54.256,-11.6053],[-54.2557,-11.6177]]}},{"type":"Feature","properties":{},"geometry":{"type":"LineString","coordinates":[[-54.2696,-11.5778],[-54.2748,-11.5854],[-54.2963,-11.6077],[-54.3023,-11.6091]]}},{"type":"Feature","properties":{},"geometry":{"type":"LineString","coordinates":[[-54.3525,-10.3005],[-54.3561,-10.3005]]}},{"type":"Feature","properties":{},"geometry":{"type":"LineString","coordinates":[[-54.3523,-10.3007],[-54.3525,-10.3005]]}},{"type":"Feature","properties":{},"geometry":{"type":"LineString","coordinates":[[-54.0449,-10.3273],[-54.0448,-10.3274]]}},{"type":"Feature","properties":{},"geometry":{"type":"LineString","coordinates":[[-54.0545,-10.3132],[-54.0592,-10.3173],[-54.0449,-10.3273]]}},{"type":"Feature","properties":{},"geometry":{"type":"LineString","coordinates":[[-54.0599,-10.329],[-54.0606,-10.3262],[-54.0661,-10.3225],[-54.0669,-10.3196],[-54.0683,-10.3182],[-54.0717,-10.3196],[-54.086,-10.3128],[-54.099,-10.3115],[-54.102,-10.3061],[-54.1005,-10.3022],[-54.0985,-10.2833],[-54.0976,-10.279]]}},{"type":"Feature","properties":{},"geometry":{"type":"LineString","coordinates":[[-54.0599,-10.3291],[-54.0599,-10.329]]}},{"type":"Feature","properties":{},"geometry":{"type":"LineString","coordinates":[[-54.0471,-10.3451],[-54.0469,-10.3449]]}},{"type":"Feature","properties":{},"geometry":{"type":"LineString","coordinates":[[-54.0448,-10.3274],[-54.0243,-10.3415],[-54.0472,-10.345]]}},{"type":"Feature","properties":{},"geometry":{"type":"LineString","coordinates":[[-54.1132,-10.2556],[-54.108,-10.2546],[-54.1076,-10.2532],[-54.1001,-10.2524],[-54.0997,-10.2513],[-54.0986,-10.2508],[-54.0946,-10.2525],[-54.0929,-10.2538],[-54.0889,-10.2522],[-54.0823,-10.2512],[-54.0823,-10.2603],[-54.081,-10.2639],[-54.0822,-10.2663],[-54.0822,-10.2764],[-54.0794,-10.2778],[-54.0773,-10.2803],[-54.0781,-10.2862],[-54.0737,-10.2894],[-54.0682,-10.2952],[-54.0676,-10.2979],[-54.0622,-10.2961],[-54.0576,-10.2983],[-54.0573,-10.3103],[-54.055,-10.3134]]}},{"type":"Feature","properties":{},"geometry":{"type":"LineString","coordinates":[[-54.103,-11.9114],[-54.0655,-11.9244],[-54.0347,-11.9023]]}},{"type":"Feature","properties":{},"geometry":{"type":"LineString","coordinates":[[-54.103,-11.9114],[-54.0911,-11.9527],[-54.0713,-11.9446],[-54.0744,-11.9213]]}},{"type":"Feature","properties":{},"geometry":{"type":"LineString","coordinates":[[-54.2548,-12.4328],[-54.2519,-12.4362],[-54.2547,-12.4386]]}},{"type":"Feature","properties":{},"geometry":{"type":"LineString","coordinates":[[-54.0511,-11.463],[-54.0653,-11.4794],[-54.0734,-11.4745]]}},{"type":"Feature","properties":{},"geometry":{"type":"LineString","coordinates":[[-54.2548,-12.4328],[-54.257,-12.4296],[-54.2605,-12.4304],[-54.2899,-12.4583]]}},{"type":"Feature","properties":{},"geometry":{"type":"LineString","coordinates":[[-54.4696,-10.4749],[-54.4704,-10.4757],[-54.4718,-10.476],[-54.4761,-10.4737],[-54.4796,-10.4753],[-54.4857,-10.4738],[-54.49,-10.4757],[-54.4952,-10.4863],[-54.4982,-10.489],[-54.5015,-10.4909]]}},{"type":"Feature","properties":{},"geometry":{"type":"LineString","coordinates":[[-54.4696,-10.4748],[-54.4696,-10.4749]]}},{"type":"Feature","properties":{},"geometry":{"type":"LineString","coordinates":[[-54.2972,-11.6262],[-54.3313,-11.6339]]}},{"type":"Feature","properties":{},"geometry":{"type":"LineString","coordinates":[[-54.3604,-11.4399],[-54.3637,-11.4369],[-54.3679,-11.441],[-54.3711,-11.4407],[-54.372,-11.4439]]}},{"type":"Feature","properties":{},"geometry":{"type":"LineString","coordinates":[[-54.3637,-11.4369],[-54.3557,-11.4298]]}},{"type":"Feature","properties":{},"geometry":{"type":"LineString","coordinates":[[-54.4482,-10.6574],[-54.4442,-10.6565],[-54.4395,-10.6597],[-54.4375,-10.6597],[-54.4337,-10.6577],[-54.4325,-10.6588],[-54.4295,-10.6582],[-54.4288,-10.659],[-54.4255,-10.6596],[-54.4245,-10.6585],[-54.4226,-10.6529],[-54.4213,-10.6517],[-54.4197,-10.6516],[-54.4161,-10.6527],[-54.4117,-10.653],[-54.4098,-10.6555],[-54.4058,-10.6576],[-54.4006,-10.6579],[-54.3979,-10.6571],[-54.3971,-10.6562],[-54.3966,-10.6523],[-54.3981,-10.6485],[-54.3954,-10.6442],[-54.3958,-10.6429],[-54.3978,-10.6418],[-54.3965,-10.6366],[-54.3972,-10.6342],[-54.4004,-10.632],[-54.4062,-10.6315],[-54.4071,-10.6267],[-54.4092,-10.6259],[-54.412,-10.6284],[-54.4151,-10.6272],[-54.4172,-10.6286],[-54.4184,-10.6281],[-54.4196,-10.6285],[-54.4213,-10.6277],[-54.4249,-10.6292],[-54.4268,-10.6307],[-54.4321,-10.6317],[-54.4345,-10.6335],[-54.4351,-10.6366],[-54.4397,-10.6402],[-54.4417,-10.64],[-54.443,-10.641],[-54.443,-10.6437],[-54.446,-10.6459],[-54.4471,-10.6486],[-54.4479,-10.6553]]}},{"type":"Feature","properties":{},"geometry":{"type":"LineString","coordinates":[[-54.4483,-10.6574],[-54.4482,-10.6574]]}},{"type":"Feature","properties":{},"geometry":{"type":"LineString","coordinates":[[-54.4479,-10.6554],[-54.447,-10.6572]]}},{"type":"Feature","properties":{},"geometry":{"type":"LineString","coordinates":[[-54.4479,-10.6553],[-54.4479,-10.6554]]}},{"type":"Feature","properties":{},"geometry":{"type":"LineString","coordinates":[[-53.608,-10.5351],[-53.6167,-10.5591],[-53.6186,-10.5596],[-53.6258,-10.5702],[-53.6245,-10.5711],[-53.6256,-10.5727],[-53.6279,-10.5732],[-53.6374,-10.5869],[-53.6333,-10.5946],[-53.6384,-10.5998],[-53.6394,-10.6024]]}},{"type":"Feature","properties":{},"geometry":{"type":"LineString","coordinates":[[-54.1713,-12.378],[-54.1637,-12.3839]]}},{"type":"Feature","properties":{},"geometry":{"type":"LineString","coordinates":[[-54.1422,-12.3459],[-54.1406,-12.3434],[-54.1391,-12.3393],[-54.1379,-12.3384]]}},{"type":"Feature","properties":{},"geometry":{"type":"LineString","coordinates":[[-54.4058,-12.1992],[-54.4049,-12.2053],[-54.4031,-12.2067],[-54.404,-12.2102],[-54.4012,-12.2284],[-54.3995,-12.2299],[-54.3955,-12.2316],[-54.3942,-12.2331],[-54.3994,-12.2399],[-54.3955,-12.2675]]}},{"type":"Feature","properties":{},"geometry":{"type":"LineString","coordinates":[[-54.3689,-12.1928],[-54.3379,-12.1804]]}},{"type":"Feature","properties":{},"geometry":{"type":"LineString","coordinates":[[-54.5946,-10.9747],[-54.6094,-10.9893]]}},{"type":"Feature","properties":{},"geometry":{"type":"LineString","coordinates":[[-54.4665,-12.3805],[-54.4617,-12.3725]]}},{"type":"Feature","properties":{},"geometry":{"type":"LineString","coordinates":[[-54.443,-12.3571],[-54.4421,-12.3577]]}},{"type":"Feature","properties":{},"geometry":{"type":"LineString","coordinates":[[-54.4432,-12.357],[-54.443,-12.3571]]}},{"type":"Feature","properties":{},"geometry":{"type":"LineString","coordinates":[[-54.4911,-10.7777],[-54.4895,-10.7844]]}},{"type":"Feature","properties":{},"geometry":{"type":"LineString","coordinates":[[-54.5145,-11.0906],[-54.5148,-11.0903]]}},{"type":"Feature","properties":{},"geometry":{"type":"LineString","coordinates":[[-54.512,-11.0933],[-54.5145,-11.0906]]}},{"type":"Feature","properties":{},"geometry":{"type":"LineString","coordinates":[[-54.5151,-11.0906],[-54.5147,-11.0909]]}},{"type":"Feature","properties":{},"geometry":{"type":"LineString","coordinates":[[-54.5145,-11.0906],[-54.5142,-11.0901]]}},{"type":"Feature","properties":{},"geometry":{"type":"LineString","coordinates":[[-54.5143,-11.09],[-54.5148,-11.0903]]}},{"type":"Feature","properties":{},"geometry":{"type":"LineString","coordinates":[[-54.5177,-11.0877],[-54.5177,-11.0875]]}},{"type":"Feature","properties":{},"geometry":{"type":"LineString","coordinates":[[-54.5177,-11.0875],[-54.5172,-11.0871]]}},{"type":"Feature","properties":{},"geometry":{"type":"LineString","coordinates":[[-54.4956,-11.0811],[-54.495,-11.0811],[-54.4845,-11.0915],[-54.4829,-11.0912]]}},{"type":"Feature","properties":{},"geometry":{"type":"LineString","coordinates":[[-54.5124,-11.0426],[-54.504,-11.0513]]}},{"type":"Feature","properties":{},"geometry":{"type":"LineString","coordinates":[[-54.5051,-11.0712],[-54.5043,-11.072]]}},{"type":"Feature","properties":{},"geometry":{"type":"LineString","coordinates":[[-54.51,-11.0661],[-54.5125,-11.0637],[-54.5116,-11.0629],[-54.5137,-11.0607]]}},{"type":"Feature","properties":{},"geometry":{"type":"LineString","coordinates":[[-54.5007,-11.0678],[-54.4968,-11.0641]]}},{"type":"Feature","properties":{},"geometry":{"type":"LineString","coordinates":[[-54.4926,-11.0701],[-54.4949,-11.0678]]}},{"type":"Feature","properties":{},"geometry":{"type":"LineString","coordinates":[[-54.4931,-11.0732],[-54.4969,-11.0697]]}},{"type":"Feature","properties":{},"geometry":{"type":"LineString","coordinates":[[-54.4933,-11.0828],[-54.4889,-11.0805],[-54.4866,-11.0801],[-54.4841,-11.0812]]}},{"type":"Feature","properties":{},"geometry":{"type":"LineString","coordinates":[[-54.525,-11.0806],[-54.5231,-11.0787]]}},{"type":"Feature","properties":{},"geometry":{"type":"LineString","coordinates":[[-54.5251,-11.0806],[-54.5264,-11.0794]]}},{"type":"Feature","properties":{},"geometry":{"type":"LineString","coordinates":[[-54.5264,-11.0795],[-54.5252,-11.0807]]}},{"type":"Feature","properties":{},"geometry":{"type":"LineString","coordinates":[[-54.4535,-11.1689],[-54.45,-11.1631]]}},{"type":"Feature","properties":{},"geometry":{"type":"LineString","coordinates":[[-54.4334,-10.4339],[-54.4317,-10.4348]]}},{"type":"Feature","properties":{},"geometry":{"type":"LineString","coordinates":[[-54.437,-10.4301],[-54.4381,-10.4295]]}},{"type":"Feature","properties":{},"geometry":{"type":"LineString","coordinates":[[-54.4393,-10.4315],[-54.4392,-10.4316]]}},{"type":"Feature","properties":{},"geometry":{"type":"LineString","coordinates":[[-54.4392,-10.4316],[-54.4359,-10.4333]]}},{"type":"Feature","properties":{},"geometry":{"type":"LineString","coordinates":[[-54.4555,-10.4283],[-54.454,-10.4293],[-54.4534,-10.4286]]}},{"type":"Feature","properties":{},"geometry":{"type":"LineString","coordinates":[[-54.4421,-10.437],[-54.441,-10.4376]]}},{"type":"Feature","properties":{},"geometry":{"type":"LineString","coordinates":[[-54.4337,-10.4318],[-54.4348,-10.4312]]}},{"type":"Feature","properties":{},"geometry":{"type":"LineString","coordinates":[[-54.4427,-10.4329],[-54.4437,-10.4346]]}},{"type":"Feature","properties":{},"geometry":{"type":"LineString","coordinates":[[-54.4451,-10.4294],[-54.4457,-10.4304]]}},{"type":"Feature","properties":{},"geometry":{"type":"LineString","coordinates":[[-54.4472,-10.4305],[-54.4481,-10.4322]]}},{"type":"Feature","properties":{},"geometry":{"type":"LineString","coordinates":[[-54.451,-10.4299],[-54.4502,-10.4285]]}},{"type":"Feature","properties":{},"geometry":{"type":"LineString","coordinates":[[-54.4534,-10.4286],[-54.4527,-10.4276]]}},{"type":"Feature","properties":{},"geometry":{"type":"LineString","coordinates":[[-54.4531,-10.3689],[-54.4334,-10.3537]]}},{"type":"Feature","properties":{},"geometry":{"type":"LineString","coordinates":[[-54.4108,-10.4012],[-54.4062,-10.3989],[-54.4001,-10.3938],[-54.3957,-10.3944]]}},{"type":"Feature","properties":{},"geometry":{"type":"LineString","coordinates":[[-54.4564,-10.4382],[-54.4588,-10.4348]]}},{"type":"Feature","properties":{},"geometry":{"type":"LineString","coordinates":[[-54.4299,-10.4406],[-54.4296,-10.44]]}},{"type":"Feature","properties":{},"geometry":{"type":"LineString","coordinates":[[-54.4306,-10.4394],[-54.4309,-10.4401],[-54.4278,-10.4416]]}},{"type":"Feature","properties":{},"geometry":{"type":"LineString","coordinates":[[-54.4311,-10.4387],[-54.4288,-10.4375],[-54.4273,-10.4382],[-54.4268,-10.4396]]}},{"type":"Feature","properties":{},"geometry":{"type":"LineString","coordinates":[[-54.4412,-10.4163],[-54.4412,-10.4166]]}},{"type":"Feature","properties":{},"geometry":{"type":"LineString","coordinates":[[-54.4499,-10.4109],[-54.4455,-10.4124],[-54.4412,-10.4163]]}},{"type":"Feature","properties":{},"geometry":{"type":"LineString","coordinates":[[-54.4412,-10.4166],[-54.4397,-10.4228],[-54.4399,-10.4247]]}},{"type":"Feature","properties":{},"geometry":{"type":"LineString","coordinates":[[-54.4302,-10.4394],[-54.4301,-10.4392]]}},{"type":"Feature","properties":{},"geometry":{"type":"LineString","coordinates":[[-54.4302,-10.4394],[-54.4302,-10.4396]]}},{"type":"Feature","properties":{},"geometry":{"type":"LineString","coordinates":[[-54.4304,-10.4395],[-54.4302,-10.4394]]}},{"type":"Feature","properties":{},"geometry":{"type":"LineString","coordinates":[[-54.43,-10.439],[-54.4301,-10.4392]]}},{"type":"Feature","properties":{},"geometry":{"type":"LineString","coordinates":[[-54.4315,-10.4389],[-54.4313,-10.4386]]}},{"type":"Feature","properties":{},"geometry":{"type":"LineString","coordinates":[[-54.4514,-10.4275],[-54.4515,-10.4278]]}},{"type":"Feature","properties":{},"geometry":{"type":"LineString","coordinates":[[-54.4515,-10.4278],[-54.4523,-10.4292]]}},{"type":"Feature","properties":{},"geometry":{"type":"LineString","coordinates":[[-54.4521,-10.4293],[-54.4513,-10.4279]]}},{"type":"Feature","properties":{},"geometry":{"type":"LineString","coordinates":[[-54.4514,-10.4275],[-54.4529,-10.4266]]}},{"type":"Feature","properties":{},"geometry":{"type":"LineString","coordinates":[[-54.2562,-12.4398],[-54.2627,-12.4452]]}},{"type":"Feature","properties":{},"geometry":{"type":"LineString","coordinates":[[-54.5353,-11.0817],[-54.5309,-11.0858]]}},{"type":"Feature","properties":{},"geometry":{"type":"LineString","coordinates":[[-54.5278,-11.0776],[-54.5258,-11.0788]]}},{"type":"Feature","properties":{},"geometry":{"type":"LineString","coordinates":[[-54.5287,-11.0427],[-54.5254,-11.0403],[-54.5245,-11.0411],[-54.5223,-11.0392],[-54.522,-11.0387],[-54.5229,-11.0377]]}},{"type":"Feature","properties":{},"geometry":{"type":"LineString","coordinates":[[-54.5207,-11.0673],[-54.5195,-11.069]]}},{"type":"Feature","properties":{},"geometry":{"type":"LineString","coordinates":[[-54.5517,-11.0734],[-54.5407,-11.0797],[-54.5411,-11.0828],[-54.5387,-11.0853]]}},{"type":"Feature","properties":{},"geometry":{"type":"LineString","coordinates":[[-54.4706,-11.104],[-54.4706,-11.1042]]}},{"type":"Feature","properties":{},"geometry":{"type":"LineString","coordinates":[[-54.4706,-11.1042],[-54.4854,-11.1189]]}},{"type":"Feature","properties":{},"geometry":{"type":"LineString","coordinates":[[-54.519,-11.1064],[-54.514,-11.1108]]}},{"type":"Feature","properties":{},"geometry":{"type":"LineString","coordinates":[[-54.4839,-11.1211],[-54.486,-11.1225],[-54.4879,-11.1225],[-54.488,-11.1234],[-54.4889,-11.1241]]}},{"type":"Feature","properties":{},"geometry":{"type":"LineString","coordinates":[[-54.4894,-11.103],[-54.4891,-11.102],[-54.4874,-11.1012],[-54.4847,-11.1042],[-54.485,-11.1048]]}},{"type":"Feature","properties":{},"geometry":{"type":"LineString","coordinates":[[-54.4766,-11.1272],[-54.4735,-11.125],[-54.4699,-11.1241],[-54.4672,-11.121]]}},{"type":"Feature","properties":{},"geometry":{"type":"LineString","coordinates":[[-54.4733,-11.1321],[-54.4701,-11.1302],[-54.4663,-11.1338]]}},{"type":"Feature","properties":{},"geometry":{"type":"LineString","coordinates":[[-54.4723,-11.1334],[-54.4763,-11.1378],[-54.4824,-11.1327]]}},{"type":"Feature","properties":{},"geometry":{"type":"LineString","coordinates":[[-54.4797,-11.1325],[-54.4751,-11.1365]]}},{"type":"Feature","properties":{},"geometry":{"type":"LineString","coordinates":[[-54.4746,-11.1304],[-54.4776,-11.1325],[-54.479,-11.1317],[-54.4801,-11.1329],[-54.4805,-11.1327]]}},{"type":"Feature","properties":{},"geometry":{"type":"LineString","coordinates":[[-54.4749,-11.1298],[-54.4761,-11.1302],[-54.4778,-11.1322],[-54.4807,-11.1307]]}},{"type":"Feature","properties":{},"geometry":{"type":"LineString","coordinates":[[-54.5156,-11.103],[-54.5198,-11.099]]}},{"type":"Feature","properties":{},"geometry":{"type":"LineString","coordinates":[[-54.5027,-11.0975],[-54.5004,-11.0955],[-54.4995,-11.0962],[-54.4989,-11.0957]]}},{"type":"Feature","properties":{},"geometry":{"type":"LineString","coordinates":[[-54.5004,-11.1071],[-54.499,-11.1062]]}},{"type":"Feature","properties":{},"geometry":{"type":"LineString","coordinates":[[-54.5087,-11.1089],[-54.5084,-11.1071]]}},{"type":"Feature","properties":{},"geometry":{"type":"LineString","coordinates":[[-54.5107,-11.1101],[-54.5101,-11.1103],[-54.5087,-11.1089]]}},{"type":"Feature","properties":{},"geometry":{"type":"LineString","coordinates":[[-54.5063,-11.1034],[-54.5073,-11.1044],[-54.5063,-11.1052],[-54.5063,-11.1063],[-54.5087,-11.1087]]}},{"type":"Feature","properties":{},"geometry":{"type":"LineString","coordinates":[[-54.5002,-11.1001],[-54.4988,-11.1016],[-54.5,-11.1027],[-54.5005,-11.1023]]}},{"type":"Feature","properties":{},"geometry":{"type":"LineString","coordinates":[[-54.5089,-11.0958],[-54.5092,-11.0959]]}},{"type":"Feature","properties":{},"geometry":{"type":"LineString","coordinates":[[-54.5092,-11.096],[-54.5089,-11.0958]]}},{"type":"Feature","properties":{},"geometry":{"type":"LineString","coordinates":[[-54.5093,-11.096],[-54.5092,-11.096]]}},{"type":"Feature","properties":{},"geometry":{"type":"LineString","coordinates":[[-54.5093,-11.0959],[-54.5093,-11.096]]}},{"type":"Feature","properties":{},"geometry":{"type":"LineString","coordinates":[[-54.5088,-11.0936],[-54.5078,-11.0947]]}},{"type":"Feature","properties":{},"geometry":{"type":"LineString","coordinates":[[-54.505,-11.0954],[-54.5041,-11.0945]]}},{"type":"Feature","properties":{},"geometry":{"type":"LineString","coordinates":[[-54.5071,-11.1072],[-54.5063,-11.1072],[-54.5043,-11.1053]]}},{"type":"Feature","properties":{},"geometry":{"type":"LineString","coordinates":[[-54.5081,-11.0972],[-54.5093,-11.098]]}},{"type":"Feature","properties":{},"geometry":{"type":"LineString","coordinates":[[-54.5121,-11.0968],[-54.5111,-11.098]]}},{"type":"Feature","properties":{},"geometry":{"type":"LineString","coordinates":[[-54.5016,-11.1034],[-54.4999,-11.1017]]}},{"type":"Feature","properties":{},"geometry":{"type":"LineString","coordinates":[[-54.4996,-11.1039],[-54.4992,-11.1044]]}},{"type":"Feature","properties":{},"geometry":{"type":"LineString","coordinates":[[-54.3488,-12.4403],[-54.3453,-12.4431],[-54.3487,-12.448]]}},{"type":"Feature","properties":{},"geometry":{"type":"LineString","coordinates":[[-54.1656,-11.3743],[-54.1573,-11.3633],[-54.1551,-11.3624]]}},{"type":"Feature","properties":{},"geometry":{"type":"LineString","coordinates":[[-54.5456,-11.8238],[-54.5485,-11.8043]]}},{"type":"Feature","properties":{},"geometry":{"type":"LineString","coordinates":[[-54.3407,-12.4451],[-54.3369,-12.4477],[-54.3439,-12.4576]]}},{"type":"Feature","properties":{},"geometry":{"type":"LineString","coordinates":[[-54.3481,-12.4542],[-54.3484,-12.4546]]}},{"type":"Feature","properties":{},"geometry":{"type":"LineString","coordinates":[[-54.3465,-12.4553],[-54.3467,-12.4557]]}},{"type":"Feature","properties":{},"geometry":{"type":"LineString","coordinates":[[-54.3478,-12.455],[-54.3476,-12.4545]]}},{"type":"Feature","properties":{},"geometry":{"type":"LineString","coordinates":[[-54.3475,-12.4553],[-54.3472,-12.4548]]}},{"type":"Feature","properties":{},"geometry":{"type":"LineString","coordinates":[[-54.3985,-12.5239],[-54.3289,-12.4667]]}},{"type":"Feature","properties":{},"geometry":{"type":"LineString","coordinates":[[-54.3472,-12.4548],[-54.3435,-12.4572]]}},{"type":"Feature","properties":{},"geometry":{"type":"LineString","coordinates":[[-54.4133,-12.1163],[-54.3982,-12.1155]]}},{"type":"Feature","properties":{},"geometry":{"type":"LineString","coordinates":[[-54.4047,-12.1256],[-54.4122,-12.1271],[-54.4131,-12.1169],[-54.4133,-12.1163],[-54.4159,-12.1165]]}},{"type":"Feature","properties":{},"geometry":{"type":"LineString","coordinates":[[-54.231,-11.049],[-54.2272,-11.0598]]}},{"type":"Feature","properties":{},"geometry":{"type":"LineString","coordinates":[[-54.2374,-11.0502],[-54.2365,-11.0538],[-54.2331,-11.0583],[-54.2297,-11.0598],[-54.2272,-11.0598],[-54.2238,-11.0694]]}},{"type":"Feature","properties":{},"geometry":{"type":"LineString","coordinates":[[-54.1192,-11.142],[-54.1325,-11.108],[-54.1462,-11.0856]]}},{"type":"Feature","properties":{},"geometry":{"type":"LineString","coordinates":[[-54.5757,-11.0928],[-54.5725,-11.0923]]}},{"type":"Feature","properties":{},"geometry":{"type":"LineString","coordinates":[[-54.5719,-11.1108],[-54.5769,-11.0871]]}},{"type":"Feature","properties":{},"geometry":{"type":"LineString","coordinates":[[-54.4249,-12.5085],[-54.3652,-12.4088]]}},{"type":"Feature","properties":{},"geometry":{"type":"LineString","coordinates":[[-54.4982,-12.4735],[-54.4983,-12.471],[-54.4898,-12.4709]]}},{"type":"Feature","properties":{},"geometry":{"type":"LineString","coordinates":[[-54.5157,-12.5002],[-54.5174,-12.4937]]}},{"type":"Feature","properties":{},"geometry":{"type":"LineString","coordinates":[[-54.5039,-12.4866],[-54.5023,-12.4734],[-54.5,-12.4741],[-54.4982,-12.4735],[-54.4968,-12.4745]]}},{"type":"Feature","properties":{},"geometry":{"type":"LineString","coordinates":[[-54.5026,-12.4999],[-54.5039,-12.4866],[-54.5084,-12.4707]]}},{"type":"Feature","properties":{},"geometry":{"type":"LineString","coordinates":[[-54.4406,-12.4818],[-54.4508,-12.4797],[-54.4537,-12.478]]}},{"type":"Feature","properties":{},"geometry":{"type":"LineString","coordinates":[[-54.5411,-11.5277],[-54.5333,-11.5189]]}},{"type":"Feature","properties":{},"geometry":{"type":"LineString","coordinates":[[-54.5333,-11.5189],[-54.5291,-11.5263],[-54.5302,-11.5278]]}},{"type":"Feature","properties":{},"geometry":{"type":"LineString","coordinates":[[-54.5264,-11.0794],[-54.5264,-11.0795]]}},{"type":"Feature","properties":{},"geometry":{"type":"LineString","coordinates":[[-54.372,-11.5369],[-54.3722,-11.537]]}},{"type":"Feature","properties":{},"geometry":{"type":"LineString","coordinates":[[-54.3721,-11.5367],[-54.3722,-11.537]]}},{"type":"Feature","properties":{},"geometry":{"type":"LineString","coordinates":[[-54.3745,-11.5303],[-54.375,-11.5307]]}},{"type":"Feature","properties":{},"geometry":{"type":"LineString","coordinates":[[-54.3736,-11.5355],[-54.3745,-11.5367]]}},{"type":"Feature","properties":{},"geometry":{"type":"LineString","coordinates":[[-54.3722,-11.5367],[-54.3738,-11.5372],[-54.3745,-11.5367]]}},{"type":"Feature","properties":{},"geometry":{"type":"LineString","coordinates":[[-54.3745,-11.5367],[-54.3764,-11.5372],[-54.3786,-11.5354]]}},{"type":"Feature","properties":{},"geometry":{"type":"LineString","coordinates":[[-54.3876,-11.5278],[-54.3831,-11.5226],[-54.3809,-11.5244]]}},{"type":"Feature","properties":{},"geometry":{"type":"LineString","coordinates":[[-54.3811,-11.5333],[-54.3809,-11.5323]]}},{"type":"Feature","properties":{},"geometry":{"type":"LineString","coordinates":[[-54.3809,-11.5323],[-54.3814,-11.5331]]}},{"type":"Feature","properties":{},"geometry":{"type":"LineString","coordinates":[[-54.3857,-11.5593],[-54.385,-11.5598]]}},{"type":"Feature","properties":{},"geometry":{"type":"LineString","coordinates":[[-54.3709,-11.5392],[-54.3702,-11.5397]]}},{"type":"Feature","properties":{},"geometry":{"type":"LineString","coordinates":[[-54.3711,-11.5399],[-54.3706,-11.5403]]}},{"type":"Feature","properties":{},"geometry":{"type":"LineString","coordinates":[[-54.3651,-11.5329],[-54.3617,-11.5352]]}},{"type":"Feature","properties":{},"geometry":{"type":"LineString","coordinates":[[-54.3617,-11.5352],[-54.3614,-11.536],[-54.3629,-11.5377],[-54.3668,-11.5351]]}},{"type":"Feature","properties":{},"geometry":{"type":"LineString","coordinates":[[-54.3895,-11.5652],[-54.3892,-11.5654]]}},{"type":"Feature","properties":{},"geometry":{"type":"LineString","coordinates":[[-54.3888,-11.5648],[-54.4092,-11.5917],[-54.4439,-11.5674]]}},{"type":"Feature","properties":{},"geometry":{"type":"LineString","coordinates":[[-54.3713,-11.5258],[-54.3712,-11.5259]]}},{"type":"Feature","properties":{},"geometry":{"type":"LineString","coordinates":[[-54.3729,-11.5283],[-54.373,-11.5282]]}},{"type":"Feature","properties":{},"geometry":{"type":"LineString","coordinates":[[-54.3732,-11.5285],[-54.3731,-11.5285]]}},{"type":"Feature","properties":{},"geometry":{"type":"LineString","coordinates":[[-54.3742,-11.53],[-54.3741,-11.5301]]}},{"type":"Feature","properties":{},"geometry":{"type":"LineString","coordinates":[[-54.374,-11.5299],[-54.3741,-11.5299]]}},{"type":"Feature","properties":{},"geometry":{"type":"LineString","coordinates":[[-54.3857,-11.5593],[-54.3864,-11.5598],[-54.3867,-11.559]]}},{"type":"Feature","properties":{},"geometry":{"type":"LineString","coordinates":[[-54.3867,-11.559],[-54.3856,-11.5584],[-54.3857,-11.5593]]}},{"type":"Feature","properties":{},"geometry":{"type":"LineString","coordinates":[[-54.375,-11.5307],[-54.3766,-11.5329]]}},{"type":"Feature","properties":{},"geometry":{"type":"LineString","coordinates":[[-54.375,-11.5307],[-54.375,-11.5307]]}},{"type":"Feature","properties":{},"geometry":{"type":"LineString","coordinates":[[-54.3821,-11.5302],[-54.3809,-11.5301]]}},{"type":"Feature","properties":{},"geometry":{"type":"LineString","coordinates":[[-54.3815,-11.5296],[-54.3831,-11.5317]]}},{"type":"Feature","properties":{},"geometry":{"type":"LineString","coordinates":[[-54.3822,-11.5278],[-54.3829,-11.5284],[-54.3798,-11.5303],[-54.3809,-11.5323]]}},{"type":"Feature","properties":{},"geometry":{"type":"LineString","coordinates":[[-54.3722,-11.5237],[-54.3776,-11.52],[-54.3809,-11.5244]]}},{"type":"Feature","properties":{},"geometry":{"type":"LineString","coordinates":[[-54.3671,-11.5358],[-54.3665,-11.5361],[-54.3668,-11.5354]]}},{"type":"Feature","properties":{},"geometry":{"type":"LineString","coordinates":[[-54.3671,-11.5358],[-54.3668,-11.5354]]}},{"type":"Feature","properties":{},"geometry":{"type":"LineString","coordinates":[[-54.3668,-11.5352],[-54.3668,-11.5354]]}},{"type":"Feature","properties":{},"geometry":{"type":"LineString","coordinates":[[-54.3673,-11.5358],[-54.3671,-11.5358]]}},{"type":"Feature","properties":{},"geometry":{"type":"LineString","coordinates":[[-54.3709,-11.5392],[-54.3711,-11.5399]]}},{"type":"Feature","properties":{},"geometry":{"type":"LineString","coordinates":[[-54.3722,-11.537],[-54.372,-11.5385],[-54.3709,-11.5392]]}},{"type":"Feature","properties":{},"geometry":{"type":"LineString","coordinates":[[-54.3709,-11.5401],[-54.3704,-11.5395]]}},{"type":"Feature","properties":{},"geometry":{"type":"LineString","coordinates":[[-54.3603,-11.5269],[-54.3576,-11.5301]]}},{"type":"Feature","properties":{},"geometry":{"type":"LineString","coordinates":[[-54.3623,-11.5292],[-54.3578,-11.5321]]}},{"type":"Feature","properties":{},"geometry":{"type":"LineString","coordinates":[[-54.3617,-11.5352],[-54.3595,-11.5333],[-54.3588,-11.5333]]}},{"type":"Feature","properties":{},"geometry":{"type":"LineString","coordinates":[[-54.3711,-11.5353],[-54.3722,-11.5367]]}},{"type":"Feature","properties":{},"geometry":{"type":"LineString","coordinates":[[-54.3807,-11.5241],[-54.3794,-11.524],[-54.3796,-11.5247],[-54.3753,-11.528]]}},{"type":"Feature","properties":{},"geometry":{"type":"LineString","coordinates":[[-54.4555,-11.1558],[-54.4505,-11.1544],[-54.4168,-11.1287],[-54.4107,-11.1359],[-54.4091,-11.1356]]}},{"type":"Feature","properties":{},"geometry":{"type":"LineString","coordinates":[[-54.4239,-12.4073],[-54.4284,-12.4207],[-54.4104,-12.4312]]}},{"type":"Feature","properties":{},"geometry":{"type":"LineString","coordinates":[[-54.4037,-12.42],[-54.3878,-12.3935]]}},{"type":"Feature","properties":{},"geometry":{"type":"LineString","coordinates":[[-54.0289,-12.1439],[-54.0256,-12.1443],[-54.0307,-12.1993]]}},{"type":"Feature","properties":{},"geometry":{"type":"LineString","coordinates":[[-54.1931,-12.4747],[-54.23,-12.426]]}},{"type":"Feature","properties":{},"geometry":{"type":"LineString","coordinates":[[-54.1955,-12.3979],[-54.1814,-12.4146],[-54.1678,-12.4039],[-54.1674,-12.4015],[-54.17,-12.4012],[-54.1705,-12.4024],[-54.1828,-12.4127]]}},{"type":"Feature","properties":{},"geometry":{"type":"LineString","coordinates":[[-54.1821,-12.4138],[-54.2174,-12.4427]]}},{"type":"Feature","properties":{},"geometry":{"type":"LineString","coordinates":[[-54.1883,-12.4567],[-54.2005,-12.4648]]}},{"type":"Feature","properties":{},"geometry":{"type":"LineString","coordinates":[[-54.1853,-12.4452],[-54.1997,-12.4281]]}},{"type":"Feature","properties":{},"geometry":{"type":"LineString","coordinates":[[-54.1777,-12.4627],[-54.1781,-12.4637],[-54.1937,-12.4738]]}},{"type":"Feature","properties":{},"geometry":{"type":"LineString","coordinates":[[-54.1817,-12.4626],[-54.1955,-12.4715]]}},{"type":"Feature","properties":{},"geometry":{"type":"LineString","coordinates":[[-54.1903,-12.4549],[-54.2022,-12.4626]]}},{"type":"Feature","properties":{},"geometry":{"type":"LineString","coordinates":[[-54.2072,-12.4417],[-54.2108,-12.4374]]}},{"type":"Feature","properties":{},"geometry":{"type":"LineString","coordinates":[[-54.1955,-12.4459],[-54.2061,-12.4334]]}},{"type":"Feature","properties":{},"geometry":{"type":"LineString","coordinates":[[-54.2628,-12.1668],[-54.2616,-12.1618],[-54.2634,-12.1514],[-54.2646,-12.1499]]}},{"type":"Feature","properties":{},"geometry":{"type":"LineString","coordinates":[[-54.3003,-12.2452],[-54.2915,-12.2563],[-54.2848,-12.2529]]}},{"type":"Feature","properties":{},"geometry":{"type":"LineString","coordinates":[[-54.2767,-12.2395],[-54.2764,-12.2469],[-54.2749,-12.247],[-54.2736,-12.2483]]}},{"type":"Feature","properties":{},"geometry":{"type":"LineString","coordinates":[[-54.3522,-12.0824],[-54.3488,-12.0941],[-54.3403,-12.1294],[-54.3271,-12.1715]]}},{"type":"Feature","properties":{},"geometry":{"type":"LineString","coordinates":[[-54.2588,-12.1458],[-54.2687,-12.1527],[-54.2907,-12.1569]]}},{"type":"Feature","properties":{},"geometry":{"type":"LineString","coordinates":[[-54.265,-12.1728],[-54.2628,-12.1668],[-54.2609,-12.1639],[-54.2596,-12.1675],[-54.2544,-12.1668],[-54.2423,-12.1604],[-54.2413,-12.1719],[-54.2633,-12.1826]]}},{"type":"Feature","properties":{},"geometry":{"type":"LineString","coordinates":[[-54.2761,-12.2394],[-54.2712,-12.2384]]}},{"type":"Feature","properties":{},"geometry":{"type":"LineString","coordinates":[[-54.2977,-12.135],[-54.3338,-12.1496]]}},{"type":"Feature","properties":{},"geometry":{"type":"LineString","coordinates":[[-54.3522,-12.0824],[-54.3688,-12.0176],[-54.377,-12.0138],[-54.3795,-12.0062],[-54.3843,-12.0045],[-54.3848,-12.003],[-54.3885,-12.0003],[-54.3894,-11.9981],[-54.3997,-11.991]]}},{"type":"Feature","properties":{},"geometry":{"type":"LineString","coordinates":[[-54.2666,-12.2287],[-54.2666,-12.2296],[-54.2657,-12.2307],[-54.263,-12.232],[-54.2622,-12.2349],[-54.2623,-12.2367]]}},{"type":"Feature","properties":{},"geometry":{"type":"LineString","coordinates":[[-54.28,-12.1239],[-54.2793,-12.1275],[-54.2977,-12.135],[-54.2882,-12.1647]]}},{"type":"Feature","properties":{},"geometry":{"type":"LineString","coordinates":[[-54.2717,-12.1738],[-54.2753,-12.1878],[-54.2666,-12.2076],[-54.2596,-12.2057],[-54.2311,-12.2028],[-54.2324,-12.2122],[-54.2288,-12.2227],[-54.2489,-12.2321]]}},{"type":"Feature","properties":{},"geometry":{"type":"LineString","coordinates":[[-54.2856,-12.1301],[-54.2525,-12.1493],[-54.2501,-12.1488]]}},{"type":"Feature","properties":{},"geometry":{"type":"LineString","coordinates":[[-54.3669,-11.0676],[-54.3643,-11.0774]]}},{"type":"Feature","properties":{},"geometry":{"type":"LineString","coordinates":[[-54.3777,-11.0803],[-54.377,-11.0827],[-54.3809,-11.0844],[-54.3817,-11.0812]]}},{"type":"Feature","properties":{},"geometry":{"type":"LineString","coordinates":[[-54.3612,-11.0924],[-54.3593,-11.1008]]}},{"type":"Feature","properties":{},"geometry":{"type":"LineString","coordinates":[[-54.367,-11.0944],[-54.3668,-11.0936],[-54.3612,-11.0924]]}},{"type":"Feature","properties":{},"geometry":{"type":"LineString","coordinates":[[-54.3468,-11.0996],[-54.3488,-11.1003],[-54.3529,-11.0945],[-54.3542,-11.091],[-54.3551,-11.091]]}},{"type":"Feature","properties":{},"geometry":{"type":"LineString","coordinates":[[-54.4325,-12.4021],[-54.436,-12.3839]]}},{"type":"Feature","properties":{},"geometry":{"type":"LineString","coordinates":[[-54.3908,-12.2668],[-54.3918,-12.2596]]}},{"type":"Feature","properties":{},"geometry":{"type":"LineString","coordinates":[[-54.4076,-12.4797],[-54.3884,-12.4909]]}},{"type":"Feature","properties":{},"geometry":{"type":"LineString","coordinates":[[-54.405,-12.4753],[-54.393,-12.4826]]}},{"type":"Feature","properties":{},"geometry":{"type":"LineString","coordinates":[[-54.5911,-11.064],[-54.5912,-11.0641]]}},{"type":"Feature","properties":{},"geometry":{"type":"LineString","coordinates":[[-54.5912,-11.0641],[-54.5919,-11.0641],[-54.594,-11.0621],[-54.6337,-11.0469],[-54.6334,-11.0508]]}},{"type":"Feature","properties":{},"geometry":{"type":"LineString","coordinates":[[-54.608,-11.0567],[-54.5996,-11.0343],[-54.601,-11.0264],[-54.6047,-11.025],[-54.6016,-11.0221],[-54.6044,-11.0166],[-54.6071,-11.0129],[-54.6127,-11.0076],[-54.6144,-11.0085],[-54.6208,-11.0058],[-54.624,-11.0016],[-54.6261,-10.9941]]}},{"type":"Feature","properties":{},"geometry":{"type":"LineString","coordinates":[[-54.5761,-11.0763],[-54.5761,-11.0762]]}},{"type":"Feature","properties":{},"geometry":{"type":"LineString","coordinates":[[-54.5761,-11.0762],[-54.5797,-11.0732]]}},{"type":"Feature","properties":{},"geometry":{"type":"LineString","coordinates":[[-54.578,-11.0821],[-54.5769,-11.0871]]}},{"type":"Feature","properties":{},"geometry":{"type":"LineString","coordinates":[[-54.5898,-11.0638],[-54.5899,-11.0608],[-54.5915,-11.0601],[-54.5917,-11.0592]]}},{"type":"Feature","properties":{},"geometry":{"type":"LineString","coordinates":[[-54.5781,-11.0821],[-54.5791,-11.081],[-54.5796,-11.0812]]}},{"type":"Feature","properties":{},"geometry":{"type":"LineString","coordinates":[[-54.5547,-11.1007],[-54.5552,-11.1017],[-54.5582,-11.1031],[-54.5645,-11.1086]]}},{"type":"Feature","properties":{},"geometry":{"type":"LineString","coordinates":[[-54.5547,-11.1006],[-54.5547,-11.1007]]}},{"type":"Feature","properties":{},"geometry":{"type":"LineString","coordinates":[[-54.5513,-11.1076],[-54.5511,-11.1076]]}},{"type":"Feature","properties":{},"geometry":{"type":"LineString","coordinates":[[-54.5642,-11.1086],[-54.5513,-11.1076]]}},{"type":"Feature","properties":{},"geometry":{"type":"LineString","coordinates":[[-54.5384,-11.0951],[-54.5402,-11.0936]]}},{"type":"Feature","properties":{},"geometry":{"type":"LineString","coordinates":[[-54.5491,-11.1069],[-54.5499,-11.1058],[-54.5499,-11.1042],[-54.5491,-11.1031],[-54.5502,-11.1022],[-54.5507,-11.1026]]}},{"type":"Feature","properties":{},"geometry":{"type":"LineString","coordinates":[[-54.5198,-11.099],[-54.5218,-11.0969],[-54.5228,-11.0967],[-54.5256,-11.0929],[-54.5259,-11.0916]]}},{"type":"Feature","properties":{},"geometry":{"type":"LineString","coordinates":[[-54.5242,-11.1102],[-54.5273,-11.1207],[-54.5284,-11.1198]]}},{"type":"Feature","properties":{},"geometry":{"type":"LineString","coordinates":[[-54.3726,-11.5246],[-54.3727,-11.5245]]}},{"type":"Feature","properties":{},"geometry":{"type":"LineString","coordinates":[[-54.3692,-11.5242],[-54.3698,-11.5239]]}},{"type":"Feature","properties":{},"geometry":{"type":"LineString","coordinates":[[-54.3712,-11.5247],[-54.3707,-11.5241]]}},{"type":"Feature","properties":{},"geometry":{"type":"LineString","coordinates":[[-54.3723,-11.524],[-54.3721,-11.524]]}},{"type":"Feature","properties":{},"geometry":{"type":"LineString","coordinates":[[-54.3725,-11.5247],[-54.372,-11.5241]]}},{"type":"Feature","properties":{},"geometry":{"type":"LineString","coordinates":[[-54.3781,-11.5207],[-54.3773,-11.5214]]}},{"type":"Feature","properties":{},"geometry":{"type":"LineString","coordinates":[[-54.3776,-11.52],[-54.3759,-11.5179]]}},{"type":"Feature","properties":{},"geometry":{"type":"LineString","coordinates":[[-54.3768,-11.5205],[-54.376,-11.5194]]}},{"type":"Feature","properties":{},"geometry":{"type":"LineString","coordinates":[[-54.3833,-11.523],[-54.3822,-11.5231]]}},{"type":"Feature","properties":{},"geometry":{"type":"LineString","coordinates":[[-54.3576,-11.523],[-54.3532,-11.5265],[-54.3497,-11.5282]]}},{"type":"Feature","properties":{},"geometry":{"type":"LineString","coordinates":[[-54.4192,-11.4966],[-54.3992,-11.5136],[-54.4011,-11.5164]]}},{"type":"Feature","properties":{},"geometry":{"type":"LineString","coordinates":[[-54.3912,-11.4927],[-54.3928,-11.4946],[-54.3928,-11.4966]]}},{"type":"Feature","properties":{},"geometry":{"type":"LineString","coordinates":[[-54.3757,-11.5248],[-54.375,-11.5245],[-54.3735,-11.5256]]}},{"type":"Feature","properties":{},"geometry":{"type":"LineString","coordinates":[[-54.046,-10.3765],[-54.0563,-10.3711],[-54.0565,-10.3704]]}},{"type":"Feature","properties":{},"geometry":{"type":"LineString","coordinates":[[-54.0472,-10.345],[-54.0471,-10.3451]]}},{"type":"Feature","properties":{},"geometry":{"type":"LineString","coordinates":[[-54.055,-10.3461],[-54.0472,-10.345]]}},{"type":"Feature","properties":{},"geometry":{"type":"LineString","coordinates":[[-54.4011,-11.5163],[-54.4062,-11.5129],[-54.4238,-11.4978]]}},{"type":"Feature","properties":{},"geometry":{"type":"LineString","coordinates":[[-54.4111,-11.5214],[-54.4099,-11.5224],[-54.4088,-11.5216],[-54.4065,-11.5237]]}},{"type":"Feature","properties":{},"geometry":{"type":"LineString","coordinates":[[-54.3251,-11.0697],[-54.3254,-11.0696]]}},{"type":"Feature","properties":{},"geometry":{"type":"LineString","coordinates":[[-54.2468,-11.0519],[-54.3227,-11.0682],[-54.3251,-11.0697]]}},{"type":"Feature","properties":{},"geometry":{"type":"LineString","coordinates":[[-54.3374,-11.0757],[-54.3378,-11.0716]]}},{"type":"Feature","properties":{},"geometry":{"type":"LineString","coordinates":[[-54.3428,-11.0805],[-54.3322,-11.0778]]}},{"type":"Feature","properties":{},"geometry":{"type":"LineString","coordinates":[[-54.3361,-11.0712],[-54.3342,-11.0783]]}},{"type":"Feature","properties":{},"geometry":{"type":"LineString","coordinates":[[-54.3059,-11.6099],[-54.3055,-11.601],[-54.3088,-11.5928],[-54.3204,-11.6079]]}},{"type":"Feature","properties":{},"geometry":{"type":"LineString","coordinates":[[-54.3364,-11.0864],[-54.3382,-11.0867],[-54.339,-11.0795]]}},{"type":"Feature","properties":{},"geometry":{"type":"LineString","coordinates":[[-54.3364,-11.0754],[-54.3369,-11.0714]]}},{"type":"Feature","properties":{},"geometry":{"type":"LineString","coordinates":[[-54.0404,-12.6015],[-54.0405,-12.5918],[-54.0667,-12.5931]]}},{"type":"Feature","properties":{},"geometry":{"type":"LineString","coordinates":[[-54.5304,-10.9365],[-54.5302,-10.9357],[-54.5288,-10.9369]]}},{"type":"Feature","properties":{},"geometry":{"type":"LineString","coordinates":[[-54.0439,-10.4859],[-54.0469,-10.4857],[-54.0481,-10.4848]]}},{"type":"Feature","properties":{},"geometry":{"type":"LineString","coordinates":[[-54.0448,-10.4857],[-54.0448,-10.4859]]}},{"type":"Feature","properties":{},"geometry":{"type":"LineString","coordinates":[[-54.0471,-10.4855],[-54.0471,-10.486]]}},{"type":"Feature","properties":{},"geometry":{"type":"LineString","coordinates":[[-54.0569,-12.3243],[-54.0522,-12.3241],[-54.0424,-12.3267]]}},{"type":"Feature","properties":{},"geometry":{"type":"LineString","coordinates":[[-54.0924,-11.1595],[-54.0767,-11.1529],[-54.0756,-11.1507],[-54.0747,-11.1506],[-54.0733,-11.1514],[-54.0717,-11.1535],[-54.0656,-11.1636]]}},{"type":"Feature","properties":{},"geometry":{"type":"LineString","coordinates":[[-53.077,-10.78],[-53.0773,-10.7801]]}},{"type":"Feature","properties":{},"geometry":{"type":"LineString","coordinates":[[-53.0773,-10.7801],[-53.0773,-10.7799]]}},{"type":"Feature","properties":{},"geometry":{"type":"LineString","coordinates":[[-53.0773,-10.7801],[-53.0789,-10.7814]]}},{"type":"Feature","properties":{},"geometry":{"type":"LineString","coordinates":[[-54.415,-10.4495],[-54.4145,-10.4488]]}},{"type":"Feature","properties":{},"geometry":{"type":"LineString","coordinates":[[-54.3189,-12.1896],[-54.3211,-12.1814],[-54.3222,-12.18],[-54.3221,-12.1761],[-54.3258,-12.1764]]}},{"type":"Feature","properties":{},"geometry":{"type":"LineString","coordinates":[[-54.2779,-12.2301],[-54.2864,-12.2316],[-54.2855,-12.2203],[-54.305,-12.1926],[-54.3189,-12.1896]]}},{"type":"Feature","properties":{},"geometry":{"type":"LineString","coordinates":[[-54.3245,-12.181],[-54.3379,-12.1804]]}},{"type":"Feature","properties":{},"geometry":{"type":"LineString","coordinates":[[-54.3417,-12.1239],[-54.317,-12.1123]]}},{"type":"Feature","properties":{},"geometry":{"type":"LineString","coordinates":[[-54.3159,-12.1424],[-54.3076,-12.1681]]}},{"type":"Feature","properties":{},"geometry":{"type":"LineString","coordinates":[[-54.3451,-12.1666],[-54.3412,-12.1817]]}},{"type":"Feature","properties":{},"geometry":{"type":"LineString","coordinates":[[-54.3582,-12.1885],[-54.362,-12.17]]}},{"type":"Feature","properties":{},"geometry":{"type":"LineString","coordinates":[[-54.3298,-12.1625],[-54.3544,-12.1688],[-54.3726,-12.1717],[-54.3698,-12.1879]]}},{"type":"Feature","properties":{},"geometry":{"type":"LineString","coordinates":[[-54.6168,-10.9057],[-54.5705,-10.8957],[-54.5758,-10.8741]]}},{"type":"Feature","properties":{},"geometry":{"type":"LineString","coordinates":[[-54.574,-10.8721],[-54.5739,-10.872]]}},{"type":"Feature","properties":{},"geometry":{"type":"LineString","coordinates":[[-54.5758,-10.8741],[-54.574,-10.8721]]}},{"type":"Feature","properties":{},"geometry":{"type":"LineString","coordinates":[[-54.5739,-10.872],[-54.5681,-10.8659]]}},{"type":"Feature","properties":{},"geometry":{"type":"LineString","coordinates":[[-54.5383,-10.8125],[-54.5383,-10.8126]]}},{"type":"Feature","properties":{},"geometry":{"type":"LineString","coordinates":[[-54.5383,-10.8126],[-54.5353,-10.8204],[-54.5421,-10.8224],[-54.5341,-10.8413],[-54.5353,-10.842]]}},{"type":"Feature","properties":{},"geometry":{"type":"LineString","coordinates":[[-54.5481,-10.7976],[-54.5497,-10.8022],[-54.5483,-10.8032],[-54.5478,-10.8065],[-54.5384,-10.807]]}},{"type":"Feature","properties":{},"geometry":{"type":"LineString","coordinates":[[-54.5409,-10.7961],[-54.5375,-10.8107],[-54.5383,-10.8125]]}},{"type":"Feature","properties":{},"geometry":{"type":"LineString","coordinates":[[-54.4451,-11.6446],[-54.4576,-11.6519],[-54.4566,-11.6543],[-54.4614,-11.6922]]}},{"type":"Feature","properties":{},"geometry":{"type":"LineString","coordinates":[[-54.4089,-11.5916],[-54.4088,-11.5921]]}},{"type":"Feature","properties":{},"geometry":{"type":"LineString","coordinates":[[-54.4093,-11.5917],[-54.405,-11.5952],[-54.4125,-11.6044],[-54.4157,-11.6055],[-54.4167,-11.6096],[-54.4451,-11.6446],[-54.4359,-11.6673],[-54.4376,-11.6912]]}},{"type":"Feature","properties":{},"geometry":{"type":"LineString","coordinates":[[-54.4451,-11.6878],[-54.4455,-11.6866]]}},{"type":"Feature","properties":{},"geometry":{"type":"LineString","coordinates":[[-54.4457,-11.6865],[-54.4455,-11.6866]]}},{"type":"Feature","properties":{},"geometry":{"type":"LineString","coordinates":[[-54.4454,-11.6864],[-54.4455,-11.6866]]}},{"type":"Feature","properties":{},"geometry":{"type":"LineString","coordinates":[[-54.4114,-11.6933],[-54.4178,-11.6809],[-54.4205,-11.6723],[-54.4359,-11.6673],[-54.4591,-11.6728]]}},{"type":"Feature","properties":{},"geometry":{"type":"LineString","coordinates":[[-54.4376,-11.6912],[-54.434,-11.6933],[-54.4209,-11.6965],[-54.4091,-11.6925],[-54.4077,-11.6956],[-54.4055,-11.695],[-54.4058,-11.6938]]}},{"type":"Feature","properties":{},"geometry":{"type":"LineString","coordinates":[[-54.4753,-11.6974],[-54.4751,-11.6966],[-54.4547,-11.6902],[-54.4448,-11.6862],[-54.4422,-11.6873],[-54.4402,-11.6896],[-54.4376,-11.6912]]}},{"type":"Feature","properties":{},"geometry":{"type":"LineString","coordinates":[[-54.4668,-11.1408],[-54.4638,-11.1386],[-54.4628,-11.1398]]}},{"type":"Feature","properties":{},"geometry":{"type":"LineString","coordinates":[[-54.3245,-11.1868],[-54.3231,-11.189],[-54.317,-11.2053],[-54.3158,-11.2051],[-54.3076,-11.1991],[-54.3067,-11.1992],[-54.2984,-11.2111],[-54.2978,-11.2132],[-54.2987,-11.2148],[-54.2985,-11.2158],[-54.2597,-11.2486],[-54.2526,-11.2537]]}},{"type":"Feature","properties":{},"geometry":{"type":"LineString","coordinates":[[-54.3246,-11.1867],[-54.3245,-11.1868]]}},{"type":"Feature","properties":{},"geometry":{"type":"LineString","coordinates":[[-54.3745,-11.2209],[-54.3744,-11.2209]]}},{"type":"Feature","properties":{},"geometry":{"type":"LineString","coordinates":[[-54.3962,-11.2137],[-54.392,-11.2192],[-54.3832,-11.2121],[-54.3777,-11.2155],[-54.3767,-11.2167],[-54.3766,-11.2187],[-54.3745,-11.2209]]}},{"type":"Feature","properties":{},"geometry":{"type":"LineString","coordinates":[[-54.5548,-11.3363],[-54.5536,-11.3365],[-54.5244,-11.3612],[-54.5153,-11.3601],[-54.5042,-11.3662],[-54.4961,-11.3758]]}},{"type":"Feature","properties":{},"geometry":{"type":"LineString","coordinates":[[-52.9958,-12.5725],[-52.9953,-12.5718],[-52.9933,-12.5716],[-52.994,-12.5693],[-52.994,-12.5653],[-52.9955,-12.5644],[-52.9965,-12.5649],[-52.9983,-12.5645],[-53.0005,-12.5608],[-53.0015,-12.5604],[-53.0015,-12.5608],[-53.002,-12.5605],[-53.0029,-12.561],[-53.004,-12.5603]]}},{"type":"Feature","properties":{},"geometry":{"type":"LineString","coordinates":[[-53.0218,-12.5766],[-53.0202,-12.5779],[-53.0192,-12.5776],[-53.0176,-12.5757],[-53.0122,-12.5732],[-53.0081,-12.5703],[-53.0054,-12.5696],[-53.0045,-12.5685],[-53.0027,-12.5685],[-53.0006,-12.5697],[-52.998,-12.5703],[-52.9975,-12.5719],[-52.9958,-12.5724],[-52.9969,-12.5753],[-52.9969,-12.5797],[-52.9953,-12.5812]]}},{"type":"Feature","properties":{},"geometry":{"type":"LineString","coordinates":[[-53.5872,-12.2478],[-53.5836,-12.2505]]}},{"type":"Feature","properties":{},"geometry":{"type":"LineString","coordinates":[[-53.5836,-12.2505],[-53.583,-12.2541]]}},{"type":"Feature","properties":{},"geometry":{"type":"LineString","coordinates":[[-53.0701,-12.112],[-53.0741,-12.1064]]}},{"type":"Feature","properties":{},"geometry":{"type":"LineString","coordinates":[[-53.2264,-12.1526],[-53.1971,-12.1405],[-53.1541,-12.1353],[-53.1408,-12.1224],[-53.128,-12.1188],[-53.1167,-12.1183],[-53.1016,-12.1187],[-53.094,-12.1165],[-53.0784,-12.1133],[-53.0722,-12.1112],[-53.017,-12.1307],[-53.0077,-12.1351],[-52.9445,-12.1409],[-52.8881,-12.1792],[-52.8862,-12.1786],[-52.8817,-12.1801],[-52.8807,-12.1798],[-52.8748,-12.1604]]}},{"type":"Feature","properties":{},"geometry":{"type":"LineString","coordinates":[[-53.0741,-12.1064],[-53.0913,-12.087],[-53.137,-12.0379],[-53.1554,-12.0197]]}},{"type":"Feature","properties":{},"geometry":{"type":"LineString","coordinates":[[-53.1554,-12.0197],[-53.1752,-12.0003]]}},{"type":"Feature","properties":{},"geometry":{"type":"LineString","coordinates":[[-53.5748,-12.2633],[-53.5757,-12.2646]]}},{"type":"Feature","properties":{},"geometry":{"type":"LineString","coordinates":[[-53.5705,-12.2543],[-53.5692,-12.2537],[-53.5662,-12.2546]]}},{"type":"Feature","properties":{},"geometry":{"type":"LineString","coordinates":[[-53.5741,-12.2539],[-53.5725,-12.2537],[-53.5645,-12.2562]]}},{"type":"Feature","properties":{},"geometry":{"type":"LineString","coordinates":[[-53.5808,-12.2497],[-53.5804,-12.251],[-53.5774,-12.2528],[-53.5744,-12.2537],[-53.5696,-12.2566],[-53.5652,-12.2582]]}},{"type":"Feature","properties":{},"geometry":{"type":"LineString","coordinates":[[-53.5701,-12.2452],[-53.5678,-12.2489],[-53.5644,-12.25]]}},{"type":"Feature","properties":{},"geometry":{"type":"LineString","coordinates":[[-53.5804,-12.2489],[-53.5767,-12.2499],[-53.5743,-12.2482],[-53.5734,-12.2483],[-53.563,-12.252]]}},{"type":"Feature","properties":{},"geometry":{"type":"LineString","coordinates":[[-53.5801,-12.248],[-53.5808,-12.2497]]}},{"type":"Feature","properties":{},"geometry":{"type":"LineString","coordinates":[[-54.3175,-12.249],[-54.3403,-12.2556],[-54.385,-12.2659],[-54.408,-12.2689],[-54.4572,-12.2773],[-54.4762,-12.2874],[-54.4853,-12.2865],[-54.4979,-12.2963]]}},{"type":"Feature","properties":{},"geometry":{"type":"LineString","coordinates":[[-54.1746,-11.3662],[-54.1726,-11.3687],[-54.1449,-11.391],[-54.1456,-11.4074],[-54.1292,-11.4224]]}},{"type":"Feature","properties":{},"geometry":{"type":"LineString","coordinates":[[-54.0712,-11.6446],[-54.0899,-11.6614],[-54.0992,-11.6643],[-54.1052,-11.663]]}},{"type":"Feature","properties":{},"geometry":{"type":"LineString","coordinates":[[-54.5511,-11.1076],[-54.55,-11.1076]]}},{"type":"Feature","properties":{},"geometry":{"type":"LineString","coordinates":[[-54.2007,-11.2523],[-54.1984,-11.2543]]}},{"type":"Feature","properties":{},"geometry":{"type":"LineString","coordinates":[[-54.1984,-11.2542],[-54.2007,-11.2522]]}},{"type":"Feature","properties":{},"geometry":{"type":"LineString","coordinates":[[-54.2038,-11.2526],[-54.2053,-11.2514]]}},{"type":"Feature","properties":{},"geometry":{"type":"LineString","coordinates":[[-54.2696,-11.5778],[-54.2648,-11.5705]]}},{"type":"Feature","properties":{},"geometry":{"type":"LineString","coordinates":[[-54.2648,-11.5705],[-54.2633,-11.568]]}},{"type":"Feature","properties":{},"geometry":{"type":"LineString","coordinates":[[-54.2633,-11.568],[-54.2752,-11.5646]]}},{"type":"Feature","properties":{},"geometry":{"type":"LineString","coordinates":[[-54.2752,-11.5646],[-54.301,-11.5575],[-54.3022,-11.5517],[-54.3126,-11.5448]]}},{"type":"Feature","properties":{},"geometry":{"type":"LineString","coordinates":[[-54.0673,-10.4263],[-54.0776,-10.4502]]}},{"type":"Feature","properties":{},"geometry":{"type":"LineString","coordinates":[[-54.0673,-10.4262],[-54.0673,-10.4263]]}},{"type":"Feature","properties":{},"geometry":{"type":"LineString","coordinates":[[-54.0952,-10.3648],[-54.0855,-10.3644],[-54.0861,-10.3505]]}},{"type":"Feature","properties":{},"geometry":{"type":"LineString","coordinates":[[-54.2039,-11.2496],[-54.2007,-11.2523]]}},{"type":"Feature","properties":{},"geometry":{"type":"LineString","coordinates":[[-54.2038,-11.2496],[-54.2039,-11.2496]]}},{"type":"Feature","properties":{},"geometry":{"type":"LineString","coordinates":[[-54.2038,-11.2496],[-54.204,-11.2495]]}},{"type":"Feature","properties":{},"geometry":{"type":"LineString","coordinates":[[-54.204,-11.2495],[-54.2039,-11.2496]]}},{"type":"Feature","properties":{},"geometry":{"type":"LineString","coordinates":[[-54.295,-10.4214],[-54.3046,-10.3885],[-54.3072,-10.3891],[-54.3078,-10.387]]}},{"type":"Feature","properties":{},"geometry":{"type":"LineString","coordinates":[[-54.3713,-11.5341],[-54.3718,-11.5347]]}},{"type":"Feature","properties":{},"geometry":{"type":"LineString","coordinates":[[-54.3715,-11.5227],[-54.372,-11.5233]]}},{"type":"Feature","properties":{},"geometry":{"type":"LineString","coordinates":[[-54.376,-11.5292],[-54.3745,-11.5303]]}},{"type":"Feature","properties":{},"geometry":{"type":"LineString","coordinates":[[-53.2997,-12.1584],[-53.309,-12.1501],[-53.3131,-12.1436],[-53.2985,-12.1115]]}},{"type":"Feature","properties":{},"geometry":{"type":"LineString","coordinates":[[-53.3241,-12.098],[-53.3159,-12.0966],[-53.2967,-12.1033]]}},{"type":"Feature","properties":{},"geometry":{"type":"LineString","coordinates":[[-54.5252,-11.0807],[-54.5495,-11.1075]]}},{"type":"Feature","properties":{},"geometry":{"type":"LineString","coordinates":[[-54.4923,-11.1128],[-54.4862,-11.1188]]}},{"type":"Feature","properties":{},"geometry":{"type":"LineString","coordinates":[[-54.4853,-11.1197],[-54.4862,-11.1188]]}},{"type":"Feature","properties":{},"geometry":{"type":"LineString","coordinates":[[-54.4862,-11.1188],[-54.4853,-11.1197]]}},{"type":"Feature","properties":{},"geometry":{"type":"LineString","coordinates":[[-54.6089,-11.0112],[-54.5974,-11.0014],[-54.5977,-11.001],[-54.5907,-10.9935],[-54.588,-10.9935],[-54.5868,-10.9929],[-54.5816,-10.9875]]}},{"type":"Feature","properties":{},"geometry":{"type":"LineString","coordinates":[[-54.1988,-11.84],[-54.2098,-11.8461],[-54.1872,-11.8692]]}},{"type":"Feature","properties":{},"geometry":{"type":"LineString","coordinates":[[-54.1822,-11.7873],[-54.1799,-11.7926]]}},{"type":"Feature","properties":{},"geometry":{"type":"LineString","coordinates":[[-54.1759,-11.7954],[-54.174,-11.8267],[-54.1988,-11.84]]}},{"type":"Feature","properties":{},"geometry":{"type":"LineString","coordinates":[[-54.1457,-11.7945],[-54.1759,-11.7954]]}},{"type":"Feature","properties":{},"geometry":{"type":"LineString","coordinates":[[-54.3003,-12.4819],[-54.2798,-12.4662]]}},{"type":"Feature","properties":{},"geometry":{"type":"LineString","coordinates":[[-54.5404,-11.0974],[-54.5405,-11.0972]]}},{"type":"Feature","properties":{},"geometry":{"type":"LineString","coordinates":[[-54.541,-11.0977],[-54.5408,-11.0979]]}},{"type":"Feature","properties":{},"geometry":{"type":"LineString","coordinates":[[-54.5459,-11.1031],[-54.5456,-11.1033]]}},{"type":"Feature","properties":{},"geometry":{"type":"LineString","coordinates":[[-54.5453,-11.1029],[-54.5455,-11.1027]]}},{"type":"Feature","properties":{},"geometry":{"type":"LineString","coordinates":[[-54.5493,-11.1079],[-54.5489,-11.1076],[-54.5496,-11.1078]]}},{"type":"Feature","properties":{},"geometry":{"type":"LineString","coordinates":[[-54.5259,-11.0916],[-54.5248,-11.0907]]}},{"type":"Feature","properties":{},"geometry":{"type":"LineString","coordinates":[[-54.0596,-11.4725],[-54.0572,-11.4735],[-54.0533,-11.4692],[-54.054,-11.4683],[-54.0537,-11.4678],[-54.052,-11.4688]]}},{"type":"Feature","properties":{},"geometry":{"type":"LineString","coordinates":[[-54.0541,-11.4701],[-54.0548,-11.4696],[-54.0554,-11.4703],[-54.0543,-11.4698]]}},{"type":"Feature","properties":{},"geometry":{"type":"LineString","coordinates":[[-54.0541,-11.4701],[-54.0542,-11.4696]]}},{"type":"Feature","properties":{},"geometry":{"type":"LineString","coordinates":[[-54.0541,-11.4701],[-54.0532,-11.4708]]}},{"type":"Feature","properties":{},"geometry":{"type":"LineString","coordinates":[[-54.0532,-11.4708],[-54.0483,-11.4683]]}},{"type":"Feature","properties":{},"geometry":{"type":"LineString","coordinates":[[-54.0532,-11.4708],[-54.0481,-11.4687]]}},{"type":"Feature","properties":{},"geometry":{"type":"LineString","coordinates":[[-54.0539,-11.4702],[-54.052,-11.4688],[-54.0519,-11.4679]]}},{"type":"Feature","properties":{},"geometry":{"type":"LineString","coordinates":[[-54.0517,-11.4675],[-54.0521,-11.4678],[-54.0517,-11.4675]]}},{"type":"Feature","properties":{},"geometry":{"type":"LineString","coordinates":[[-54.0521,-11.4678],[-54.0527,-11.4682]]}},{"type":"Feature","properties":{},"geometry":{"type":"LineString","coordinates":[[-54.0519,-11.4674],[-54.0517,-11.4667],[-54.0509,-11.4676],[-54.0519,-11.4684]]}},{"type":"Feature","properties":{},"geometry":{"type":"LineString","coordinates":[[-54.0517,-11.4682],[-54.0519,-11.4681]]}},{"type":"Feature","properties":{},"geometry":{"type":"LineString","coordinates":[[-54.0512,-11.467],[-54.0517,-11.4675]]}},{"type":"Feature","properties":{},"geometry":{"type":"LineString","coordinates":[[-54.0555,-11.4717],[-54.056,-11.4713],[-54.0572,-11.4722],[-54.0572,-11.4715],[-54.0563,-11.4709]]}},{"type":"Feature","properties":{},"geometry":{"type":"LineString","coordinates":[[-54.0554,-11.4709],[-54.0551,-11.4712]]}},{"type":"Feature","properties":{},"geometry":{"type":"LineString","coordinates":[[-54.0549,-11.471],[-54.0558,-11.4701],[-54.0564,-11.4708]]}},{"type":"Feature","properties":{},"geometry":{"type":"LineString","coordinates":[[-54.0561,-11.4703],[-54.0558,-11.4705]]}},{"type":"Feature","properties":{},"geometry":{"type":"LineString","coordinates":[[-54.0573,-11.4721],[-54.0581,-11.473]]}},{"type":"Feature","properties":{},"geometry":{"type":"LineString","coordinates":[[-54.059,-11.4729],[-54.0494,-11.4804],[-54.0448,-11.4758]]}},{"type":"Feature","properties":{},"geometry":{"type":"LineString","coordinates":[[-54.0594,-11.4727],[-54.0508,-11.4634]]}},{"type":"Feature","properties":{},"geometry":{"type":"LineString","coordinates":[[-54.0552,-11.4682],[-54.0548,-11.4696]]}},{"type":"Feature","properties":{},"geometry":{"type":"LineString","coordinates":[[-54.0555,-11.4717],[-54.055,-11.4719],[-54.0543,-11.4703]]}},{"type":"Feature","properties":{},"geometry":{"type":"LineString","coordinates":[[-54.0564,-12.323],[-54.0551,-12.321],[-54.0311,-12.3231],[-54.0301,-12.3316],[-54.0282,-12.3383],[-54.0287,-12.3408],[-54.0421,-12.3381],[-54.0417,-12.3358]]}},{"type":"Feature","properties":{},"geometry":{"type":"LineString","coordinates":[[-54.0417,-12.3402],[-54.0502,-12.3588],[-54.057,-12.3587]]}},{"type":"Feature","properties":{},"geometry":{"type":"LineString","coordinates":[[-54.0574,-12.3298],[-54.0584,-12.3291],[-54.058,-12.3304],[-54.0646,-12.3314],[-54.0648,-12.3306],[-54.0607,-12.3243],[-54.0586,-12.3232],[-54.0564,-12.323],[-54.0569,-12.3241],[-54.0522,-12.324],[-54.0459,-12.3257]]}},{"type":"Feature","properties":{},"geometry":{"type":"LineString","coordinates":[[-54.0622,-12.3402],[-54.0608,-12.3489]]}},{"type":"Feature","properties":{},"geometry":{"type":"LineString","coordinates":[[-54.0641,-12.351],[-54.058,-12.347],[-54.0577,-12.35]]}},{"type":"Feature","properties":{},"geometry":{"type":"LineString","coordinates":[[-54.0688,-12.3341],[-54.065,-12.3403]]}},{"type":"Feature","properties":{},"geometry":{"type":"LineString","coordinates":[[-54.0772,-12.3402],[-54.0758,-12.341],[-54.0585,-12.34]]}},{"type":"Feature","properties":{},"geometry":{"type":"LineString","coordinates":[[-54.058,-12.347],[-54.0585,-12.34],[-54.0574,-12.3298]]}},{"type":"Feature","properties":{},"geometry":{"type":"LineString","coordinates":[[-54.0576,-12.3324],[-54.0525,-12.3317]]}},{"type":"Feature","properties":{},"geometry":{"type":"LineString","coordinates":[[-54.0677,-12.3342],[-54.0605,-12.3349],[-54.0582,-12.3371],[-54.0522,-12.3356]]}},{"type":"Feature","properties":{},"geometry":{"type":"LineString","coordinates":[[-54.0525,-12.3317],[-54.052,-12.3399],[-54.0506,-12.3399],[-54.0492,-12.3413],[-54.0577,-12.35],[-54.057,-12.3587]]}},{"type":"Feature","properties":{},"geometry":{"type":"LineString","coordinates":[[-54.0457,-12.3217],[-54.0424,-12.3255]]}},{"type":"Feature","properties":{},"geometry":{"type":"LineString","coordinates":[[-54.0459,-12.3217],[-54.0459,-12.3257]]}},{"type":"Feature","properties":{},"geometry":{"type":"LineString","coordinates":[[-54.0461,-12.3118],[-54.0459,-12.3217]]}},{"type":"Feature","properties":{},"geometry":{"type":"LineString","coordinates":[[-54.0461,-12.3118],[-54.0468,-12.3119],[-54.0473,-12.3153],[-54.0477,-12.3155],[-54.0493,-12.3142]]}},{"type":"Feature","properties":{},"geometry":{"type":"LineString","coordinates":[[-54.1871,-11.8223],[-54.189,-11.8208],[-54.1887,-11.8178],[-54.1882,-11.8163],[-54.1854,-11.8139]]}},{"type":"Feature","properties":{},"geometry":{"type":"LineString","coordinates":[[-54.174,-11.8267],[-54.145,-11.8088]]}},{"type":"Feature","properties":{},"geometry":{"type":"LineString","coordinates":[[-54.123,-11.8584],[-54.1217,-11.8697]]}},{"type":"Feature","properties":{},"geometry":{"type":"LineString","coordinates":[[-54.1425,-12.2599],[-54.1519,-12.2704]]}},{"type":"Feature","properties":{},"geometry":{"type":"LineString","coordinates":[[-54.1309,-12.2469],[-54.1304,-12.2477],[-54.1427,-12.2644]]}},{"type":"Feature","properties":{},"geometry":{"type":"LineString","coordinates":[[-54.1277,-12.2482],[-54.1373,-12.2618]]}},{"type":"Feature","properties":{},"geometry":{"type":"LineString","coordinates":[[-54.1292,-12.2455],[-54.1362,-12.2512]]}},{"type":"Feature","properties":{},"geometry":{"type":"LineString","coordinates":[[-54.1825,-12.1848],[-54.1874,-12.1594]]}},{"type":"Feature","properties":{},"geometry":{"type":"LineString","coordinates":[[-54.1768,-12.2042],[-54.1793,-12.2013],[-54.1825,-12.1848]]}},{"type":"Feature","properties":{},"geometry":{"type":"LineString","coordinates":[[-53.0022,-12.51],[-53.0037,-12.5132]]}},{"type":"Feature","properties":{},"geometry":{"type":"LineString","coordinates":[[-53.0028,-12.5132],[-53.0017,-12.5131]]}},{"type":"Feature","properties":{},"geometry":{"type":"LineString","coordinates":[[-54.041,-12.5487],[-54.0408,-12.5755]]}},{"type":"Feature","properties":{},"geometry":{"type":"LineString","coordinates":[[-53.4274,-12.5991],[-53.429,-12.6008]]}},{"type":"Feature","properties":{},"geometry":{"type":"LineString","coordinates":[[-53.4291,-12.5986],[-53.424,-12.6004]]}},{"type":"Feature","properties":{},"geometry":{"type":"LineString","coordinates":[[-53.428,-12.5958],[-53.4272,-12.5978]]}},{"type":"Feature","properties":{},"geometry":{"type":"LineString","coordinates":[[-54.0655,-11.9244],[-54.0558,-11.9277]]}},{"type":"Feature","properties":{},"geometry":{"type":"LineString","coordinates":[[-54.0558,-11.9277],[-54.0578,-11.9189]]}},{"type":"Feature","properties":{},"geometry":{"type":"LineString","coordinates":[[-54.0558,-11.9277],[-54.0511,-11.9486]]}},{"type":"Feature","properties":{},"geometry":{"type":"LineString","coordinates":[[-54.0558,-11.9277],[-54.0032,-11.9459]]}},{"type":"Feature","properties":{},"geometry":{"type":"LineString","coordinates":[[-54.0578,-11.9189],[-54.0636,-11.8921]]}},{"type":"Feature","properties":{},"geometry":{"type":"LineString","coordinates":[[-54.0762,-11.9018],[-54.0643,-11.8865]]}},{"type":"Feature","properties":{},"geometry":{"type":"LineString","coordinates":[[-54.0643,-11.8865],[-54.0808,-11.8808]]}},{"type":"Feature","properties":{},"geometry":{"type":"LineString","coordinates":[[-54.0643,-11.8865],[-54.054,-11.8735]]}},{"type":"Feature","properties":{},"geometry":{"type":"LineString","coordinates":[[-54.056,-11.8727],[-54.0711,-11.8673]]}},{"type":"Feature","properties":{},"geometry":{"type":"LineString","coordinates":[[-54.054,-11.8735],[-54.0706,-11.8666]]}},{"type":"Feature","properties":{},"geometry":{"type":"LineString","coordinates":[[-54.054,-11.8735],[-54.0498,-11.8677],[-54.066,-11.8603]]}},{"type":"Feature","properties":{},"geometry":{"type":"LineString","coordinates":[[-54.066,-11.8603],[-54.0693,-11.8591]]}},{"type":"Feature","properties":{},"geometry":{"type":"LineString","coordinates":[[-54.0693,-11.8413],[-54.037,-11.8201]]}},{"type":"Feature","properties":{},"geometry":{"type":"LineString","coordinates":[[-54.0259,-11.8045],[-54.0351,-11.7943],[-54.0296,-11.7906]]}},{"type":"Feature","properties":{},"geometry":{"type":"LineString","coordinates":[[-54.1727,-12.3792],[-54.1595,-12.3905]]}},{"type":"Feature","properties":{},"geometry":{"type":"LineString","coordinates":[[-54.1654,-12.3856],[-54.1661,-12.3866],[-54.1659,-12.3876],[-54.1609,-12.392],[-54.1601,-12.3922],[-54.1585,-12.3886]]}},{"type":"Feature","properties":{},"geometry":{"type":"LineString","coordinates":[[-54.0874,-12.2258],[-54.0887,-12.2251],[-54.0908,-12.2219],[-54.0882,-12.2201]]}},{"type":"Feature","properties":{},"geometry":{"type":"LineString","coordinates":[[-54.0861,-12.2242],[-54.0874,-12.226]]}},{"type":"Feature","properties":{},"geometry":{"type":"LineString","coordinates":[[-54.0855,-12.2232],[-54.0861,-12.2242]]}},{"type":"Feature","properties":{},"geometry":{"type":"LineString","coordinates":[[-54.082,-12.2181],[-54.0854,-12.2234]]}},{"type":"Feature","properties":{},"geometry":{"type":"LineString","coordinates":[[-54.0693,-11.8413],[-54.0713,-11.8426],[-54.0937,-11.8426]]}},{"type":"Feature","properties":{},"geometry":{"type":"LineString","coordinates":[[-54.0677,-12.504],[-54.0423,-12.5037]]}},{"type":"Feature","properties":{},"geometry":{"type":"LineString","coordinates":[[-54.0679,-12.4906],[-54.0547,-12.4904],[-54.0541,-12.5446]]}},{"type":"Feature","properties":{},"geometry":{"type":"LineString","coordinates":[[-54.2124,-12.4387],[-54.2032,-12.4494]]}},{"type":"Feature","properties":{},"geometry":{"type":"LineString","coordinates":[[-54.2072,-12.4417],[-54.2049,-12.4443],[-54.2003,-12.4471]]}},{"type":"Feature","properties":{},"geometry":{"type":"LineString","coordinates":[[-54.1886,-12.4191],[-54.1817,-12.4273],[-54.1745,-12.4334]]}},{"type":"Feature","properties":{},"geometry":{"type":"LineString","coordinates":[[-54.2005,-12.4288],[-54.1933,-12.4379]]}},{"type":"Feature","properties":{},"geometry":{"type":"LineString","coordinates":[[-54.1996,-12.5667],[-54.1926,-12.571],[-54.199,-12.5818]]}},{"type":"Feature","properties":{},"geometry":{"type":"LineString","coordinates":[[-54.1659,-12.5669],[-54.1417,-12.574]]}},{"type":"Feature","properties":{},"geometry":{"type":"LineString","coordinates":[[-54.2107,-12.58],[-54.2032,-12.5806],[-54.191,-12.5844]]}},{"type":"Feature","properties":{},"geometry":{"type":"LineString","coordinates":[[-54.1977,-11.9721],[-54.1887,-11.9666]]}},{"type":"Feature","properties":{},"geometry":{"type":"LineString","coordinates":[[-54.1874,-12.1594],[-54.1949,-12.1231],[-54.2011,-12.0974]]}},{"type":"Feature","properties":{},"geometry":{"type":"LineString","coordinates":[[-54.1419,-12.2591],[-54.1386,-12.2616],[-54.1373,-12.2618],[-54.1388,-12.2643]]}},{"type":"Feature","properties":{},"geometry":{"type":"LineString","coordinates":[[-54.0819,-12.218],[-54.0794,-12.2157]]}},{"type":"Feature","properties":{},"geometry":{"type":"LineString","coordinates":[[-54.0671,-12.5492],[-54.0153,-12.548]]}},{"type":"Feature","properties":{},"geometry":{"type":"LineString","coordinates":[[-54.1667,-12.5607],[-54.1707,-12.5615],[-54.1704,-12.5654],[-54.1659,-12.5668]]}},{"type":"Feature","properties":{},"geometry":{"type":"LineString","coordinates":[[-54.0809,-12.5042],[-54.0803,-12.5314]]}},{"type":"Feature","properties":{},"geometry":{"type":"LineString","coordinates":[[-54.0932,-12.5317],[-54.0934,-12.5045]]}},{"type":"Feature","properties":{},"geometry":{"type":"LineString","coordinates":[[-54.08,-12.5451],[-54.0803,-12.5314],[-54.0932,-12.5317]]}},{"type":"Feature","properties":{},"geometry":{"type":"LineString","coordinates":[[-54.0937,-12.4908],[-54.0961,-12.4908],[-54.0978,-12.4926],[-54.1023,-12.4937],[-54.1054,-12.496],[-54.1066,-12.4975],[-54.1065,-12.5049]]}},{"type":"Feature","properties":{},"geometry":{"type":"LineString","coordinates":[[-54.1065,-12.5049],[-54.0809,-12.5042],[-54.0809,-12.4905],[-54.0937,-12.4908],[-54.0934,-12.5045]]}},{"type":"Feature","properties":{},"geometry":{"type":"LineString","coordinates":[[-53.39,-12.3805],[-53.3908,-12.3932],[-53.3921,-12.3981],[-53.3974,-12.4058],[-53.4,-12.4119],[-53.4025,-12.4143],[-53.4043,-12.4208],[-53.4031,-12.4253],[-53.4029,-12.4295],[-53.3987,-12.439],[-53.398,-12.4482],[-53.3959,-12.4527],[-53.397,-12.4537],[-53.4002,-12.455],[-53.4067,-12.4603],[-53.4115,-12.4622],[-53.4152,-12.4645],[-53.4207,-12.469],[-53.4253,-12.4746],[-53.426,-12.4767],[-53.4261,-12.4848],[-53.4296,-12.4951],[-53.4295,-12.5008],[-53.4316,-12.5119],[-53.4298,-12.5218],[-53.4353,-12.5335],[-53.4352,-12.5359],[-53.4369,-12.5391],[-53.4373,-12.5442],[-53.4408,-12.552],[-53.4409,-12.5546]]}},{"type":"Feature","properties":{},"geometry":{"type":"LineString","coordinates":[[-53.4352,-12.154],[-53.4366,-12.1537],[-53.4417,-12.1544]]}},{"type":"Feature","properties":{},"geometry":{"type":"LineString","coordinates":[[-53.4391,-12.1527],[-53.4418,-12.1529]]}},{"type":"Feature","properties":{},"geometry":{"type":"LineString","coordinates":[[-53.436,-12.1587],[-53.4349,-12.158]]}},{"type":"Feature","properties":{},"geometry":{"type":"LineString","coordinates":[[-53.434,-12.1561],[-53.4358,-12.1582],[-53.4363,-12.1606]]}},{"type":"Feature","properties":{},"geometry":{"type":"LineString","coordinates":[[-53.4344,-12.1554],[-53.4371,-12.1568]]}},{"type":"Feature","properties":{},"geometry":{"type":"LineString","coordinates":[[-53.4347,-12.1548],[-53.4361,-12.1556]]}},{"type":"Feature","properties":{},"geometry":{"type":"LineString","coordinates":[[-53.4371,-12.1562],[-53.4374,-12.159]]}},{"type":"Feature","properties":{},"geometry":{"type":"LineString","coordinates":[[-53.4367,-12.1552],[-53.4371,-12.1562],[-53.4377,-12.1563]]}},{"type":"Feature","properties":{},"geometry":{"type":"LineString","coordinates":[[-53.4366,-12.1552],[-53.4399,-12.1573]]}},{"type":"Feature","properties":{},"geometry":{"type":"LineString","coordinates":[[-53.4352,-12.1541],[-53.4366,-12.1552],[-53.4376,-12.1548]]}},{"type":"Feature","properties":{},"geometry":{"type":"LineString","coordinates":[[-53.4367,-12.1516],[-53.4339,-12.1563]]}},{"type":"Feature","properties":{},"geometry":{"type":"LineString","coordinates":[[-53.4349,-12.1508],[-53.434,-12.1524]]}},{"type":"Feature","properties":{},"geometry":{"type":"LineString","coordinates":[[-53.4303,-12.1502],[-53.4307,-12.1533]]}},{"type":"Feature","properties":{},"geometry":{"type":"LineString","coordinates":[[-53.4303,-12.1499],[-53.4314,-12.1504]]}},{"type":"Feature","properties":{},"geometry":{"type":"LineString","coordinates":[[-53.436,-12.1523],[-53.4387,-12.1521],[-53.4389,-12.1526]]}},{"type":"Feature","properties":{},"geometry":{"type":"LineString","coordinates":[[-54.1902,-12.1419],[-54.1873,-12.1422],[-54.1808,-12.1415],[-54.1798,-12.1459]]}},{"type":"Feature","properties":{},"geometry":{"type":"LineString","coordinates":[[-54.1892,-12.1479],[-54.1798,-12.1459]]}},{"type":"Feature","properties":{},"geometry":{"type":"LineString","coordinates":[[-54.1798,-12.1459],[-54.1792,-12.1498],[-54.1739,-12.1479],[-54.1743,-12.1454],[-54.1798,-12.1459]]}},{"type":"Feature","properties":{},"geometry":{"type":"LineString","coordinates":[[-54.172,-11.9258],[-54.1678,-11.9531]]}},{"type":"Feature","properties":{},"geometry":{"type":"LineString","coordinates":[[-54.1788,-11.8837],[-54.18,-11.8763],[-54.1843,-11.8723]]}},{"type":"Feature","properties":{},"geometry":{"type":"LineString","coordinates":[[-54.1855,-11.9855],[-54.1846,-11.9862]]}},{"type":"Feature","properties":{},"geometry":{"type":"LineString","coordinates":[[-54.1856,-11.9853],[-54.1855,-11.9855]]}},{"type":"Feature","properties":{},"geometry":{"type":"LineString","coordinates":[[-54.1855,-11.9851],[-54.1856,-11.9853]]}},{"type":"Feature","properties":{},"geometry":{"type":"LineString","coordinates":[[-54.1854,-11.9849],[-54.1855,-11.9851]]}},{"type":"Feature","properties":{},"geometry":{"type":"LineString","coordinates":[[-54.1852,-11.9847],[-54.1854,-11.9849]]}},{"type":"Feature","properties":{},"geometry":{"type":"LineString","coordinates":[[-54.1849,-11.9844],[-54.1852,-11.9847]]}},{"type":"Feature","properties":{},"geometry":{"type":"LineString","coordinates":[[-54.1846,-11.9841],[-54.1849,-11.9844]]}},{"type":"Feature","properties":{},"geometry":{"type":"LineString","coordinates":[[-54.1844,-11.9836],[-54.1846,-11.9841]]}},{"type":"Feature","properties":{},"geometry":{"type":"LineString","coordinates":[[-54.1848,-11.983],[-54.1844,-11.9836]]}},{"type":"Feature","properties":{},"geometry":{"type":"LineString","coordinates":[[-54.1854,-11.9827],[-54.1848,-11.983]]}},{"type":"Feature","properties":{},"geometry":{"type":"LineString","coordinates":[[-54.186,-11.9825],[-54.1854,-11.9827]]}},{"type":"Feature","properties":{},"geometry":{"type":"LineString","coordinates":[[-54.1867,-11.9824],[-54.186,-11.9825]]}},{"type":"Feature","properties":{},"geometry":{"type":"LineString","coordinates":[[-54.187,-11.9819],[-54.1867,-11.9824]]}},{"type":"Feature","properties":{},"geometry":{"type":"LineString","coordinates":[[-54.3139,-12.2483],[-54.3219,-12.1891]]}},{"type":"Feature","properties":{},"geometry":{"type":"LineString","coordinates":[[-54.2823,-12.1737],[-54.2917,-12.1776],[-54.2992,-12.1757]]}},{"type":"Feature","properties":{},"geometry":{"type":"LineString","coordinates":[[-54.2916,-12.1776],[-54.2907,-12.1864]]}},{"type":"Feature","properties":{},"geometry":{"type":"LineString","coordinates":[[-54.2904,-12.1771],[-54.289,-12.1806],[-54.2886,-12.1863]]}},{"type":"Feature","properties":{},"geometry":{"type":"LineString","coordinates":[[-54.3468,-12.184],[-54.3447,-12.1955]]}},{"type":"Feature","properties":{},"geometry":{"type":"LineString","coordinates":[[-54.3466,-12.2086],[-54.3478,-12.2046],[-54.3485,-12.1968],[-54.3383,-12.1929],[-54.3412,-12.1817]]}},{"type":"Feature","properties":{},"geometry":{"type":"LineString","coordinates":[[-54.3402,-12.1938],[-54.3384,-12.1973],[-54.3378,-12.2012],[-54.3385,-12.2053],[-54.3196,-12.2068]]}},{"type":"Feature","properties":{},"geometry":{"type":"LineString","coordinates":[[-54.3551,-12.2171],[-54.3517,-12.2267],[-54.3497,-12.2269],[-54.349,-12.2291],[-54.3449,-12.2298],[-54.3453,-12.2338],[-54.3357,-12.2334],[-54.3353,-12.2378],[-54.3309,-12.2378],[-54.3253,-12.2514]]}},{"type":"Feature","properties":{},"geometry":{"type":"LineString","coordinates":[[-54.3559,-12.2129],[-54.3536,-12.211],[-54.3582,-12.1885]]}},{"type":"Feature","properties":{},"geometry":{"type":"LineString","coordinates":[[-54.1061,-12.532],[-54.0932,-12.5317],[-54.0931,-12.5453]]}},{"type":"Feature","properties":{},"geometry":{"type":"LineString","coordinates":[[-54.187,-11.9818],[-54.187,-11.9819]]}},{"type":"Feature","properties":{},"geometry":{"type":"LineString","coordinates":[[-54.1864,-11.9816],[-54.1867,-11.982]]}},{"type":"Feature","properties":{},"geometry":{"type":"LineString","coordinates":[[-54.0471,-10.486],[-54.0349,-10.4863]]}},{"type":"Feature","properties":{},"geometry":{"type":"LineString","coordinates":[[-54.0141,-12.5684],[-54.0153,-12.548]]}},{"type":"Feature","properties":{},"geometry":{"type":"LineString","coordinates":[[-53.618,-11.7438],[-53.6193,-11.7462],[-53.621,-11.7465],[-53.6214,-11.7476]]}},{"type":"Feature","properties":{},"geometry":{"type":"LineString","coordinates":[[-53.6193,-11.7462],[-53.6185,-11.7462]]}},{"type":"Feature","properties":{},"geometry":{"type":"LineString","coordinates":[[-53.6193,-11.7462],[-53.62,-11.7476],[-53.621,-11.7482]]}},{"type":"Feature","properties":{},"geometry":{"type":"LineString","coordinates":[[-53.6195,-11.7482],[-53.6169,-11.7504]]}},{"type":"Feature","properties":{},"geometry":{"type":"LineString","coordinates":[[-53.6208,-11.7486],[-53.6195,-11.7515]]}},{"type":"Feature","properties":{},"geometry":{"type":"LineString","coordinates":[[-53.61,-11.7384],[-53.609,-11.7407]]}},{"type":"Feature","properties":{},"geometry":{"type":"LineString","coordinates":[[-53.6188,-11.7514],[-53.6187,-11.7504],[-53.6205,-11.7485]]}},{"type":"Feature","properties":{},"geometry":{"type":"LineString","coordinates":[[-54.4242,-10.994],[-54.3955,-10.9671],[-54.3947,-10.9661],[-54.3961,-10.9635]]}},{"type":"Feature","properties":{},"geometry":{"type":"LineString","coordinates":[[-54.4519,-11.0008],[-54.4518,-11.0007]]}},{"type":"Feature","properties":{},"geometry":{"type":"LineString","coordinates":[[-54.4517,-11.0006],[-54.4513,-11.001]]}},{"type":"Feature","properties":{},"geometry":{"type":"LineString","coordinates":[[-54.4513,-11.001],[-54.4513,-11.001]]}},{"type":"Feature","properties":{},"geometry":{"type":"LineString","coordinates":[[-54.4518,-11.0007],[-54.4353,-10.9854],[-54.426,-10.9948],[-54.4243,-10.994]]}},{"type":"Feature","properties":{},"geometry":{"type":"LineString","coordinates":[[-54.4243,-10.994],[-54.4242,-10.994]]}},{"type":"Feature","properties":{},"geometry":{"type":"LineString","coordinates":[[-54.463,-10.9506],[-54.4596,-10.9537]]}},{"type":"Feature","properties":{},"geometry":{"type":"LineString","coordinates":[[-54.4596,-10.9537],[-54.4596,-10.9538]]}},{"type":"Feature","properties":{},"geometry":{"type":"LineString","coordinates":[[-54.463,-10.9478],[-54.4742,-10.9364]]}},{"type":"Feature","properties":{},"geometry":{"type":"LineString","coordinates":[[-54.4629,-10.9479],[-54.463,-10.9478]]}},{"type":"Feature","properties":{},"geometry":{"type":"LineString","coordinates":[[-54.3337,-10.9723],[-54.3318,-10.9734],[-54.3191,-10.9702],[-54.2915,-10.9444]]}},{"type":"Feature","properties":{},"geometry":{"type":"LineString","coordinates":[[-54.2915,-10.9444],[-54.2915,-10.9443]]}},{"type":"Feature","properties":{},"geometry":{"type":"LineString","coordinates":[[-54.3683,-10.9425],[-54.3656,-10.9399],[-54.3648,-10.9399],[-54.3553,-10.9497],[-54.3533,-10.9509],[-54.3505,-10.9547],[-54.3338,-10.9723]]}},{"type":"Feature","properties":{},"geometry":{"type":"LineString","coordinates":[[-54.3338,-10.9723],[-54.3337,-10.9723]]}},{"type":"Feature","properties":{},"geometry":{"type":"LineString","coordinates":[[-54.4024,-10.9736],[-54.3974,-10.981],[-54.3972,-10.9826],[-54.3934,-10.9887]]}},{"type":"Feature","properties":{},"geometry":{"type":"LineString","coordinates":[[-54.3934,-10.9887],[-54.3934,-10.9888]]}},{"type":"Feature","properties":{},"geometry":{"type":"LineString","coordinates":[[-54.3934,-10.9888],[-54.3899,-10.9959],[-54.3869,-11.0052],[-54.386,-11.0052]]}},{"type":"Feature","properties":{},"geometry":{"type":"LineString","coordinates":[[-54.2083,-11.0447],[-54.2467,-11.0519]]}},{"type":"Feature","properties":{},"geometry":{"type":"LineString","coordinates":[[-54.2467,-11.0519],[-54.2468,-11.0519]]}},{"type":"Feature","properties":{},"geometry":{"type":"LineString","coordinates":[[-54.525,-11.0807],[-54.5251,-11.0808]]}},{"type":"Feature","properties":{},"geometry":{"type":"LineString","coordinates":[[-54.5284,-11.0842],[-54.5284,-11.0841]]}},{"type":"Feature","properties":{},"geometry":{"type":"LineString","coordinates":[[-54.5102,-11.095],[-54.5111,-11.0962]]}},{"type":"Feature","properties":{},"geometry":{"type":"LineString","coordinates":[[-54.5051,-11.0712],[-54.5085,-11.0675]]}},{"type":"Feature","properties":{},"geometry":{"type":"LineString","coordinates":[[-54.5187,-11.0654],[-54.5163,-11.0678],[-54.5151,-11.0667],[-54.5143,-11.0675],[-54.5133,-11.0667],[-54.5071,-11.0728]]}},{"type":"Feature","properties":{},"geometry":{"type":"LineString","coordinates":[[-54.5175,-11.075],[-54.5193,-11.0742],[-54.519,-11.0732],[-54.5197,-11.0726]]}},{"type":"Feature","properties":{},"geometry":{"type":"LineString","coordinates":[[-54.5266,-11.0859],[-54.5248,-11.084]]}},{"type":"Feature","properties":{},"geometry":{"type":"LineString","coordinates":[[-54.5248,-11.084],[-54.5252,-11.0835]]}},{"type":"Feature","properties":{},"geometry":{"type":"LineString","coordinates":[[-54.5181,-11.0924],[-54.5157,-11.0899]]}},{"type":"Feature","properties":{},"geometry":{"type":"LineString","coordinates":[[-54.5151,-11.0906],[-54.5174,-11.0932]]}},{"type":"Feature","properties":{},"geometry":{"type":"LineString","coordinates":[[-54.5173,-11.0932],[-54.5147,-11.0909]]}},{"type":"Feature","properties":{},"geometry":{"type":"LineString","coordinates":[[-54.5126,-11.0938],[-54.5115,-11.0954]]}},{"type":"Feature","properties":{},"geometry":{"type":"LineString","coordinates":[[-54.5165,-11.0939],[-54.514,-11.0915]]}},{"type":"Feature","properties":{},"geometry":{"type":"LineString","coordinates":[[-54.5152,-11.094],[-54.5184,-11.0912]]}},{"type":"Feature","properties":{},"geometry":{"type":"LineString","coordinates":[[-54.4987,-11.0779],[-54.4997,-11.079]]}},{"type":"Feature","properties":{},"geometry":{"type":"LineString","coordinates":[[-54.4997,-11.079],[-54.4967,-11.082]]}},{"type":"Feature","properties":{},"geometry":{"type":"LineString","coordinates":[[-54.4972,-11.0794],[-54.4983,-11.0805]]}},{"type":"Feature","properties":{},"geometry":{"type":"LineString","coordinates":[[-54.4992,-11.0785],[-54.496,-11.0815]]}},{"type":"Feature","properties":{},"geometry":{"type":"LineString","coordinates":[[-54.4997,-11.0768],[-54.4983,-11.0753],[-54.4972,-11.0763]]}},{"type":"Feature","properties":{},"geometry":{"type":"LineString","coordinates":[[-54.4949,-11.0678],[-54.4945,-11.0671],[-54.4972,-11.0645]]}},{"type":"Feature","properties":{},"geometry":{"type":"LineString","coordinates":[[-54.52,-11.0666],[-54.5176,-11.0691]]}},{"type":"Feature","properties":{},"geometry":{"type":"LineString","coordinates":[[-54.509,-11.0809],[-54.5074,-11.08],[-54.5028,-11.0814],[-54.5003,-11.0788],[-54.4997,-11.079]]}},{"type":"Feature","properties":{},"geometry":{"type":"LineString","coordinates":[[-54.5074,-11.08],[-54.5041,-11.077],[-54.5036,-11.0773]]}},{"type":"Feature","properties":{},"geometry":{"type":"LineString","coordinates":[[-54.5387,-11.0176],[-54.5355,-11.0197],[-54.5334,-11.0256],[-54.5298,-11.0282],[-54.5281,-11.0306],[-54.5261,-11.0289],[-54.5237,-11.0312]]}},{"type":"Feature","properties":{},"geometry":{"type":"LineString","coordinates":[[-54.5125,-11.0425],[-54.5124,-11.0426]]}},{"type":"Feature","properties":{},"geometry":{"type":"LineString","coordinates":[[-54.5062,-11.0983],[-54.5053,-11.0976]]}},{"type":"Feature","properties":{},"geometry":{"type":"LineString","coordinates":[[-54.5057,-11.0972],[-54.5055,-11.0974]]}},{"type":"Feature","properties":{},"geometry":{"type":"LineString","coordinates":[[-54.5055,-11.0974],[-54.5053,-11.0976]]}},{"type":"Feature","properties":{},"geometry":{"type":"LineString","coordinates":[[-54.5068,-11.0983],[-54.5062,-11.0976]]}},{"type":"Feature","properties":{},"geometry":{"type":"LineString","coordinates":[[-54.5004,-11.0955],[-54.501,-11.0949],[-54.499,-11.0929],[-54.4976,-11.0942]]}},{"type":"Feature","properties":{},"geometry":{"type":"LineString","coordinates":[[-54.5206,-11.108],[-54.5178,-11.1238]]}},{"type":"Feature","properties":{},"geometry":{"type":"LineString","coordinates":[[-54.5339,-11.1094],[-54.5364,-11.1142],[-54.5364,-11.1205]]}},{"type":"Feature","properties":{},"geometry":{"type":"LineString","coordinates":[[-54.5364,-11.1205],[-54.5431,-11.1201],[-54.5482,-11.1142]]}},{"type":"Feature","properties":{},"geometry":{"type":"LineString","coordinates":[[-54.5384,-11.1089],[-54.542,-11.112],[-54.548,-11.1121],[-54.5479,-11.1191],[-54.5421,-11.1243],[-54.5422,-11.1255],[-54.5407,-11.1272],[-54.5393,-11.1278],[-54.5383,-11.1278],[-54.5364,-11.1205]]}},{"type":"Feature","properties":{},"geometry":{"type":"LineString","coordinates":[[-54.5364,-11.1205],[-54.5303,-11.132]]}},{"type":"Feature","properties":{},"geometry":{"type":"LineString","coordinates":[[-54.5092,-11.096],[-54.4933,-11.1121]]}},{"type":"Feature","properties":{},"geometry":{"type":"LineString","coordinates":[[-54.4924,-11.1126],[-54.4928,-11.1123]]}},{"type":"Feature","properties":{},"geometry":{"type":"LineString","coordinates":[[-54.4932,-11.1119],[-54.4933,-11.1121]]}},{"type":"Feature","properties":{},"geometry":{"type":"LineString","coordinates":[[-54.4933,-11.1121],[-54.493,-11.1123]]}},{"type":"Feature","properties":{},"geometry":{"type":"LineString","coordinates":[[-54.4932,-11.1122],[-54.4933,-11.1124]]}},{"type":"Feature","properties":{},"geometry":{"type":"LineString","coordinates":[[-54.4933,-11.1124],[-54.4931,-11.1123]]}},{"type":"Feature","properties":{},"geometry":{"type":"LineString","coordinates":[[-54.4857,-11.119],[-54.486,-11.1193]]}},{"type":"Feature","properties":{},"geometry":{"type":"LineString","coordinates":[[-54.4858,-11.1195],[-54.4855,-11.1192]]}},{"type":"Feature","properties":{},"geometry":{"type":"LineString","coordinates":[[-54.4855,-11.1192],[-54.4854,-11.1189]]}},{"type":"Feature","properties":{},"geometry":{"type":"LineString","coordinates":[[-54.4854,-11.1189],[-54.4857,-11.119]]}},{"type":"Feature","properties":{},"geometry":{"type":"LineString","coordinates":[[-54.5796,-11.114],[-54.5724,-11.1307],[-54.571,-11.1326],[-54.5682,-11.1426]]}},{"type":"Feature","properties":{},"geometry":{"type":"LineString","coordinates":[[-54.5946,-10.9747],[-54.5917,-10.9775]]}},{"type":"Feature","properties":{},"geometry":{"type":"LineString","coordinates":[[-54.5917,-10.9775],[-54.5917,-10.9775]]}},{"type":"Feature","properties":{},"geometry":{"type":"LineString","coordinates":[[-54.5174,-11.0932],[-54.5173,-11.0932]]}},{"type":"Feature","properties":{},"geometry":{"type":"LineString","coordinates":[[-54.5173,-11.0932],[-54.5156,-11.0944]]}},{"type":"Feature","properties":{},"geometry":{"type":"LineString","coordinates":[[-54.5251,-11.0808],[-54.525,-11.0807]]}},{"type":"Feature","properties":{},"geometry":{"type":"LineString","coordinates":[[-54.5058,-11.0993],[-54.5032,-11.0971]]}},{"type":"Feature","properties":{},"geometry":{"type":"LineString","coordinates":[[-54.588,-10.3979],[-54.5804,-10.3921],[-54.5701,-10.3925],[-54.5696,-10.3878],[-54.5683,-10.3879],[-54.5648,-10.3723],[-54.5637,-10.37]]}},{"type":"Feature","properties":{},"geometry":{"type":"LineString","coordinates":[[-54.5036,-10.404],[-54.5038,-10.4034]]}},{"type":"Feature","properties":{},"geometry":{"type":"LineString","coordinates":[[-54.4426,-10.4243],[-54.4414,-10.4248]]}},{"type":"Feature","properties":{},"geometry":{"type":"LineString","coordinates":[[-54.449,-10.4238],[-54.448,-10.4244]]}},{"type":"Feature","properties":{},"geometry":{"type":"LineString","coordinates":[[-54.4504,-10.4231],[-54.4494,-10.4237]]}},{"type":"Feature","properties":{},"geometry":{"type":"LineString","coordinates":[[-54.4467,-10.4245],[-54.4486,-10.4233]]}},{"type":"Feature","properties":{},"geometry":{"type":"LineString","coordinates":[[-54.448,-10.4224],[-54.4463,-10.4232]]}},{"type":"Feature","properties":{},"geometry":{"type":"LineString","coordinates":[[-54.4266,-10.4504],[-54.422,-10.4492],[-54.4175,-10.446]]}},{"type":"Feature","properties":{},"geometry":{"type":"LineString","coordinates":[[-54.2321,-10.4222],[-54.2321,-10.4219]]}},{"type":"Feature","properties":{},"geometry":{"type":"LineString","coordinates":[[-54.1992,-10.4467],[-54.1986,-10.4452],[-54.1965,-10.4439],[-54.1926,-10.4427],[-54.1895,-10.4428],[-54.1836,-10.4415],[-54.1766,-10.4413]]}},{"type":"Feature","properties":{},"geometry":{"type":"LineString","coordinates":[[-53.9727,-10.5766],[-53.9677,-10.5734],[-53.9677,-10.5712],[-53.9655,-10.5687],[-53.9639,-10.5627],[-53.962,-10.5605],[-53.9618,-10.5586],[-53.9579,-10.5536],[-53.956,-10.5519],[-53.9443,-10.5461]]}},{"type":"Feature","properties":{},"geometry":{"type":"LineString","coordinates":[[-53.9621,-10.5287],[-53.9596,-10.5257],[-53.9571,-10.5246]]}},{"type":"Feature","properties":{},"geometry":{"type":"LineString","coordinates":[[-53.9681,-10.5228],[-53.9673,-10.5237]]}},{"type":"Feature","properties":{},"geometry":{"type":"LineString","coordinates":[[-53.8617,-10.5622],[-53.8613,-10.5624]]}},{"type":"Feature","properties":{},"geometry":{"type":"LineString","coordinates":[[-53.841,-10.5536],[-53.8408,-10.5538]]}},{"type":"Feature","properties":{},"geometry":{"type":"LineString","coordinates":[[-53.8408,-10.5538],[-53.8409,-10.5536]]}},{"type":"Feature","properties":{},"geometry":{"type":"LineString","coordinates":[[-53.8408,-10.5538],[-53.8402,-10.5568],[-53.8386,-10.558],[-53.8293,-10.5571],[-53.827,-10.555],[-53.8222,-10.5546]]}},{"type":"Feature","properties":{},"geometry":{"type":"LineString","coordinates":[[-53.1166,-10.7663],[-53.1171,-10.769],[-53.1168,-10.771],[-53.1181,-10.773],[-53.1202,-10.7743],[-53.1204,-10.7752]]}},{"type":"Feature","properties":{},"geometry":{"type":"LineString","coordinates":[[-53.0694,-10.7946],[-53.0704,-10.7807]]}},{"type":"Feature","properties":{},"geometry":{"type":"LineString","coordinates":[[-54.192,-12.4018],[-54.1872,-12.3969],[-54.1857,-12.3968],[-54.1834,-12.3949]]}},{"type":"Feature","properties":{},"geometry":{"type":"LineString","coordinates":[[-54.205,-12.4442],[-54.2007,-12.4398]]}},{"type":"Feature","properties":{},"geometry":{"type":"LineString","coordinates":[[-53.1161,-10.8344],[-53.1186,-10.8339]]}},{"type":"Feature","properties":{},"geometry":{"type":"LineString","coordinates":[[-53.4814,-10.7229],[-53.4775,-10.7194],[-53.473,-10.7119],[-53.471,-10.7075],[-53.4744,-10.7081],[-53.4814,-10.7058]]}},{"type":"Feature","properties":{},"geometry":{"type":"LineString","coordinates":[[-53.4814,-10.7136],[-53.479,-10.7066]]}},{"type":"Feature","properties":{},"geometry":{"type":"LineString","coordinates":[[-53.4748,-10.708],[-53.4776,-10.7147]]}},{"type":"Feature","properties":{},"geometry":{"type":"LineString","coordinates":[[-53.4878,-10.7302],[-53.4815,-10.7135]]}},{"type":"Feature","properties":{},"geometry":{"type":"LineString","coordinates":[[-53.4863,-10.7306],[-53.4815,-10.7229]]}},{"type":"Feature","properties":{},"geometry":{"type":"LineString","coordinates":[[-53.4804,-10.7326],[-53.4915,-10.7291]]}},{"type":"Feature","properties":{},"geometry":{"type":"LineString","coordinates":[[-53.4804,-10.7326],[-53.4789,-10.7331]]}},{"type":"Feature","properties":{},"geometry":{"type":"LineString","coordinates":[[-53.4814,-10.7361],[-53.4804,-10.7326]]}},{"type":"Feature","properties":{},"geometry":{"type":"LineString","coordinates":[[-53.2219,-10.8616],[-53.2222,-10.8606]]}},{"type":"Feature","properties":{},"geometry":{"type":"LineString","coordinates":[[-53.2219,-10.8616],[-53.2226,-10.8617]]}},{"type":"Feature","properties":{},"geometry":{"type":"LineString","coordinates":[[-53.2219,-10.8616],[-53.2214,-10.8612],[-53.2218,-10.8601]]}},{"type":"Feature","properties":{},"geometry":{"type":"LineString","coordinates":[[-53.2216,-10.861],[-53.2211,-10.8613]]}},{"type":"Feature","properties":{},"geometry":{"type":"LineString","coordinates":[[-53.2216,-10.861],[-53.222,-10.8602]]}},{"type":"Feature","properties":{},"geometry":{"type":"LineString","coordinates":[[-53.2214,-10.8609],[-53.2216,-10.861]]}},{"type":"Feature","properties":{},"geometry":{"type":"LineString","coordinates":[[-53.2184,-10.8572],[-53.2218,-10.8601]]}},{"type":"Feature","properties":{},"geometry":{"type":"LineString","coordinates":[[-53.2221,-10.8605],[-53.2219,-10.8615]]}},{"type":"Feature","properties":{},"geometry":{"type":"LineString","coordinates":[[-53.223,-10.8594],[-53.2221,-10.8603],[-53.222,-10.8593]]}},{"type":"Feature","properties":{},"geometry":{"type":"LineString","coordinates":[[-53.0185,-11.5291],[-53.0202,-11.5303]]}},{"type":"Feature","properties":{},"geometry":{"type":"LineString","coordinates":[[-53.019,-11.5293],[-53.0204,-11.5296]]}},{"type":"Feature","properties":{},"geometry":{"type":"LineString","coordinates":[[-53.0204,-11.5296],[-53.0202,-11.5303]]}},{"type":"Feature","properties":{},"geometry":{"type":"LineString","coordinates":[[-53.0219,-11.5279],[-53.0204,-11.5296]]}},{"type":"Feature","properties":{},"geometry":{"type":"LineString","coordinates":[[-53.0205,-11.5313],[-53.0208,-11.5308]]}},{"type":"Feature","properties":{},"geometry":{"type":"LineString","coordinates":[[-53.0174,-11.5305],[-53.0205,-11.5313]]}},{"type":"Feature","properties":{},"geometry":{"type":"LineString","coordinates":[[-53.0205,-11.5313],[-53.0195,-11.5341]]}},{"type":"Feature","properties":{},"geometry":{"type":"LineString","coordinates":[[-53.5289,-11.0791],[-53.5274,-11.0756]]}},{"type":"Feature","properties":{},"geometry":{"type":"LineString","coordinates":[[-53.5289,-11.0791],[-53.53,-11.0798]]}},{"type":"Feature","properties":{},"geometry":{"type":"LineString","coordinates":[[-53.5283,-11.0803],[-53.5289,-11.0791]]}},{"type":"Feature","properties":{},"geometry":{"type":"LineString","coordinates":[[-53.5283,-11.0803],[-53.5284,-11.08]]}},{"type":"Feature","properties":{},"geometry":{"type":"LineString","coordinates":[[-53.5278,-11.0807],[-53.5281,-11.0805]]}},{"type":"Feature","properties":{},"geometry":{"type":"LineString","coordinates":[[-53.5283,-11.0803],[-53.5281,-11.0805]]}},{"type":"Feature","properties":{},"geometry":{"type":"LineString","coordinates":[[-53.5279,-11.0775],[-53.5261,-11.0757]]}},{"type":"Feature","properties":{},"geometry":{"type":"LineString","coordinates":[[-53.5289,-11.0791],[-53.5299,-11.0763]]}},{"type":"Feature","properties":{},"geometry":{"type":"LineString","coordinates":[[-53.3334,-12.4028],[-53.3309,-12.4008],[-53.3259,-12.4005],[-53.3193,-12.3968],[-53.3177,-12.3969],[-53.3163,-12.3956]]}},{"type":"Feature","properties":{},"geometry":{"type":"LineString","coordinates":[[-53.2617,-12.379],[-53.2596,-12.3795],[-53.2576,-12.3771],[-53.256,-12.3736],[-53.253,-12.37],[-53.2458,-12.3653],[-53.2439,-12.3626],[-53.24,-12.3599],[-53.2371,-12.3562],[-53.2357,-12.3532],[-53.234,-12.3526]]}},{"type":"Feature","properties":{},"geometry":{"type":"LineString","coordinates":[[-53.2617,-12.379],[-53.2641,-12.3784],[-53.2688,-12.3791],[-53.2812,-12.3829]]}},{"type":"Feature","properties":{},"geometry":{"type":"LineString","coordinates":[[-53.2811,-12.3829],[-53.3076,-12.3929],[-53.3158,-12.3952]]}},{"type":"Feature","properties":{},"geometry":{"type":"LineString","coordinates":[[-52.9981,-11.3846],[-53.0009,-11.3869],[-53.0047,-11.3918],[-53.0144,-11.4136]]}},{"type":"Feature","properties":{},"geometry":{"type":"LineString","coordinates":[[-53.1161,-10.835],[-53.1138,-10.835]]}},{"type":"Feature","properties":{},"geometry":{"type":"LineString","coordinates":[[-53.1185,-10.8355],[-53.1162,-10.8349]]}},{"type":"Feature","properties":{},"geometry":{"type":"LineString","coordinates":[[-53.1186,-10.8333],[-53.1164,-10.8333],[-53.1161,-10.8358]]}},{"type":"Feature","properties":{},"geometry":{"type":"LineString","coordinates":[[-53.0292,-10.7901],[-53.014,-10.7934]]}},{"type":"Feature","properties":{},"geometry":{"type":"LineString","coordinates":[[-53.0292,-10.7901],[-53.0677,-10.781]]}},{"type":"Feature","properties":{},"geometry":{"type":"LineString","coordinates":[[-53.0562,-10.7823],[-53.0563,-10.7836]]}},{"type":"Feature","properties":{},"geometry":{"type":"LineString","coordinates":[[-53.0731,-10.7852],[-53.0755,-10.781],[-53.0763,-10.7808]]}},{"type":"Feature","properties":{},"geometry":{"type":"LineString","coordinates":[[-53.0763,-10.7808],[-53.0767,-10.7814],[-53.0757,-10.7846],[-53.0762,-10.7875]]}},{"type":"Feature","properties":{},"geometry":{"type":"LineString","coordinates":[[-53.0767,-10.78],[-53.0763,-10.7808]]}},{"type":"Feature","properties":{},"geometry":{"type":"LineString","coordinates":[[-53.0765,-10.7803],[-53.0763,-10.78]]}},{"type":"Feature","properties":{},"geometry":{"type":"LineString","coordinates":[[-53.014,-10.7934],[-52.9571,-10.7758]]}},{"type":"Feature","properties":{},"geometry":{"type":"LineString","coordinates":[[-53.0789,-10.782],[-53.0794,-10.7859],[-53.0809,-10.7885]]}},{"type":"Feature","properties":{},"geometry":{"type":"LineString","coordinates":[[-53.0795,-10.7823],[-53.0794,-10.7849]]}},{"type":"Feature","properties":{},"geometry":{"type":"LineString","coordinates":[[-53.0816,-10.7835],[-53.0838,-10.7837]]}},{"type":"Feature","properties":{},"geometry":{"type":"LineString","coordinates":[[-53.0797,-10.7818],[-53.0816,-10.7835],[-53.0821,-10.785],[-53.0838,-10.7859]]}},{"type":"Feature","properties":{},"geometry":{"type":"LineString","coordinates":[[-53.0826,-10.7852],[-53.0821,-10.7883]]}},{"type":"Feature","properties":{},"geometry":{"type":"LineString","coordinates":[[-53.0798,-10.7866],[-53.0808,-10.7874]]}},{"type":"Feature","properties":{},"geometry":{"type":"LineString","coordinates":[[-53.0805,-10.7871],[-53.0803,-10.7878]]}},{"type":"Feature","properties":{},"geometry":{"type":"LineString","coordinates":[[-53.0805,-10.7824],[-53.084,-10.7828]]}},{"type":"Feature","properties":{},"geometry":{"type":"LineString","coordinates":[[-53.0831,-10.7827],[-53.084,-10.7825]]}},{"type":"Feature","properties":{},"geometry":{"type":"LineString","coordinates":[[-53.0834,-10.7793],[-53.0826,-10.781],[-53.0797,-10.7812]]}},{"type":"Feature","properties":{},"geometry":{"type":"LineString","coordinates":[[-53.0826,-10.781],[-53.0838,-10.7807]]}},{"type":"Feature","properties":{},"geometry":{"type":"LineString","coordinates":[[-53.08,-10.7816],[-53.0838,-10.7812]]}},{"type":"Feature","properties":{},"geometry":{"type":"LineString","coordinates":[[-53.0798,-10.7811],[-53.0833,-10.7798]]}},{"type":"Feature","properties":{},"geometry":{"type":"LineString","coordinates":[[-53.2361,-11.1987],[-53.2368,-11.1977],[-53.2377,-11.1977]]}},{"type":"Feature","properties":{},"geometry":{"type":"LineString","coordinates":[[-53.2362,-11.1984],[-53.236,-11.198],[-53.2359,-11.199]]}},{"type":"Feature","properties":{},"geometry":{"type":"LineString","coordinates":[[-53.2361,-11.1987],[-53.2358,-11.1992]]}},{"type":"Feature","properties":{},"geometry":{"type":"LineString","coordinates":[[-53.2361,-11.1987],[-53.2373,-11.1991]]}},{"type":"Feature","properties":{},"geometry":{"type":"LineString","coordinates":[[-53.2361,-11.1987],[-53.236,-11.1992],[-53.2366,-11.1989]]}},{"type":"Feature","properties":{},"geometry":{"type":"LineString","coordinates":[[-53.236,-11.1992],[-53.2358,-11.1998],[-53.2365,-11.1995]]}},{"type":"Feature","properties":{},"geometry":{"type":"LineString","coordinates":[[-53.2365,-11.1996],[-53.237,-11.1998]]}},{"type":"Feature","properties":{},"geometry":{"type":"LineString","coordinates":[[-53.2367,-11.1997],[-53.2366,-11.2001]]}},{"type":"Feature","properties":{},"geometry":{"type":"LineString","coordinates":[[-53.2366,-11.2002],[-53.2367,-11.2003]]}},{"type":"Feature","properties":{},"geometry":{"type":"LineString","coordinates":[[-53.2358,-11.1998],[-53.2366,-11.2006]]}},{"type":"Feature","properties":{},"geometry":{"type":"LineString","coordinates":[[-53.2358,-11.2001],[-53.2365,-11.2009]]}},{"type":"Feature","properties":{},"geometry":{"type":"LineString","coordinates":[[-53.2358,-11.2001],[-53.2364,-11.2012]]}},{"type":"Feature","properties":{},"geometry":{"type":"LineString","coordinates":[[-53.2356,-11.2003],[-53.2363,-11.2013]]}},{"type":"Feature","properties":{},"geometry":{"type":"LineString","coordinates":[[-53.2361,-11.2018],[-53.2351,-11.2009],[-53.2358,-11.1992]]}},{"type":"Feature","properties":{},"geometry":{"type":"LineString","coordinates":[[-53.2352,-11.2007],[-53.2361,-11.2015]]}},{"type":"Feature","properties":{},"geometry":{"type":"LineString","coordinates":[[-53.2354,-11.2004],[-53.2352,-11.2007]]}},{"type":"Feature","properties":{},"geometry":{"type":"LineString","coordinates":[[-53.2357,-11.2],[-53.2348,-11.1996]]}},{"type":"Feature","properties":{},"geometry":{"type":"LineString","coordinates":[[-53.2358,-11.2022],[-53.2346,-11.2014],[-53.2348,-11.1996]]}},{"type":"Feature","properties":{},"geometry":{"type":"LineString","coordinates":[[-53.2346,-11.2014],[-53.2338,-11.201]]}},{"type":"Feature","properties":{},"geometry":{"type":"LineString","coordinates":[[-53.2341,-11.2009],[-53.2348,-11.2008]]}},{"type":"Feature","properties":{},"geometry":{"type":"LineString","coordinates":[[-53.2345,-11.1999],[-53.2338,-11.2006]]}},{"type":"Feature","properties":{},"geometry":{"type":"LineString","coordinates":[[-53.2366,-11.1989],[-53.2365,-11.1982]]}},{"type":"Feature","properties":{},"geometry":{"type":"LineString","coordinates":[[-53.2372,-11.1976],[-53.2376,-11.1979]]}},{"type":"Feature","properties":{},"geometry":{"type":"LineString","coordinates":[[-53.2367,-11.1978],[-53.2374,-11.1984]]}},{"type":"Feature","properties":{},"geometry":{"type":"LineString","coordinates":[[-53.236,-11.198],[-53.2366,-11.1979]]}},{"type":"Feature","properties":{},"geometry":{"type":"LineString","coordinates":[[-53.2372,-11.1976],[-53.2374,-11.1968],[-53.238,-11.1969]]}},{"type":"Feature","properties":{},"geometry":{"type":"LineString","coordinates":[[-53.2362,-11.1977],[-53.2369,-11.1959],[-53.2383,-11.1961]]}},{"type":"Feature","properties":{},"geometry":{"type":"LineString","coordinates":[[-53.2374,-11.1968],[-53.2371,-11.1959]]}},{"type":"Feature","properties":{},"geometry":{"type":"LineString","coordinates":[[-53.2362,-11.1973],[-53.2359,-11.1968]]}},{"type":"Feature","properties":{},"geometry":{"type":"LineString","coordinates":[[-53.2338,-11.1971],[-53.2349,-11.1976]]}},{"type":"Feature","properties":{},"geometry":{"type":"LineString","coordinates":[[-53.2343,-11.1973],[-53.2349,-11.1973]]}},{"type":"Feature","properties":{},"geometry":{"type":"LineString","coordinates":[[-53.2371,-11.1959],[-53.2341,-11.1952]]}},{"type":"Feature","properties":{},"geometry":{"type":"LineString","coordinates":[[-53.2369,-11.1959],[-53.2348,-11.196]]}},{"type":"Feature","properties":{},"geometry":{"type":"LineString","coordinates":[[-53.2337,-11.2011],[-53.2355,-11.2028]]}},{"type":"Feature","properties":{},"geometry":{"type":"LineString","coordinates":[[-53.1014,-11.4325],[-53.1023,-11.4323],[-53.1025,-11.4315]]}},{"type":"Feature","properties":{},"geometry":{"type":"LineString","coordinates":[[-53.1012,-11.432],[-53.1024,-11.4317]]}},{"type":"Feature","properties":{},"geometry":{"type":"LineString","coordinates":[[-53.2089,-12.351],[-53.2105,-12.3516]]}},{"type":"Feature","properties":{},"geometry":{"type":"LineString","coordinates":[[-53.2288,-12.3465],[-53.2302,-12.346],[-53.2362,-12.3401],[-53.2387,-12.3391],[-53.2388,-12.3383]]}},{"type":"Feature","properties":{},"geometry":{"type":"LineString","coordinates":[[-53.2286,-12.3465],[-53.2279,-12.3478]]}},{"type":"Feature","properties":{},"geometry":{"type":"LineString","coordinates":[[-53.2286,-12.3465],[-53.2296,-12.3446]]}},{"type":"Feature","properties":{},"geometry":{"type":"LineString","coordinates":[[-53.2324,-12.3399],[-53.2279,-12.3434],[-53.223,-12.3457]]}},{"type":"Feature","properties":{},"geometry":{"type":"LineString","coordinates":[[-53.2359,-12.3373],[-53.2362,-12.3358],[-53.2415,-12.3333],[-53.2454,-12.3351],[-53.2512,-12.3351]]}},{"type":"Feature","properties":{},"geometry":{"type":"LineString","coordinates":[[-53.2228,-12.3371],[-53.2281,-12.336]]}},{"type":"Feature","properties":{},"geometry":{"type":"LineString","coordinates":[[-53.2248,-12.3365],[-53.2263,-12.335]]}},{"type":"Feature","properties":{},"geometry":{"type":"LineString","coordinates":[[-53.2223,-12.3392],[-53.2229,-12.338]]}},{"type":"Feature","properties":{},"geometry":{"type":"LineString","coordinates":[[-53.2219,-12.3444],[-53.2211,-12.3435],[-53.2223,-12.3392]]}},{"type":"Feature","properties":{},"geometry":{"type":"LineString","coordinates":[[-53.2232,-12.3427],[-53.2229,-12.338]]}},{"type":"Feature","properties":{},"geometry":{"type":"LineString","coordinates":[[-53.223,-12.3457],[-53.2232,-12.3427]]}},{"type":"Feature","properties":{},"geometry":{"type":"LineString","coordinates":[[-53.2233,-12.3421],[-53.2229,-12.3389]]}},{"type":"Feature","properties":{},"geometry":{"type":"LineString","coordinates":[[-53.2231,-12.3448],[-53.2229,-12.3427]]}},{"type":"Feature","properties":{},"geometry":{"type":"LineString","coordinates":[[-53.2227,-12.3452],[-53.2229,-12.3428]]}},{"type":"Feature","properties":{},"geometry":{"type":"LineString","coordinates":[[-53.2229,-12.3455],[-53.2227,-12.3443]]}},{"type":"Feature","properties":{},"geometry":{"type":"LineString","coordinates":[[-53.2228,-12.3449],[-53.223,-12.3433]]}},{"type":"Feature","properties":{},"geometry":{"type":"LineString","coordinates":[[-53.223,-12.3457],[-53.2232,-12.3427]]}},{"type":"Feature","properties":{},"geometry":{"type":"LineString","coordinates":[[-53.2232,-12.3443],[-53.2232,-12.3427]]}},{"type":"Feature","properties":{},"geometry":{"type":"LineString","coordinates":[[-53.223,-12.3457],[-53.2219,-12.3444],[-53.2223,-12.3447]]}},{"type":"Feature","properties":{},"geometry":{"type":"LineString","coordinates":[[-53.2228,-12.3481],[-53.223,-12.3457]]}},{"type":"Feature","properties":{},"geometry":{"type":"LineString","coordinates":[[-53.223,-12.3457],[-53.2223,-12.3447]]}},{"type":"Feature","properties":{},"geometry":{"type":"LineString","coordinates":[[-53.2212,-12.3428],[-53.2229,-12.3419]]}},{"type":"Feature","properties":{},"geometry":{"type":"LineString","coordinates":[[-53.223,-12.341],[-53.2229,-12.3419]]}},{"type":"Feature","properties":{},"geometry":{"type":"LineString","coordinates":[[-53.223,-12.3457],[-53.2229,-12.338]]}},{"type":"Feature","properties":{},"geometry":{"type":"LineString","coordinates":[[-53.222,-12.3399],[-53.2222,-12.3393]]}},{"type":"Feature","properties":{},"geometry":{"type":"LineString","coordinates":[[-53.222,-12.3399],[-53.2224,-12.3389]]}},{"type":"Feature","properties":{},"geometry":{"type":"LineString","coordinates":[[-53.2215,-12.3412],[-53.2218,-12.3403]]}},{"type":"Feature","properties":{},"geometry":{"type":"LineString","coordinates":[[-53.2211,-12.3435],[-53.2208,-12.3464],[-53.2217,-12.3483]]}},{"type":"Feature","properties":{},"geometry":{"type":"LineString","coordinates":[[-53.2208,-12.3459],[-53.2209,-12.3448]]}},{"type":"Feature","properties":{},"geometry":{"type":"LineString","coordinates":[[-53.2229,-12.3602],[-53.2211,-12.3607],[-53.2195,-12.36]]}},{"type":"Feature","properties":{},"geometry":{"type":"LineString","coordinates":[[-53.2254,-12.3553],[-53.2212,-12.356],[-53.2189,-12.3555]]}},{"type":"Feature","properties":{},"geometry":{"type":"LineString","coordinates":[[-53.2163,-12.3737],[-53.2141,-12.3753],[-53.2137,-12.3787]]}},{"type":"Feature","properties":{},"geometry":{"type":"LineString","coordinates":[[-53.2163,-12.3737],[-53.2131,-12.3665],[-53.2111,-12.3568]]}},{"type":"Feature","properties":{},"geometry":{"type":"LineString","coordinates":[[-53.1996,-12.3881],[-53.1997,-12.3858],[-53.2014,-12.3837],[-53.2024,-12.3787],[-53.2062,-12.3741]]}},{"type":"Feature","properties":{},"geometry":{"type":"LineString","coordinates":[[-53.2072,-12.3826],[-53.2054,-12.3838]]}},{"type":"Feature","properties":{},"geometry":{"type":"LineString","coordinates":[[-53.2082,-12.3874],[-53.2075,-12.386],[-53.2082,-12.3848],[-53.2072,-12.3845]]}},{"type":"Feature","properties":{},"geometry":{"type":"LineString","coordinates":[[-53.2075,-12.386],[-53.2067,-12.3854]]}},{"type":"Feature","properties":{},"geometry":{"type":"LineString","coordinates":[[-53.2023,-12.3843],[-53.2035,-12.3842]]}},{"type":"Feature","properties":{},"geometry":{"type":"LineString","coordinates":[[-53.2019,-12.3819],[-53.2023,-12.3843]]}},{"type":"Feature","properties":{},"geometry":{"type":"LineString","coordinates":[[-53.1983,-12.3852],[-53.1998,-12.3855]]}},{"type":"Feature","properties":{},"geometry":{"type":"LineString","coordinates":[[-53.2025,-12.3789],[-53.2047,-12.3819]]}},{"type":"Feature","properties":{},"geometry":{"type":"LineString","coordinates":[[-53.2012,-12.3834],[-53.1974,-12.3827]]}},{"type":"Feature","properties":{},"geometry":{"type":"LineString","coordinates":[[-53.2024,-12.3787],[-53.2008,-12.3803],[-53.1974,-12.382]]}},{"type":"Feature","properties":{},"geometry":{"type":"LineString","coordinates":[[-53.2135,-12.3547],[-53.213,-12.3544]]}},{"type":"Feature","properties":{},"geometry":{"type":"LineString","coordinates":[[-53.2089,-12.3556],[-53.209,-12.3562]]}},{"type":"Feature","properties":{},"geometry":{"type":"LineString","coordinates":[[-53.2089,-12.3556],[-53.2086,-12.3554]]}},{"type":"Feature","properties":{},"geometry":{"type":"LineString","coordinates":[[-53.2086,-12.3554],[-53.2084,-12.3559]]}},{"type":"Feature","properties":{},"geometry":{"type":"LineString","coordinates":[[-53.2086,-12.3554],[-53.2099,-12.3536]]}},{"type":"Feature","properties":{},"geometry":{"type":"LineString","coordinates":[[-53.2106,-12.3535],[-53.2113,-12.3529]]}},{"type":"Feature","properties":{},"geometry":{"type":"LineString","coordinates":[[-53.2105,-12.3519],[-53.2125,-12.3522],[-53.2133,-12.3517]]}},{"type":"Feature","properties":{},"geometry":{"type":"LineString","coordinates":[[-53.2113,-12.3514],[-53.2113,-12.3523]]}},{"type":"Feature","properties":{},"geometry":{"type":"LineString","coordinates":[[-53.2111,-12.3515],[-53.2111,-12.3516]]}},{"type":"Feature","properties":{},"geometry":{"type":"LineString","coordinates":[[-53.2142,-12.3488],[-53.2175,-12.3472],[-53.2213,-12.3428]]}},{"type":"Feature","properties":{},"geometry":{"type":"LineString","coordinates":[[-53.2178,-12.3469],[-53.22,-12.3431],[-53.2211,-12.3397],[-53.2228,-12.3382]]}},{"type":"Feature","properties":{},"geometry":{"type":"LineString","coordinates":[[-53.2181,-12.3459],[-53.2191,-12.3409],[-53.2186,-12.3377],[-53.218,-12.3371]]}},{"type":"Feature","properties":{},"geometry":{"type":"LineString","coordinates":[[-53.219,-12.3406],[-53.2206,-12.3416]]}},{"type":"Feature","properties":{},"geometry":{"type":"LineString","coordinates":[[-53.2182,-12.3465],[-53.2192,-12.3452]]}},{"type":"Feature","properties":{},"geometry":{"type":"LineString","coordinates":[[-53.2147,-12.3473],[-53.2153,-12.3446],[-53.2134,-12.3395],[-53.2141,-12.3383]]}},{"type":"Feature","properties":{},"geometry":{"type":"LineString","coordinates":[[-53.2135,-12.34],[-53.2135,-12.3393]]}},{"type":"Feature","properties":{},"geometry":{"type":"LineString","coordinates":[[-53.2147,-12.3473],[-53.2153,-12.3446]]}},{"type":"Feature","properties":{},"geometry":{"type":"LineString","coordinates":[[-53.2149,-12.347],[-53.2147,-12.3467]]}},{"type":"Feature","properties":{},"geometry":{"type":"LineString","coordinates":[[-53.2103,-12.3496],[-53.2083,-12.3501]]}},{"type":"Feature","properties":{},"geometry":{"type":"LineString","coordinates":[[-53.2101,-12.3497],[-53.2098,-12.351]]}},{"type":"Feature","properties":{},"geometry":{"type":"LineString","coordinates":[[-53.2097,-12.3497],[-53.2095,-12.3506]]}},{"type":"Feature","properties":{},"geometry":{"type":"LineString","coordinates":[[-53.2075,-12.3503],[-53.2085,-12.3504]]}},{"type":"Feature","properties":{},"geometry":{"type":"LineString","coordinates":[[-53.2074,-12.3503],[-53.2082,-12.3511]]}},{"type":"Feature","properties":{},"geometry":{"type":"LineString","coordinates":[[-53.2068,-12.3507],[-53.2066,-12.3507]]}},{"type":"Feature","properties":{},"geometry":{"type":"LineString","coordinates":[[-53.2031,-12.3494],[-53.202,-12.3488]]}},{"type":"Feature","properties":{},"geometry":{"type":"LineString","coordinates":[[-53.2023,-12.3493],[-53.202,-12.3498]]}},{"type":"Feature","properties":{},"geometry":{"type":"LineString","coordinates":[[-53.2093,-12.3539],[-53.2099,-12.3543]]}},{"type":"Feature","properties":{},"geometry":{"type":"LineString","coordinates":[[-53.2099,-12.3543],[-53.2102,-12.3544]]}},{"type":"Feature","properties":{},"geometry":{"type":"LineString","coordinates":[[-53.2084,-12.3559],[-53.2032,-12.359]]}},{"type":"Feature","properties":{},"geometry":{"type":"LineString","coordinates":[[-53.2007,-12.363],[-53.2005,-12.3702],[-53.1984,-12.3721]]}},{"type":"Feature","properties":{},"geometry":{"type":"LineString","coordinates":[[-53.19,-12.3761],[-53.1873,-12.377]]}},{"type":"Feature","properties":{},"geometry":{"type":"LineString","coordinates":[[-53.1853,-12.3762],[-53.1738,-12.3796]]}},{"type":"Feature","properties":{},"geometry":{"type":"LineString","coordinates":[[-53.1707,-12.3805],[-53.1738,-12.3796]]}},{"type":"Feature","properties":{},"geometry":{"type":"LineString","coordinates":[[-53.1707,-12.3805],[-53.1586,-12.3845]]}},{"type":"Feature","properties":{},"geometry":{"type":"LineString","coordinates":[[-53.1902,-12.3815],[-53.1933,-12.3829]]}},{"type":"Feature","properties":{},"geometry":{"type":"LineString","coordinates":[[-53.1933,-12.3829],[-53.194,-12.3838]]}},{"type":"Feature","properties":{},"geometry":{"type":"LineString","coordinates":[[-53.194,-12.3838],[-53.1967,-12.3846],[-53.1966,-12.3857]]}},{"type":"Feature","properties":{},"geometry":{"type":"LineString","coordinates":[[-53.1948,-12.3851],[-53.1937,-12.3847],[-53.194,-12.3838]]}},{"type":"Feature","properties":{},"geometry":{"type":"LineString","coordinates":[[-53.2052,-12.3883],[-53.2051,-12.3892]]}},{"type":"Feature","properties":{},"geometry":{"type":"LineString","coordinates":[[-53.223,-12.332],[-53.2192,-12.3259],[-53.2178,-12.3188],[-53.216,-12.3147]]}},{"type":"Feature","properties":{},"geometry":{"type":"LineString","coordinates":[[-53.2178,-12.3188],[-53.2168,-12.3165]]}},{"type":"Feature","properties":{},"geometry":{"type":"LineString","coordinates":[[-53.2164,-12.3157],[-53.216,-12.3142]]}},{"type":"Feature","properties":{},"geometry":{"type":"LineString","coordinates":[[-53.2088,-12.3528],[-53.2081,-12.3531]]}},{"type":"Feature","properties":{},"geometry":{"type":"LineString","coordinates":[[-53.2088,-12.3528],[-53.2088,-12.3531]]}},{"type":"Feature","properties":{},"geometry":{"type":"LineString","coordinates":[[-53.2087,-12.3508],[-53.2088,-12.3528]]}},{"type":"Feature","properties":{},"geometry":{"type":"LineString","coordinates":[[-53.2101,-12.3532],[-53.2102,-12.3533]]}},{"type":"Feature","properties":{},"geometry":{"type":"LineString","coordinates":[[-53.1909,-12.3551],[-53.1889,-12.3542],[-53.1841,-12.3563]]}},{"type":"Feature","properties":{},"geometry":{"type":"LineString","coordinates":[[-53.1862,-12.355],[-53.1843,-12.3562]]}},{"type":"Feature","properties":{},"geometry":{"type":"LineString","coordinates":[[-53.1855,-12.3556],[-53.1845,-12.356]]}},{"type":"Feature","properties":{},"geometry":{"type":"LineString","coordinates":[[-53.1872,-12.3499],[-53.1887,-12.347],[-53.1856,-12.3556]]}},{"type":"Feature","properties":{},"geometry":{"type":"LineString","coordinates":[[-53.1738,-12.3757],[-53.1806,-12.3656],[-53.1856,-12.3556]]}},{"type":"Feature","properties":{},"geometry":{"type":"LineString","coordinates":[[-53.185,-12.3571],[-53.184,-12.3589]]}},{"type":"Feature","properties":{},"geometry":{"type":"LineString","coordinates":[[-53.1852,-12.3567],[-53.1835,-12.3575]]}},{"type":"Feature","properties":{},"geometry":{"type":"LineString","coordinates":[[-53.1927,-12.3472],[-53.1895,-12.3482],[-53.1878,-12.3495]]}},{"type":"Feature","properties":{},"geometry":{"type":"LineString","coordinates":[[-53.1884,-12.3487],[-53.189,-12.3485]]}},{"type":"Feature","properties":{},"geometry":{"type":"LineString","coordinates":[[-53.1887,-12.347],[-53.1887,-12.3468]]}},{"type":"Feature","properties":{},"geometry":{"type":"LineString","coordinates":[[-53.1896,-12.3456],[-53.2107,-12.334],[-53.2125,-12.3338],[-53.2178,-12.3314]]}},{"type":"Feature","properties":{},"geometry":{"type":"LineString","coordinates":[[-53.2216,-12.3314],[-53.2178,-12.3314]]}},{"type":"Feature","properties":{},"geometry":{"type":"LineString","coordinates":[[-53.2178,-12.3314],[-53.2122,-12.3305]]}},{"type":"Feature","properties":{},"geometry":{"type":"LineString","coordinates":[[-53.2216,-12.3314],[-53.2193,-12.3306]]}},{"type":"Feature","properties":{},"geometry":{"type":"LineString","coordinates":[[-53.2197,-12.3309],[-53.2136,-12.3295]]}},{"type":"Feature","properties":{},"geometry":{"type":"LineString","coordinates":[[-53.2162,-12.33],[-53.2134,-12.3308]]}},{"type":"Feature","properties":{},"geometry":{"type":"LineString","coordinates":[[-53.2153,-12.3302],[-53.2131,-12.3299]]}},{"type":"Feature","properties":{},"geometry":{"type":"LineString","coordinates":[[-53.2139,-12.3308],[-53.2195,-12.3309]]}},{"type":"Feature","properties":{},"geometry":{"type":"LineString","coordinates":[[-53.2203,-12.3315],[-53.2184,-12.3308]]}},{"type":"Feature","properties":{},"geometry":{"type":"LineString","coordinates":[[-53.223,-12.3333],[-53.2204,-12.3315]]}},{"type":"Feature","properties":{},"geometry":{"type":"LineString","coordinates":[[-53.2227,-12.3332],[-53.221,-12.3318]]}},{"type":"Feature","properties":{},"geometry":{"type":"LineString","coordinates":[[-53.2228,-12.333],[-53.2214,-12.3311]]}},{"type":"Feature","properties":{},"geometry":{"type":"LineString","coordinates":[[-53.2221,-12.3315],[-53.2217,-12.3314]]}},{"type":"Feature","properties":{},"geometry":{"type":"LineString","coordinates":[[-53.2227,-12.3328],[-53.2229,-12.3325]]}},{"type":"Feature","properties":{},"geometry":{"type":"LineString","coordinates":[[-53.2228,-12.3329],[-53.2225,-12.3328]]}},{"type":"Feature","properties":{},"geometry":{"type":"LineString","coordinates":[[-53.2227,-12.3329],[-53.2226,-12.333]]}},{"type":"Feature","properties":{},"geometry":{"type":"LineString","coordinates":[[-53.2231,-12.3329],[-53.223,-12.3328]]}},{"type":"Feature","properties":{},"geometry":{"type":"LineString","coordinates":[[-53.223,-12.3327],[-53.2231,-12.3324]]}},{"type":"Feature","properties":{},"geometry":{"type":"LineString","coordinates":[[-53.223,-12.332],[-53.2231,-12.3324]]}},{"type":"Feature","properties":{},"geometry":{"type":"LineString","coordinates":[[-53.2227,-12.3328],[-53.2218,-12.3315]]}},{"type":"Feature","properties":{},"geometry":{"type":"LineString","coordinates":[[-53.2217,-12.3314],[-53.2226,-12.3326]]}},{"type":"Feature","properties":{},"geometry":{"type":"LineString","coordinates":[[-53.2231,-12.3325],[-53.2232,-12.331],[-53.2195,-12.3307]]}},{"type":"Feature","properties":{},"geometry":{"type":"LineString","coordinates":[[-53.2198,-12.3307],[-53.2213,-12.331]]}},{"type":"Feature","properties":{},"geometry":{"type":"LineString","coordinates":[[-53.2211,-12.3308],[-53.2199,-12.3304]]}},{"type":"Feature","properties":{},"geometry":{"type":"LineString","coordinates":[[-53.223,-12.3326],[-53.2231,-12.3324]]}},{"type":"Feature","properties":{},"geometry":{"type":"LineString","coordinates":[[-53.2231,-12.3324],[-53.2232,-12.3322]]}},{"type":"Feature","properties":{},"geometry":{"type":"LineString","coordinates":[[-53.2232,-12.332],[-53.2226,-12.3311]]}},{"type":"Feature","properties":{},"geometry":{"type":"LineString","coordinates":[[-53.2242,-12.331],[-53.2226,-12.3311]]}},{"type":"Feature","properties":{},"geometry":{"type":"LineString","coordinates":[[-53.2236,-12.331],[-53.2231,-12.331]]}},{"type":"Feature","properties":{},"geometry":{"type":"LineString","coordinates":[[-53.2228,-12.3309],[-53.2249,-12.3306]]}},{"type":"Feature","properties":{},"geometry":{"type":"LineString","coordinates":[[-53.2235,-12.3309],[-53.2234,-12.3311]]}},{"type":"Feature","properties":{},"geometry":{"type":"LineString","coordinates":[[-53.2232,-12.3311],[-53.2229,-12.331]]}},{"type":"Feature","properties":{},"geometry":{"type":"LineString","coordinates":[[-53.2228,-12.3309],[-53.2217,-12.3312]]}},{"type":"Feature","properties":{},"geometry":{"type":"LineString","coordinates":[[-53.2226,-12.3311],[-53.2225,-12.3311]]}},{"type":"Feature","properties":{},"geometry":{"type":"LineString","coordinates":[[-53.5963,-11.1237],[-53.5965,-11.1246]]}},{"type":"Feature","properties":{},"geometry":{"type":"LineString","coordinates":[[-53.5968,-11.1239],[-53.5966,-11.1246]]}},{"type":"Feature","properties":{},"geometry":{"type":"LineString","coordinates":[[-53.5952,-11.1239],[-53.5963,-11.1246]]}},{"type":"Feature","properties":{},"geometry":{"type":"LineString","coordinates":[[-53.5974,-11.1246],[-53.599,-11.1259]]}},{"type":"Feature","properties":{},"geometry":{"type":"LineString","coordinates":[[-53.5963,-11.1251],[-53.596,-11.1254]]}},{"type":"Feature","properties":{},"geometry":{"type":"LineString","coordinates":[[-53.2873,-11.0291],[-53.2889,-11.0301]]}},{"type":"Feature","properties":{},"geometry":{"type":"LineString","coordinates":[[-53.2871,-11.0297],[-53.2884,-11.0306]]}},{"type":"Feature","properties":{},"geometry":{"type":"LineString","coordinates":[[-53.2865,-11.0299],[-53.2879,-11.0311]]}},{"type":"Feature","properties":{},"geometry":{"type":"LineString","coordinates":[[-53.2886,-11.0254],[-53.2866,-11.0287]]}},{"type":"Feature","properties":{},"geometry":{"type":"LineString","coordinates":[[-53.2864,-11.027],[-53.2869,-11.028]]}},{"type":"Feature","properties":{},"geometry":{"type":"LineString","coordinates":[[-53.2868,-11.0282],[-53.2858,-11.028]]}},{"type":"Feature","properties":{},"geometry":{"type":"LineString","coordinates":[[-53.286,-11.0269],[-53.286,-11.0279]]}},{"type":"Feature","properties":{},"geometry":{"type":"LineString","coordinates":[[-53.2873,-11.0289],[-53.2871,-11.0297],[-53.2861,-11.0297],[-53.2866,-11.0287],[-53.2873,-11.0289]]}},{"type":"Feature","properties":{},"geometry":{"type":"LineString","coordinates":[[-53.288,-11.029],[-53.2875,-11.0288]]}},{"type":"Feature","properties":{},"geometry":{"type":"LineString","coordinates":[[-53.2868,-11.0282],[-53.287,-11.0288]]}},{"type":"Feature","properties":{},"geometry":{"type":"LineString","coordinates":[[-53.2861,-11.0293],[-53.2858,-11.0293]]}},{"type":"Feature","properties":{},"geometry":{"type":"LineString","coordinates":[[-53.2861,-11.0296],[-53.2854,-11.0295]]}},{"type":"Feature","properties":{},"geometry":{"type":"LineString","coordinates":[[-53.2859,-11.03],[-53.2861,-11.0297]]}},{"type":"Feature","properties":{},"geometry":{"type":"LineString","coordinates":[[-53.2861,-11.0301],[-53.2863,-11.0299]]}},{"type":"Feature","properties":{},"geometry":{"type":"LineString","coordinates":[[-53.3179,-10.9453],[-53.3158,-10.9464]]}},{"type":"Feature","properties":{},"geometry":{"type":"LineString","coordinates":[[-53.316,-10.9465],[-53.316,-10.9464]]}},{"type":"Feature","properties":{},"geometry":{"type":"LineString","coordinates":[[-53.3162,-10.9462],[-53.3175,-10.9442]]}},{"type":"Feature","properties":{},"geometry":{"type":"LineString","coordinates":[[-53.3173,-10.9444],[-53.317,-10.944]]}},{"type":"Feature","properties":{},"geometry":{"type":"LineString","coordinates":[[-53.3171,-10.9446],[-53.3169,-10.9445]]}},{"type":"Feature","properties":{},"geometry":{"type":"LineString","coordinates":[[-53.3167,-10.9453],[-53.3159,-10.9451]]}},{"type":"Feature","properties":{},"geometry":{"type":"LineString","coordinates":[[-53.3159,-10.9456],[-53.3158,-10.946]]}},{"type":"Feature","properties":{},"geometry":{"type":"LineString","coordinates":[[-53.3155,-10.9463],[-53.3147,-10.946]]}},{"type":"Feature","properties":{},"geometry":{"type":"LineString","coordinates":[[-53.3142,-10.9456],[-53.3154,-10.9464]]}},{"type":"Feature","properties":{},"geometry":{"type":"LineString","coordinates":[[-53.3155,-10.9465],[-53.3152,-10.9466]]}},{"type":"Feature","properties":{},"geometry":{"type":"LineString","coordinates":[[-53.3151,-10.9466],[-53.315,-10.9466]]}},{"type":"Feature","properties":{},"geometry":{"type":"LineString","coordinates":[[-53.3149,-10.9466],[-53.3149,-10.9464]]}},{"type":"Feature","properties":{},"geometry":{"type":"LineString","coordinates":[[-53.3149,-10.9466],[-53.3147,-10.9461]]}},{"type":"Feature","properties":{},"geometry":{"type":"LineString","coordinates":[[-53.3138,-10.9463],[-53.3146,-10.9464]]}},{"type":"Feature","properties":{},"geometry":{"type":"LineString","coordinates":[[-53.3146,-10.9464],[-53.3145,-10.947]]}},{"type":"Feature","properties":{},"geometry":{"type":"LineString","coordinates":[[-53.3149,-10.9468],[-53.3138,-10.9472]]}},{"type":"Feature","properties":{},"geometry":{"type":"LineString","coordinates":[[-53.315,-10.9469],[-53.3148,-10.9471]]}},{"type":"Feature","properties":{},"geometry":{"type":"LineString","coordinates":[[-53.3149,-10.947],[-53.3144,-10.947]]}},{"type":"Feature","properties":{},"geometry":{"type":"LineString","coordinates":[[-53.3147,-10.9476],[-53.3145,-10.9475]]}},{"type":"Feature","properties":{},"geometry":{"type":"LineString","coordinates":[[-53.318,-10.9518],[-53.3143,-10.949],[-53.3138,-10.9473]]}},{"type":"Feature","properties":{},"geometry":{"type":"LineString","coordinates":[[-53.3156,-10.9471],[-53.3153,-10.9479],[-53.3156,-10.9471]]}},{"type":"Feature","properties":{},"geometry":{"type":"LineString","coordinates":[[-53.3156,-10.9471],[-53.3155,-10.9465]]}},{"type":"Feature","properties":{},"geometry":{"type":"LineString","coordinates":[[-53.3156,-10.9469],[-53.3152,-10.9466]]}},{"type":"Feature","properties":{},"geometry":{"type":"LineString","coordinates":[[-53.3156,-10.9471],[-53.3151,-10.9468]]}},{"type":"Feature","properties":{},"geometry":{"type":"LineString","coordinates":[[-53.3153,-10.9481],[-53.3149,-10.9481]]}},{"type":"Feature","properties":{},"geometry":{"type":"LineString","coordinates":[[-53.3148,-10.9482],[-53.3149,-10.9482]]}},{"type":"Feature","properties":{},"geometry":{"type":"LineString","coordinates":[[-53.3144,-10.9486],[-53.3148,-10.9485]]}},{"type":"Feature","properties":{},"geometry":{"type":"LineString","coordinates":[[-53.3145,-10.9486],[-53.3148,-10.9485]]}},{"type":"Feature","properties":{},"geometry":{"type":"LineString","coordinates":[[-53.3147,-10.9486],[-53.3151,-10.9485]]}},{"type":"Feature","properties":{},"geometry":{"type":"LineString","coordinates":[[-53.3151,-10.9485],[-53.3149,-10.9487]]}},{"type":"Feature","properties":{},"geometry":{"type":"LineString","coordinates":[[-53.3154,-10.9484],[-53.3156,-10.9486]]}},{"type":"Feature","properties":{},"geometry":{"type":"LineString","coordinates":[[-53.3154,-10.9484],[-53.3154,-10.9487]]}},{"type":"Feature","properties":{},"geometry":{"type":"LineString","coordinates":[[-53.3154,-10.9485],[-53.3151,-10.9485]]}},{"type":"Feature","properties":{},"geometry":{"type":"LineString","coordinates":[[-53.3151,-10.9485],[-53.3155,-10.9486]]}},{"type":"Feature","properties":{},"geometry":{"type":"LineString","coordinates":[[-53.315,-10.9488],[-53.3155,-10.9487]]}},{"type":"Feature","properties":{},"geometry":{"type":"LineString","coordinates":[[-53.3147,-10.9493],[-53.315,-10.949]]}},{"type":"Feature","properties":{},"geometry":{"type":"LineString","coordinates":[[-53.3149,-10.9493],[-53.3152,-10.949]]}},{"type":"Feature","properties":{},"geometry":{"type":"LineString","coordinates":[[-53.3152,-10.9489],[-53.315,-10.9489]]}},{"type":"Feature","properties":{},"geometry":{"type":"LineString","coordinates":[[-53.3152,-10.9489],[-53.315,-10.949]]}},{"type":"Feature","properties":{},"geometry":{"type":"LineString","coordinates":[[-53.3163,-10.9491],[-53.3156,-10.9494]]}},{"type":"Feature","properties":{},"geometry":{"type":"LineString","coordinates":[[-53.3157,-10.9494],[-53.316,-10.9492]]}},{"type":"Feature","properties":{},"geometry":{"type":"LineString","coordinates":[[-53.3157,-10.9492],[-53.3157,-10.9492]]}},{"type":"Feature","properties":{},"geometry":{"type":"LineString","coordinates":[[-53.3156,-10.9492],[-53.3156,-10.9494]]}},{"type":"Feature","properties":{},"geometry":{"type":"LineString","coordinates":[[-53.3155,-10.9493],[-53.3154,-10.949]]}},{"type":"Feature","properties":{},"geometry":{"type":"LineString","coordinates":[[-53.3154,-10.9492],[-53.3154,-10.9492]]}},{"type":"Feature","properties":{},"geometry":{"type":"LineString","coordinates":[[-53.3166,-10.9491],[-53.3161,-10.9501]]}},{"type":"Feature","properties":{},"geometry":{"type":"LineString","coordinates":[[-53.3165,-10.9504],[-53.3167,-10.95]]}},{"type":"Feature","properties":{},"geometry":{"type":"LineString","coordinates":[[-53.3166,-10.9494],[-53.3168,-10.9491]]}},{"type":"Feature","properties":{},"geometry":{"type":"LineString","coordinates":[[-53.3216,-10.9457],[-53.3173,-10.9476]]}},{"type":"Feature","properties":{},"geometry":{"type":"LineString","coordinates":[[-53.3172,-10.9476],[-53.3172,-10.9469]]}},{"type":"Feature","properties":{},"geometry":{"type":"LineString","coordinates":[[-53.317,-10.9475],[-53.317,-10.9473]]}},{"type":"Feature","properties":{},"geometry":{"type":"LineString","coordinates":[[-53.3168,-10.9475],[-53.3167,-10.9474]]}},{"type":"Feature","properties":{},"geometry":{"type":"LineString","coordinates":[[-53.3164,-10.9477],[-53.3163,-10.9476]]}},{"type":"Feature","properties":{},"geometry":{"type":"LineString","coordinates":[[-53.3166,-10.9477],[-53.3166,-10.9475]]}},{"type":"Feature","properties":{},"geometry":{"type":"LineString","coordinates":[[-53.3183,-10.9476],[-53.3176,-10.948]]}},{"type":"Feature","properties":{},"geometry":{"type":"LineString","coordinates":[[-53.3173,-10.9488],[-53.3178,-10.9493]]}},{"type":"Feature","properties":{},"geometry":{"type":"LineString","coordinates":[[-53.3178,-10.9495],[-53.3173,-10.9489]]}},{"type":"Feature","properties":{},"geometry":{"type":"LineString","coordinates":[[-53.3181,-10.9491],[-53.3177,-10.9494]]}},{"type":"Feature","properties":{},"geometry":{"type":"LineString","coordinates":[[-53.3178,-10.9493],[-53.318,-10.949]]}},{"type":"Feature","properties":{},"geometry":{"type":"LineString","coordinates":[[-53.3177,-10.9489],[-53.3176,-10.9487]]}},{"type":"Feature","properties":{},"geometry":{"type":"LineString","coordinates":[[-53.3176,-10.9489],[-53.3174,-10.9489]]}},{"type":"Feature","properties":{},"geometry":{"type":"LineString","coordinates":[[-53.3202,-10.9498],[-53.3193,-10.9499],[-53.3192,-10.9493],[-53.3201,-10.9492],[-53.3191,-10.9485],[-53.3175,-10.9483]]}},{"type":"Feature","properties":{},"geometry":{"type":"LineString","coordinates":[[-53.3199,-10.9498],[-53.32,-10.9507]]}},{"type":"Feature","properties":{},"geometry":{"type":"LineString","coordinates":[[-53.3193,-10.9499],[-53.3198,-10.9506]]}},{"type":"Feature","properties":{},"geometry":{"type":"LineString","coordinates":[[-53.3192,-10.9498],[-53.3187,-10.9502],[-53.3195,-10.9504]]}},{"type":"Feature","properties":{},"geometry":{"type":"LineString","coordinates":[[-53.3207,-10.9462],[-53.3209,-10.9456],[-53.3212,-10.9459]]}},{"type":"Feature","properties":{},"geometry":{"type":"LineString","coordinates":[[-53.3177,-10.9464],[-53.3182,-10.9459]]}},{"type":"Feature","properties":{},"geometry":{"type":"LineString","coordinates":[[-53.3184,-10.9459],[-53.3183,-10.9459]]}},{"type":"Feature","properties":{},"geometry":{"type":"LineString","coordinates":[[-53.2065,-10.8564],[-53.2055,-10.8561],[-53.2042,-10.857]]}},{"type":"Feature","properties":{},"geometry":{"type":"LineString","coordinates":[[-53.2046,-10.8572],[-53.2042,-10.857]]}},{"type":"Feature","properties":{},"geometry":{"type":"LineString","coordinates":[[-53.2038,-10.8572],[-53.2035,-10.8579]]}},{"type":"Feature","properties":{},"geometry":{"type":"LineString","coordinates":[[-53.2038,-10.8568],[-53.2035,-10.8567]]}},{"type":"Feature","properties":{},"geometry":{"type":"LineString","coordinates":[[-53.1067,-10.8099],[-53.1064,-10.8101]]}},{"type":"Feature","properties":{},"geometry":{"type":"LineString","coordinates":[[-53.1064,-10.8101],[-53.1034,-10.8114]]}},{"type":"Feature","properties":{},"geometry":{"type":"LineString","coordinates":[[-53.1053,-10.8077],[-53.1038,-10.8084],[-53.1064,-10.8101]]}},{"type":"Feature","properties":{},"geometry":{"type":"LineString","coordinates":[[-53.0791,-10.7822],[-53.0787,-10.7825]]}},{"type":"Feature","properties":{},"geometry":{"type":"LineString","coordinates":[[-53.0785,-10.782],[-53.0782,-10.7823]]}},{"type":"Feature","properties":{},"geometry":{"type":"LineString","coordinates":[[-53.0785,-10.7823],[-53.0786,-10.7822]]}},{"type":"Feature","properties":{},"geometry":{"type":"LineString","coordinates":[[-53.0783,-10.7823],[-53.0784,-10.7824]]}},{"type":"Feature","properties":{},"geometry":{"type":"LineString","coordinates":[[-54.4987,-11.0715],[-54.4962,-11.0738]]}},{"type":"Feature","properties":{},"geometry":{"type":"LineString","coordinates":[[-54.4955,-11.0734],[-54.4981,-11.0709]]}},{"type":"Feature","properties":{},"geometry":{"type":"LineString","coordinates":[[-54.4954,-11.0725],[-54.4947,-11.0719]]}},{"type":"Feature","properties":{},"geometry":{"type":"LineString","coordinates":[[-54.4975,-11.0703],[-54.4954,-11.0725]]}},{"type":"Feature","properties":{},"geometry":{"type":"LineString","coordinates":[[-53.2579,-11.0953],[-53.2569,-11.0943],[-53.256,-11.0943]]}},{"type":"Feature","properties":{},"geometry":{"type":"LineString","coordinates":[[-53.2584,-11.0948],[-53.2558,-11.0947]]}},{"type":"Feature","properties":{},"geometry":{"type":"LineString","coordinates":[[-53.2556,-11.0932],[-53.256,-11.0943]]}},{"type":"Feature","properties":{},"geometry":{"type":"LineString","coordinates":[[-53.2553,-11.0939],[-53.2558,-11.094]]}},{"type":"Feature","properties":{},"geometry":{"type":"LineString","coordinates":[[-53.2553,-11.0946],[-53.2558,-11.0947]]}},{"type":"Feature","properties":{},"geometry":{"type":"LineString","coordinates":[[-53.2566,-11.0951],[-53.2577,-11.0951]]}},{"type":"Feature","properties":{},"geometry":{"type":"LineString","coordinates":[[-53.2514,-11.088],[-53.2546,-11.0903],[-53.256,-11.0933]]}},{"type":"Feature","properties":{},"geometry":{"type":"LineString","coordinates":[[-53.2571,-11.0948],[-53.2568,-11.0947]]}},{"type":"Feature","properties":{},"geometry":{"type":"LineString","coordinates":[[-53.2567,-11.0948],[-53.2565,-11.0953]]}},{"type":"Feature","properties":{},"geometry":{"type":"LineString","coordinates":[[-53.2566,-11.0951],[-53.2564,-11.0952]]}},{"type":"Feature","properties":{},"geometry":{"type":"LineString","coordinates":[[-53.2585,-11.0966],[-53.2579,-11.0953]]}},{"type":"Feature","properties":{},"geometry":{"type":"LineString","coordinates":[[-53.2589,-11.0945],[-53.2586,-11.0954],[-53.2584,-11.0948]]}},{"type":"Feature","properties":{},"geometry":{"type":"LineString","coordinates":[[-53.2583,-11.0949],[-53.2577,-11.0951]]}},{"type":"Feature","properties":{},"geometry":{"type":"LineString","coordinates":[[-53.258,-11.0948],[-53.2581,-11.095]]}},{"type":"Feature","properties":{},"geometry":{"type":"LineString","coordinates":[[-53.2581,-11.095],[-53.258,-11.0954]]}},{"type":"Feature","properties":{},"geometry":{"type":"LineString","coordinates":[[-53.2588,-11.0947],[-53.2594,-11.0948]]}},{"type":"Feature","properties":{},"geometry":{"type":"LineString","coordinates":[[-53.2596,-11.0935],[-53.2597,-11.0941]]}},{"type":"Feature","properties":{},"geometry":{"type":"LineString","coordinates":[[-53.2613,-11.0925],[-53.2616,-11.0929],[-53.2597,-11.0941]]}},{"type":"Feature","properties":{},"geometry":{"type":"LineString","coordinates":[[-53.2552,-11.0849],[-53.2562,-11.0845],[-53.2553,-11.0835]]}},{"type":"Feature","properties":{},"geometry":{"type":"LineString","coordinates":[[-53.2561,-11.0838],[-53.2581,-11.0848]]}},{"type":"Feature","properties":{},"geometry":{"type":"LineString","coordinates":[[-53.2557,-11.0848],[-53.2554,-11.0853]]}},{"type":"Feature","properties":{},"geometry":{"type":"LineString","coordinates":[[-53.2559,-11.0849],[-53.2562,-11.0855]]}},{"type":"Feature","properties":{},"geometry":{"type":"LineString","coordinates":[[-53.2561,-11.0853],[-53.2561,-11.0855]]}},{"type":"Feature","properties":{},"geometry":{"type":"LineString","coordinates":[[-53.2589,-11.086],[-53.2599,-11.0875],[-53.2602,-11.09]]}},{"type":"Feature","properties":{},"geometry":{"type":"LineString","coordinates":[[-53.2601,-11.0895],[-53.2598,-11.0896]]}},{"type":"Feature","properties":{},"geometry":{"type":"LineString","coordinates":[[-53.223,-12.332],[-53.2227,-12.3312]]}},{"type":"Feature","properties":{},"geometry":{"type":"LineString","coordinates":[[-53.2226,-12.3315],[-53.2216,-12.3308]]}},{"type":"Feature","properties":{},"geometry":{"type":"LineString","coordinates":[[-53.2218,-12.3314],[-53.2225,-12.3311]]}},{"type":"Feature","properties":{},"geometry":{"type":"LineString","coordinates":[[-53.2217,-12.3308],[-53.2225,-12.3311]]}},{"type":"Feature","properties":{},"geometry":{"type":"LineString","coordinates":[[-53.2214,-12.3306],[-53.2202,-12.3302]]}},{"type":"Feature","properties":{},"geometry":{"type":"LineString","coordinates":[[-53.222,-12.33],[-53.2206,-12.3303]]}},{"type":"Feature","properties":{},"geometry":{"type":"LineString","coordinates":[[-53.2213,-12.3291],[-53.2208,-12.3283]]}},{"type":"Feature","properties":{},"geometry":{"type":"LineString","coordinates":[[-53.2206,-12.3281],[-53.2193,-12.3268],[-53.2191,-12.3257]]}},{"type":"Feature","properties":{},"geometry":{"type":"LineString","coordinates":[[-53.2196,-12.3272],[-53.2191,-12.3306]]}},{"type":"Feature","properties":{},"geometry":{"type":"LineString","coordinates":[[-53.2205,-12.3301],[-53.2149,-12.3298]]}},{"type":"Feature","properties":{},"geometry":{"type":"LineString","coordinates":[[-53.2181,-12.33],[-53.2139,-12.3296]]}},{"type":"Feature","properties":{},"geometry":{"type":"LineString","coordinates":[[-53.2208,-12.3302],[-53.2194,-12.3296]]}},{"type":"Feature","properties":{},"geometry":{"type":"LineString","coordinates":[[-53.2135,-12.3295],[-53.2122,-12.3293]]}},{"type":"Feature","properties":{},"geometry":{"type":"LineString","coordinates":[[-53.2098,-12.329],[-53.2072,-12.3286]]}},{"type":"Feature","properties":{},"geometry":{"type":"LineString","coordinates":[[-53.2038,-12.328],[-53.2063,-12.3306],[-53.2122,-12.3306]]}},{"type":"Feature","properties":{},"geometry":{"type":"LineString","coordinates":[[-53.2119,-12.3305],[-53.2073,-12.3306]]}},{"type":"Feature","properties":{},"geometry":{"type":"LineString","coordinates":[[-53.211,-12.3308],[-53.2093,-12.3305]]}},{"type":"Feature","properties":{},"geometry":{"type":"LineString","coordinates":[[-53.2105,-12.3307],[-53.2099,-12.3304]]}},{"type":"Feature","properties":{},"geometry":{"type":"LineString","coordinates":[[-53.211,-12.3308],[-53.2073,-12.3306]]}},{"type":"Feature","properties":{},"geometry":{"type":"LineString","coordinates":[[-53.2093,-12.3305],[-53.2085,-12.3307]]}},{"type":"Feature","properties":{},"geometry":{"type":"LineString","coordinates":[[-53.2121,-12.3305],[-53.2097,-12.3312],[-53.2071,-12.3306]]}},{"type":"Feature","properties":{},"geometry":{"type":"LineString","coordinates":[[-53.2101,-12.332],[-53.2108,-12.3315]]}},{"type":"Feature","properties":{},"geometry":{"type":"LineString","coordinates":[[-53.211,-12.3314],[-53.2079,-12.3316],[-53.2054,-12.33]]}},{"type":"Feature","properties":{},"geometry":{"type":"LineString","coordinates":[[-53.2108,-12.3315],[-53.2075,-12.3308]]}},{"type":"Feature","properties":{},"geometry":{"type":"LineString","coordinates":[[-53.2103,-12.3312],[-53.2084,-12.3311]]}},{"type":"Feature","properties":{},"geometry":{"type":"LineString","coordinates":[[-53.2083,-12.3316],[-53.2069,-12.3306]]}},{"type":"Feature","properties":{},"geometry":{"type":"LineString","coordinates":[[-53.2063,-12.3306],[-53.2046,-12.3287]]}},{"type":"Feature","properties":{},"geometry":{"type":"LineString","coordinates":[[-53.2063,-12.3306],[-53.2052,-12.3293]]}},{"type":"Feature","properties":{},"geometry":{"type":"LineString","coordinates":[[-53.2069,-12.3306],[-53.2049,-12.3282]]}},{"type":"Feature","properties":{},"geometry":{"type":"LineString","coordinates":[[-53.2049,-12.3282],[-53.2042,-12.3283]]}},{"type":"Feature","properties":{},"geometry":{"type":"LineString","coordinates":[[-53.2072,-12.3286],[-53.2072,-12.3306]]}},{"type":"Feature","properties":{},"geometry":{"type":"LineString","coordinates":[[-53.2074,-12.3296],[-53.2072,-12.3293]]}},{"type":"Feature","properties":{},"geometry":{"type":"LineString","coordinates":[[-53.206,-12.3301],[-53.2057,-12.3296]]}},{"type":"Feature","properties":{},"geometry":{"type":"LineString","coordinates":[[-53.2354,-11.2048],[-53.2337,-11.2063]]}},{"type":"Feature","properties":{},"geometry":{"type":"LineString","coordinates":[[-53.2545,-12.3257],[-53.2556,-12.3264],[-53.2556,-12.3287],[-53.2576,-12.3312]]}},{"type":"Feature","properties":{},"geometry":{"type":"LineString","coordinates":[[-53.2556,-12.3287],[-53.2543,-12.3278],[-53.2531,-12.3279]]}},{"type":"Feature","properties":{},"geometry":{"type":"LineString","coordinates":[[-53.2095,-12.329],[-53.2073,-12.3287]]}},{"type":"Feature","properties":{},"geometry":{"type":"LineString","coordinates":[[-53.2093,-12.3289],[-53.2084,-12.3285],[-53.2078,-12.3264]]}},{"type":"Feature","properties":{},"geometry":{"type":"LineString","coordinates":[[-53.2049,-12.3282],[-53.204,-12.3273],[-53.2005,-12.3273]]}},{"type":"Feature","properties":{},"geometry":{"type":"LineString","coordinates":[[-53.2032,-12.3272],[-53.2018,-12.3273]]}},{"type":"Feature","properties":{},"geometry":{"type":"LineString","coordinates":[[-53.1949,-12.3256],[-53.1958,-12.326],[-53.1997,-12.3251],[-53.2041,-12.328]]}},{"type":"Feature","properties":{},"geometry":{"type":"LineString","coordinates":[[-53.202,-12.3264],[-53.2007,-12.3269],[-53.1963,-12.3263]]}},{"type":"Feature","properties":{},"geometry":{"type":"LineString","coordinates":[[-53.2005,-12.3273],[-53.1951,-12.326]]}},{"type":"Feature","properties":{},"geometry":{"type":"LineString","coordinates":[[-53.0206,-11.5295],[-53.0196,-11.5279]]}},{"type":"Feature","properties":{},"geometry":{"type":"LineString","coordinates":[[-53.0203,-11.5298],[-53.0191,-11.5295]]}},{"type":"Feature","properties":{},"geometry":{"type":"LineString","coordinates":[[-53.0192,-11.5293],[-53.0192,-11.5295]]}},{"type":"Feature","properties":{},"geometry":{"type":"LineString","coordinates":[[-53.0191,-11.5295],[-53.019,-11.5295]]}},{"type":"Feature","properties":{},"geometry":{"type":"LineString","coordinates":[[-53.0201,-11.5296],[-53.02,-11.5298]]}},{"type":"Feature","properties":{},"geometry":{"type":"LineString","coordinates":[[-53.02,-11.5295],[-53.0199,-11.5297]]}},{"type":"Feature","properties":{},"geometry":{"type":"LineString","coordinates":[[-53.0207,-11.5307],[-53.0207,-11.5304]]}},{"type":"Feature","properties":{},"geometry":{"type":"LineString","coordinates":[[-53.0214,-11.5292],[-53.0209,-11.5293]]}},{"type":"Feature","properties":{},"geometry":{"type":"LineString","coordinates":[[-53.0211,-11.5287],[-53.0209,-11.5292]]}},{"type":"Feature","properties":{},"geometry":{"type":"LineString","coordinates":[[-53.0209,-11.53],[-53.0208,-11.5297]]}},{"type":"Feature","properties":{},"geometry":{"type":"LineString","coordinates":[[-53.0208,-11.5299],[-53.0207,-11.5304]]}},{"type":"Feature","properties":{},"geometry":{"type":"LineString","coordinates":[[-53.0207,-11.5304],[-53.0203,-11.5302]]}},{"type":"Feature","properties":{},"geometry":{"type":"LineString","coordinates":[[-53.0206,-11.5311],[-53.0207,-11.5307]]}},{"type":"Feature","properties":{},"geometry":{"type":"LineString","coordinates":[[-53.0207,-11.531],[-53.0208,-11.5311]]}},{"type":"Feature","properties":{},"geometry":{"type":"LineString","coordinates":[[-53.0207,-11.5313],[-53.0207,-11.531]]}},{"type":"Feature","properties":{},"geometry":{"type":"LineString","coordinates":[[-53.0217,-11.5286],[-53.0225,-11.5288]]}},{"type":"Feature","properties":{},"geometry":{"type":"LineString","coordinates":[[-54.5486,-11.1078],[-54.5489,-11.1076]]}},{"type":"Feature","properties":{},"geometry":{"type":"LineString","coordinates":[[-54.5489,-11.1078],[-54.5486,-11.1078]]}},{"type":"Feature","properties":{},"geometry":{"type":"LineString","coordinates":[[-54.55,-11.1076],[-54.5496,-11.1078]]}},{"type":"Feature","properties":{},"geometry":{"type":"LineString","coordinates":[[-54.5496,-11.1075],[-54.55,-11.1076]]}},{"type":"Feature","properties":{},"geometry":{"type":"LineString","coordinates":[[-54.5233,-11.0892],[-54.5251,-11.0874]]}},{"type":"Feature","properties":{},"geometry":{"type":"LineString","coordinates":[[-54.513,-11.0759],[-54.5149,-11.0741]]}},{"type":"Feature","properties":{},"geometry":{"type":"LineString","coordinates":[[-54.5134,-11.0764],[-54.5153,-11.0745]]}},{"type":"Feature","properties":{},"geometry":{"type":"LineString","coordinates":[[-54.5158,-11.075],[-54.5139,-11.0768]]}},{"type":"Feature","properties":{},"geometry":{"type":"LineString","coordinates":[[-54.5149,-11.0741],[-54.5166,-11.0759]]}},{"type":"Feature","properties":{},"geometry":{"type":"LineString","coordinates":[[-54.5138,-11.0752],[-54.5155,-11.0769]]}},{"type":"Feature","properties":{},"geometry":{"type":"LineString","coordinates":[[-54.5148,-11.0777],[-54.513,-11.0759]]}},{"type":"Feature","properties":{},"geometry":{"type":"LineString","coordinates":[[-54.5151,-11.0765],[-54.5143,-11.0772]]}},{"type":"Feature","properties":{},"geometry":{"type":"LineString","coordinates":[[-54.5233,-11.0892],[-54.5199,-11.0858]]}},{"type":"Feature","properties":{},"geometry":{"type":"LineString","coordinates":[[-54.493,-11.1123],[-54.4923,-11.1128]]}},{"type":"Feature","properties":{},"geometry":{"type":"LineString","coordinates":[[-54.493,-11.1119],[-54.4934,-11.1116]]}},{"type":"Feature","properties":{},"geometry":{"type":"LineString","coordinates":[[-54.5111,-11.0941],[-54.5104,-11.0936]]}},{"type":"Feature","properties":{},"geometry":{"type":"LineString","coordinates":[[-54.4057,-11.2205],[-54.4052,-11.22]]}},{"type":"Feature","properties":{},"geometry":{"type":"LineString","coordinates":[[-54.4062,-11.2197],[-54.4057,-11.2205]]}},{"type":"Feature","properties":{},"geometry":{"type":"LineString","coordinates":[[-54.2992,-11.2151],[-54.2988,-11.2154]]}},{"type":"Feature","properties":{},"geometry":{"type":"LineString","coordinates":[[-54.3401,-11.1904],[-54.3394,-11.189],[-54.3398,-11.1872]]}},{"type":"Feature","properties":{},"geometry":{"type":"LineString","coordinates":[[-54.3355,-11.1677],[-54.3358,-11.168]]}},{"type":"Feature","properties":{},"geometry":{"type":"LineString","coordinates":[[-54.2177,-11.2766],[-54.2175,-11.2762]]}},{"type":"Feature","properties":{},"geometry":{"type":"LineString","coordinates":[[-54.195,-11.2955],[-54.2179,-11.276]]}},{"type":"Feature","properties":{},"geometry":{"type":"LineString","coordinates":[[-54.2301,-11.3161],[-54.225,-11.3152],[-54.212,-11.3035],[-54.2009,-11.2903]]}},{"type":"Feature","properties":{},"geometry":{"type":"LineString","coordinates":[[-54.3593,-11.5309],[-54.3581,-11.5294]]}},{"type":"Feature","properties":{},"geometry":{"type":"LineString","coordinates":[[-54.36,-11.5305],[-54.3587,-11.5288]]}},{"type":"Feature","properties":{},"geometry":{"type":"LineString","coordinates":[[-54.3592,-11.5282],[-54.3607,-11.5301]]}},{"type":"Feature","properties":{},"geometry":{"type":"LineString","coordinates":[[-54.3614,-11.5297],[-54.3598,-11.5275]]}},{"type":"Feature","properties":{},"geometry":{"type":"LineString","coordinates":[[-54.3586,-11.5314],[-54.3576,-11.5301]]}},{"type":"Feature","properties":{},"geometry":{"type":"LineString","coordinates":[[-54.3576,-11.5301],[-54.3578,-11.5319]]}},{"type":"Feature","properties":{},"geometry":{"type":"LineString","coordinates":[[-54.3621,-11.5292],[-54.3598,-11.5264]]}},{"type":"Feature","properties":{},"geometry":{"type":"LineString","coordinates":[[-54.3576,-11.5301],[-54.3584,-11.528],[-54.36,-11.5261]]}},{"type":"Feature","properties":{},"geometry":{"type":"LineString","coordinates":[[-54.5341,-11.5325],[-54.5338,-11.5325]]}},{"type":"Feature","properties":{},"geometry":{"type":"LineString","coordinates":[[-54.4869,-11.6127],[-54.5536,-11.5651]]}},{"type":"Feature","properties":{},"geometry":{"type":"LineString","coordinates":[[-54.5992,-11.6388],[-54.5989,-11.6385]]}},{"type":"Feature","properties":{},"geometry":{"type":"LineString","coordinates":[[-54.5992,-11.6384],[-54.5992,-11.6388]]}},{"type":"Feature","properties":{},"geometry":{"type":"LineString","coordinates":[[-54.5986,-11.6379],[-54.599,-11.6381]]}},{"type":"Feature","properties":{},"geometry":{"type":"LineString","coordinates":[[-54.5995,-11.6379],[-54.5989,-11.6385]]}},{"type":"Feature","properties":{},"geometry":{"type":"LineString","coordinates":[[-54.5994,-11.6391],[-54.5992,-11.6388]]}},{"type":"Feature","properties":{},"geometry":{"type":"LineString","coordinates":[[-54.5988,-11.6382],[-54.5995,-11.6379]]}},{"type":"Feature","properties":{},"geometry":{"type":"LineString","coordinates":[[-54.5986,-11.6379],[-54.5982,-11.6372]]}},{"type":"Feature","properties":{},"geometry":{"type":"LineString","coordinates":[[-54.5988,-11.6382],[-54.5986,-11.6379]]}},{"type":"Feature","properties":{},"geometry":{"type":"LineString","coordinates":[[-54.5989,-11.6385],[-54.5988,-11.6382]]}},{"type":"Feature","properties":{},"geometry":{"type":"LineString","coordinates":[[-54.5989,-11.6383],[-54.5902,-11.6435],[-54.5859,-11.6407]]}},{"type":"Feature","properties":{},"geometry":{"type":"LineString","coordinates":[[-54.6236,-11.6202],[-54.5995,-11.6379]]}},{"type":"Feature","properties":{},"geometry":{"type":"LineString","coordinates":[[-53.2074,-12.329],[-53.2084,-12.3297],[-53.2098,-12.329]]}},{"type":"Feature","properties":{},"geometry":{"type":"LineString","coordinates":[[-53.1963,-12.3263],[-53.1951,-12.3258]]}},{"type":"Feature","properties":{},"geometry":{"type":"LineString","coordinates":[[-53.2021,-12.3265],[-53.2017,-12.3245],[-53.2026,-12.3199],[-53.2052,-12.3147],[-53.2076,-12.3127],[-53.2088,-12.3106],[-53.2087,-12.3069],[-53.2163,-12.2974]]}},{"type":"Feature","properties":{},"geometry":{"type":"LineString","coordinates":[[-53.216,-12.3131],[-53.2178,-12.3065]]}},{"type":"Feature","properties":{},"geometry":{"type":"LineString","coordinates":[[-53.2178,-12.3065],[-53.2193,-12.3024],[-53.2204,-12.2971]]}},{"type":"Feature","properties":{},"geometry":{"type":"LineString","coordinates":[[-53.2204,-12.2972],[-53.2197,-12.3003],[-53.2178,-12.3032]]}},{"type":"Feature","properties":{},"geometry":{"type":"LineString","coordinates":[[-53.2204,-12.2971],[-53.2215,-12.2938]]}},{"type":"Feature","properties":{},"geometry":{"type":"LineString","coordinates":[[-53.2263,-12.29],[-53.2235,-12.2914],[-53.2215,-12.2938]]}},{"type":"Feature","properties":{},"geometry":{"type":"LineString","coordinates":[[-53.2213,-12.2903],[-53.2231,-12.2918]]}},{"type":"Feature","properties":{},"geometry":{"type":"LineString","coordinates":[[-53.2216,-12.2908],[-53.2215,-12.2936]]}},{"type":"Feature","properties":{},"geometry":{"type":"LineString","coordinates":[[-53.2362,-12.2839],[-53.2327,-12.2868],[-53.2263,-12.29]]}},{"type":"Feature","properties":{},"geometry":{"type":"LineString","coordinates":[[-53.2362,-12.2839],[-53.2382,-12.2836],[-53.2417,-12.2804],[-53.2424,-12.2789],[-53.2477,-12.2754],[-53.255,-12.2726],[-53.2604,-12.2688],[-53.2622,-12.2682]]}},{"type":"Feature","properties":{},"geometry":{"type":"LineString","coordinates":[[-53.2388,-12.2828],[-53.2394,-12.2824]]}},{"type":"Feature","properties":{},"geometry":{"type":"LineString","coordinates":[[-53.2663,-12.2649],[-53.2622,-12.2682]]}},{"type":"Feature","properties":{},"geometry":{"type":"LineString","coordinates":[[-53.2663,-12.2649],[-53.2693,-12.2638]]}},{"type":"Feature","properties":{},"geometry":{"type":"LineString","coordinates":[[-53.2799,-12.2481],[-53.2766,-12.2513],[-53.2744,-12.2549],[-53.2732,-12.2592],[-53.2693,-12.2638]]}},{"type":"Feature","properties":{},"geometry":{"type":"LineString","coordinates":[[-53.2735,-12.2583],[-53.2749,-12.2541]]}},{"type":"Feature","properties":{},"geometry":{"type":"LineString","coordinates":[[-53.2799,-12.2656],[-53.2762,-12.2757]]}},{"type":"Feature","properties":{},"geometry":{"type":"LineString","coordinates":[[-53.2353,-12.2842],[-53.2382,-12.2815],[-53.2386,-12.28],[-53.2374,-12.2738],[-53.2362,-12.2716]]}},{"type":"Feature","properties":{},"geometry":{"type":"LineString","coordinates":[[-53.2229,-12.2858],[-53.2232,-12.2877],[-53.2205,-12.2924],[-53.2204,-12.297]]}},{"type":"Feature","properties":{},"geometry":{"type":"LineString","coordinates":[[-53.2212,-12.2946],[-53.2163,-12.2974]]}},{"type":"Feature","properties":{},"geometry":{"type":"LineString","coordinates":[[-53.2178,-12.2935],[-53.2202,-12.298]]}},{"type":"Feature","properties":{},"geometry":{"type":"LineString","coordinates":[[-53.2066,-12.2931],[-53.2085,-12.2935],[-53.2139,-12.2919],[-53.2178,-12.2935]]}},{"type":"Feature","properties":{},"geometry":{"type":"LineString","coordinates":[[-53.2181,-12.2937],[-53.2137,-12.2897]]}},{"type":"Feature","properties":{},"geometry":{"type":"LineString","coordinates":[[-53.2171,-12.2926],[-53.2169,-12.2923]]}},{"type":"Feature","properties":{},"geometry":{"type":"LineString","coordinates":[[-53.2137,-12.2897],[-53.2136,-12.2882],[-53.2117,-12.2877],[-53.21,-12.2859],[-53.2091,-12.2861],[-53.2051,-12.2847],[-53.2023,-12.2848]]}},{"type":"Feature","properties":{},"geometry":{"type":"LineString","coordinates":[[-53.2039,-12.2847],[-53.2022,-12.2861]]}},{"type":"Feature","properties":{},"geometry":{"type":"LineString","coordinates":[[-53.2031,-12.2854],[-53.2046,-12.2847]]}},{"type":"Feature","properties":{},"geometry":{"type":"LineString","coordinates":[[-53.2137,-12.2896],[-53.2146,-12.2906],[-53.2195,-12.291],[-53.2206,-12.2921]]}},{"type":"Feature","properties":{},"geometry":{"type":"LineString","coordinates":[[-53.2146,-12.2906],[-53.2168,-12.2918],[-53.2171,-12.2926]]}},{"type":"Feature","properties":{},"geometry":{"type":"LineString","coordinates":[[-53.2167,-12.2917],[-53.2197,-12.2918]]}},{"type":"Feature","properties":{},"geometry":{"type":"LineString","coordinates":[[-53.1823,-12.3501],[-53.1896,-12.3456]]}},{"type":"Feature","properties":{},"geometry":{"type":"LineString","coordinates":[[-53.1823,-12.3501],[-53.1865,-12.3529]]}},{"type":"Feature","properties":{},"geometry":{"type":"LineString","coordinates":[[-53.1823,-12.3501],[-53.1796,-12.3487],[-53.1753,-12.3495]]}},{"type":"Feature","properties":{},"geometry":{"type":"LineString","coordinates":[[-53.1738,-12.3487],[-53.1763,-12.35],[-53.1802,-12.3488]]}},{"type":"Feature","properties":{},"geometry":{"type":"LineString","coordinates":[[-53.1656,-12.3463],[-53.1671,-12.3476],[-53.1697,-12.3471],[-53.1738,-12.3487]]}},{"type":"Feature","properties":{},"geometry":{"type":"LineString","coordinates":[[-53.166,-12.347],[-53.1657,-12.3471]]}},{"type":"Feature","properties":{},"geometry":{"type":"LineString","coordinates":[[-53.18,-12.3663],[-53.1739,-12.3666]]}},{"type":"Feature","properties":{},"geometry":{"type":"LineString","coordinates":[[-53.1452,-12.3612],[-53.1463,-12.3641],[-53.1477,-12.3647],[-53.1524,-12.3647],[-53.1613,-12.3672],[-53.1739,-12.3666]]}},{"type":"Feature","properties":{},"geometry":{"type":"LineString","coordinates":[[-53.1738,-12.3709],[-53.1764,-12.3693],[-53.1764,-12.3683]]}},{"type":"Feature","properties":{},"geometry":{"type":"LineString","coordinates":[[-53.1752,-12.3694],[-53.1762,-12.3685]]}},{"type":"Feature","properties":{},"geometry":{"type":"LineString","coordinates":[[-53.172,-12.3724],[-53.1738,-12.3709]]}},{"type":"Feature","properties":{},"geometry":{"type":"LineString","coordinates":[[-53.1721,-12.3723],[-53.1635,-12.3801]]}},{"type":"Feature","properties":{},"geometry":{"type":"LineString","coordinates":[[-53.1687,-12.3757],[-53.1688,-12.3753]]}},{"type":"Feature","properties":{},"geometry":{"type":"LineString","coordinates":[[-53.1631,-12.3805],[-53.16,-12.384]]}},{"type":"Feature","properties":{},"geometry":{"type":"LineString","coordinates":[[-53.1451,-12.4121],[-53.1444,-12.4084],[-53.1506,-12.399],[-53.1537,-12.3956],[-53.1538,-12.3929],[-53.156,-12.3913],[-53.1573,-12.3872],[-53.16,-12.384]]}},{"type":"Feature","properties":{},"geometry":{"type":"LineString","coordinates":[[-53.1565,-12.389],[-53.1571,-12.3878]]}},{"type":"Feature","properties":{},"geometry":{"type":"LineString","coordinates":[[-53.157,-12.3883],[-53.1553,-12.3932]]}},{"type":"Feature","properties":{},"geometry":{"type":"LineString","coordinates":[[-53.1534,-12.3959],[-53.1532,-12.3978],[-53.1519,-12.3977]]}},{"type":"Feature","properties":{},"geometry":{"type":"LineString","coordinates":[[-53.148,-12.4028],[-53.1473,-12.403]]}},{"type":"Feature","properties":{},"geometry":{"type":"LineString","coordinates":[[-53.1769,-12.3713],[-53.1778,-12.3707],[-53.1782,-12.3694]]}},{"type":"Feature","properties":{},"geometry":{"type":"LineString","coordinates":[[-53.1739,-12.3824],[-53.1745,-12.3805],[-53.1743,-12.3779],[-53.176,-12.3724]]}},{"type":"Feature","properties":{},"geometry":{"type":"LineString","coordinates":[[-53.1739,-12.3824],[-53.173,-12.3829]]}},{"type":"Feature","properties":{},"geometry":{"type":"LineString","coordinates":[[-53.1641,-12.389],[-53.1656,-12.3872],[-53.1672,-12.3864],[-53.1678,-12.3852],[-53.173,-12.3829]]}},{"type":"Feature","properties":{},"geometry":{"type":"LineString","coordinates":[[-53.1738,-12.3757],[-53.1707,-12.3805]]}},{"type":"Feature","properties":{},"geometry":{"type":"LineString","coordinates":[[-53.1707,-12.3805],[-53.1679,-12.3829]]}},{"type":"Feature","properties":{},"geometry":{"type":"LineString","coordinates":[[-53.1458,-12.407],[-53.1481,-12.4075],[-53.1491,-12.4071],[-53.1557,-12.4017],[-53.1573,-12.3985],[-53.164,-12.3903],[-53.1647,-12.3867],[-53.1663,-12.3854],[-53.1679,-12.3829]]}},{"type":"Feature","properties":{},"geometry":{"type":"LineString","coordinates":[[-53.1501,-12.4061],[-53.1523,-12.4048]]}},{"type":"Feature","properties":{},"geometry":{"type":"LineString","coordinates":[[-53.1495,-12.4072],[-53.1518,-12.4112],[-53.1532,-12.4159],[-53.1556,-12.4189],[-53.1592,-12.4207]]}},{"type":"Feature","properties":{},"geometry":{"type":"LineString","coordinates":[[-53.1495,-12.4072],[-53.1491,-12.4071]]}},{"type":"Feature","properties":{},"geometry":{"type":"LineString","coordinates":[[-53.1495,-12.4072],[-53.1493,-12.4069]]}},{"type":"Feature","properties":{},"geometry":{"type":"LineString","coordinates":[[-53.1511,-12.4057],[-53.1509,-12.4066],[-53.1478,-12.4078]]}},{"type":"Feature","properties":{},"geometry":{"type":"LineString","coordinates":[[-53.1481,-12.4075],[-53.1468,-12.409]]}},{"type":"Feature","properties":{},"geometry":{"type":"LineString","coordinates":[[-53.1451,-12.4121],[-53.1476,-12.4075]]}},{"type":"Feature","properties":{},"geometry":{"type":"LineString","coordinates":[[-53.1447,-12.4135],[-53.1464,-12.4109],[-53.1469,-12.409]]}},{"type":"Feature","properties":{},"geometry":{"type":"LineString","coordinates":[[-53.1436,-12.4091],[-53.1443,-12.4086]]}},{"type":"Feature","properties":{},"geometry":{"type":"LineString","coordinates":[[-53.1455,-12.4072],[-53.1447,-12.4074]]}},{"type":"Feature","properties":{},"geometry":{"type":"LineString","coordinates":[[-53.1458,-12.407],[-53.1453,-12.4075]]}},{"type":"Feature","properties":{},"geometry":{"type":"LineString","coordinates":[[-53.1451,-12.4121],[-53.1414,-12.4188],[-53.1402,-12.4226],[-53.1379,-12.4258]]}},{"type":"Feature","properties":{},"geometry":{"type":"LineString","coordinates":[[-53.1445,-12.4139],[-53.1378,-12.4277]]}},{"type":"Feature","properties":{},"geometry":{"type":"LineString","coordinates":[[-53.1402,-12.4226],[-53.1393,-12.4234]]}},{"type":"Feature","properties":{},"geometry":{"type":"LineString","coordinates":[[-53.1388,-12.4242],[-53.1369,-12.4225]]}},{"type":"Feature","properties":{},"geometry":{"type":"LineString","coordinates":[[-53.1388,-12.4242],[-53.1392,-12.4247]]}},{"type":"Feature","properties":{},"geometry":{"type":"LineString","coordinates":[[-53.1371,-12.4238],[-53.1391,-12.4218],[-53.1416,-12.4172],[-53.1431,-12.4158]]}},{"type":"Feature","properties":{},"geometry":{"type":"LineString","coordinates":[[-53.1372,-12.4236],[-53.1362,-12.423]]}},{"type":"Feature","properties":{},"geometry":{"type":"LineString","coordinates":[[-53.1395,-12.4212],[-53.1387,-12.4207],[-53.1368,-12.4214],[-53.1317,-12.4212]]}},{"type":"Feature","properties":{},"geometry":{"type":"LineString","coordinates":[[-53.1398,-12.4207],[-53.139,-12.4208]]}},{"type":"Feature","properties":{},"geometry":{"type":"LineString","coordinates":[[-53.135,-12.4211],[-53.1317,-12.4212]]}},{"type":"Feature","properties":{},"geometry":{"type":"LineString","coordinates":[[-53.1344,-12.4211],[-53.132,-12.4213]]}},{"type":"Feature","properties":{},"geometry":{"type":"LineString","coordinates":[[-53.1347,-12.4212],[-53.1322,-12.4213]]}},{"type":"Feature","properties":{},"geometry":{"type":"LineString","coordinates":[[-53.1376,-12.4227],[-53.1347,-12.423],[-53.1328,-12.4215]]}},{"type":"Feature","properties":{},"geometry":{"type":"LineString","coordinates":[[-53.1317,-12.4212],[-53.1286,-12.4224],[-53.1235,-12.4223]]}},{"type":"Feature","properties":{},"geometry":{"type":"LineString","coordinates":[[-53.1302,-12.4373],[-53.1323,-12.4351],[-53.1329,-12.433],[-53.1344,-12.4323],[-53.1376,-12.4289],[-53.1378,-12.4277]]}},{"type":"Feature","properties":{},"geometry":{"type":"LineString","coordinates":[[-53.1379,-12.4258],[-53.1378,-12.4277]]}},{"type":"Feature","properties":{},"geometry":{"type":"LineString","coordinates":[[-53.1378,-12.4277],[-53.1381,-12.4296],[-53.1359,-12.4308]]}},{"type":"Feature","properties":{},"geometry":{"type":"LineString","coordinates":[[-53.5281,-11.0805],[-53.5276,-11.0807]]}},{"type":"Feature","properties":{},"geometry":{"type":"LineString","coordinates":[[-53.5288,-11.0781],[-53.5289,-11.0788]]}},{"type":"Feature","properties":{},"geometry":{"type":"LineString","coordinates":[[-53.5967,-11.1251],[-53.5963,-11.1258]]}},{"type":"Feature","properties":{},"geometry":{"type":"LineString","coordinates":[[-53.5972,-11.1247],[-53.5974,-11.1246]]}},{"type":"Feature","properties":{},"geometry":{"type":"LineString","coordinates":[[-53.514,-11.0967],[-53.5137,-11.0973],[-53.514,-11.0967]]}},{"type":"Feature","properties":{},"geometry":{"type":"LineString","coordinates":[[-53.5136,-11.0969],[-53.5131,-11.0972]]}},{"type":"Feature","properties":{},"geometry":{"type":"LineString","coordinates":[[-53.5137,-11.0966],[-53.5128,-11.0967],[-53.5123,-11.0977]]}},{"type":"Feature","properties":{},"geometry":{"type":"LineString","coordinates":[[-53.5125,-11.0971],[-53.5114,-11.0975]]}},{"type":"Feature","properties":{},"geometry":{"type":"LineString","coordinates":[[-53.5123,-11.0963],[-53.5114,-11.096],[-53.5108,-11.0971]]}},{"type":"Feature","properties":{},"geometry":{"type":"LineString","coordinates":[[-53.515,-11.0963],[-53.5155,-11.0957]]}},{"type":"Feature","properties":{},"geometry":{"type":"LineString","coordinates":[[-53.5148,-11.0972],[-53.5147,-11.0974]]}},{"type":"Feature","properties":{},"geometry":{"type":"LineString","coordinates":[[-53.5147,-11.0973],[-53.5152,-11.0988]]}},{"type":"Feature","properties":{},"geometry":{"type":"LineString","coordinates":[[-53.5151,-11.0979],[-53.516,-11.0983]]}},{"type":"Feature","properties":{},"geometry":{"type":"LineString","coordinates":[[-53.5289,-11.0791],[-53.5285,-11.0789]]}},{"type":"Feature","properties":{},"geometry":{"type":"LineString","coordinates":[[-53.5288,-11.0792],[-53.5285,-11.0789]]}},{"type":"Feature","properties":{},"geometry":{"type":"LineString","coordinates":[[-53.5292,-11.08],[-53.5292,-11.0792]]}},{"type":"Feature","properties":{},"geometry":{"type":"LineString","coordinates":[[-53.5285,-11.0796],[-53.5287,-11.0791]]}},{"type":"Feature","properties":{},"geometry":{"type":"LineString","coordinates":[[-53.422,-11.0474],[-53.422,-11.0461]]}},{"type":"Feature","properties":{},"geometry":{"type":"LineString","coordinates":[[-53.4219,-11.0458],[-53.422,-11.045]]}},{"type":"Feature","properties":{},"geometry":{"type":"LineString","coordinates":[[-53.4221,-11.0454],[-53.4216,-11.0452]]}},{"type":"Feature","properties":{},"geometry":{"type":"LineString","coordinates":[[-53.4217,-11.0453],[-53.4216,-11.0455]]}},{"type":"Feature","properties":{},"geometry":{"type":"LineString","coordinates":[[-53.4216,-11.0453],[-53.4215,-11.0453]]}},{"type":"Feature","properties":{},"geometry":{"type":"LineString","coordinates":[[-53.4221,-11.0454],[-53.4226,-11.0451]]}},{"type":"Feature","properties":{},"geometry":{"type":"LineString","coordinates":[[-53.4225,-11.0451],[-53.4224,-11.045]]}},{"type":"Feature","properties":{},"geometry":{"type":"LineString","coordinates":[[-53.4224,-11.0451],[-53.4224,-11.0452]]}},{"type":"Feature","properties":{},"geometry":{"type":"LineString","coordinates":[[-53.4213,-11.0451],[-53.4209,-11.0448]]}},{"type":"Feature","properties":{},"geometry":{"type":"LineString","coordinates":[[-53.4209,-11.0451],[-53.421,-11.045]]}},{"type":"Feature","properties":{},"geometry":{"type":"LineString","coordinates":[[-53.4215,-11.0449],[-53.4213,-11.0445]]}},{"type":"Feature","properties":{},"geometry":{"type":"LineString","coordinates":[[-53.4222,-11.0449],[-53.4223,-11.0442]]}},{"type":"Feature","properties":{},"geometry":{"type":"LineString","coordinates":[[-53.4222,-11.0459],[-53.4235,-11.046],[-53.4256,-11.0448]]}},{"type":"Feature","properties":{},"geometry":{"type":"LineString","coordinates":[[-53.4281,-11.0443],[-53.4257,-11.0449]]}},{"type":"Feature","properties":{},"geometry":{"type":"LineString","coordinates":[[-53.2787,-11.0487],[-53.2777,-11.0483]]}},{"type":"Feature","properties":{},"geometry":{"type":"LineString","coordinates":[[-53.2788,-11.0485],[-53.2778,-11.048]]}},{"type":"Feature","properties":{},"geometry":{"type":"LineString","coordinates":[[-53.279,-11.0482],[-53.2779,-11.0477]]}},{"type":"Feature","properties":{},"geometry":{"type":"LineString","coordinates":[[-53.2783,-11.0473],[-53.2781,-11.0468]]}},{"type":"Feature","properties":{},"geometry":{"type":"LineString","coordinates":[[-53.275,-11.0687],[-53.2754,-11.0688]]}},{"type":"Feature","properties":{},"geometry":{"type":"LineString","coordinates":[[-53.275,-11.0685],[-53.2747,-11.0679]]}},{"type":"Feature","properties":{},"geometry":{"type":"LineString","coordinates":[[-53.2721,-11.0691],[-53.2721,-11.0699],[-53.2713,-11.0697],[-53.2725,-11.0684],[-53.2748,-11.0687]]}},{"type":"Feature","properties":{},"geometry":{"type":"LineString","coordinates":[[-53.2591,-11.0962],[-53.2583,-11.0957]]}},{"type":"Feature","properties":{},"geometry":{"type":"LineString","coordinates":[[-53.2592,-11.0955],[-53.2595,-11.0951]]}},{"type":"Feature","properties":{},"geometry":{"type":"LineString","coordinates":[[-53.2613,-11.0947],[-53.2585,-11.0966]]}},{"type":"Feature","properties":{},"geometry":{"type":"LineString","coordinates":[[-53.2601,-11.0927],[-53.2605,-11.0911]]}},{"type":"Feature","properties":{},"geometry":{"type":"LineString","coordinates":[[-53.139,-12.4283],[-53.1377,-12.4286]]}},{"type":"Feature","properties":{},"geometry":{"type":"LineString","coordinates":[[-53.1379,-12.4262],[-53.1384,-12.4248]]}},{"type":"Feature","properties":{},"geometry":{"type":"LineString","coordinates":[[-53.1344,-12.4323],[-53.1323,-12.4351]]}},{"type":"Feature","properties":{},"geometry":{"type":"LineString","coordinates":[[-53.1331,-12.4314],[-53.1295,-12.4368]]}},{"type":"Feature","properties":{},"geometry":{"type":"LineString","coordinates":[[-53.1308,-12.4378],[-53.1295,-12.4368]]}},{"type":"Feature","properties":{},"geometry":{"type":"LineString","coordinates":[[-53.1316,-12.4374],[-53.1299,-12.4366]]}},{"type":"Feature","properties":{},"geometry":{"type":"LineString","coordinates":[[-53.1315,-12.436],[-53.1308,-12.4367]]}},{"type":"Feature","properties":{},"geometry":{"type":"LineString","coordinates":[[-53.1323,-12.432],[-53.1364,-12.4256]]}},{"type":"Feature","properties":{},"geometry":{"type":"LineString","coordinates":[[-53.2758,-12.3053],[-53.2748,-12.3047],[-53.2728,-12.3051],[-53.2715,-12.3063],[-53.2711,-12.3082],[-53.2671,-12.3111],[-53.2677,-12.3098]]}},{"type":"Feature","properties":{},"geometry":{"type":"LineString","coordinates":[[-53.2698,-12.3091],[-53.2677,-12.3098]]}},{"type":"Feature","properties":{},"geometry":{"type":"LineString","coordinates":[[-53.2689,-12.3091],[-53.2682,-12.3086]]}},{"type":"Feature","properties":{},"geometry":{"type":"LineString","coordinates":[[-53.1093,-12.4688],[-53.1116,-12.4623],[-53.1197,-12.451],[-53.1217,-12.446],[-53.1276,-12.442],[-53.1289,-12.4385],[-53.1302,-12.4373]]}},{"type":"Feature","properties":{},"geometry":{"type":"LineString","coordinates":[[-53.1212,-12.447],[-53.1202,-12.4495]]}},{"type":"Feature","properties":{},"geometry":{"type":"LineString","coordinates":[[-53.12,-12.45],[-53.1185,-12.4524]]}},{"type":"Feature","properties":{},"geometry":{"type":"LineString","coordinates":[[-53.1172,-12.4544],[-53.1168,-12.4561],[-53.1141,-12.4594]]}},{"type":"Feature","properties":{},"geometry":{"type":"LineString","coordinates":[[-53.1141,-12.4594],[-53.112,-12.4609]]}},{"type":"Feature","properties":{},"geometry":{"type":"LineString","coordinates":[[-53.1132,-12.46],[-53.1114,-12.4619]]}},{"type":"Feature","properties":{},"geometry":{"type":"LineString","coordinates":[[-53.111,-12.4644],[-53.1114,-12.4619]]}},{"type":"Feature","properties":{},"geometry":{"type":"LineString","coordinates":[[-53.1109,-12.4635],[-53.1058,-12.4649]]}},{"type":"Feature","properties":{},"geometry":{"type":"LineString","coordinates":[[-53.1008,-12.4787],[-53.1086,-12.4735],[-53.1093,-12.4688]]}},{"type":"Feature","properties":{},"geometry":{"type":"LineString","coordinates":[[-53.0943,-12.4814],[-53.0938,-12.482]]}},{"type":"Feature","properties":{},"geometry":{"type":"LineString","coordinates":[[-53.1066,-12.4751],[-53.1053,-12.4772],[-53.101,-12.4787]]}},{"type":"Feature","properties":{},"geometry":{"type":"LineString","coordinates":[[-53.0952,-12.4763],[-53.0982,-12.4783]]}},{"type":"Feature","properties":{},"geometry":{"type":"LineString","coordinates":[[-53.0962,-12.4777],[-53.0958,-12.4768]]}},{"type":"Feature","properties":{},"geometry":{"type":"LineString","coordinates":[[-53.0963,-12.4774],[-53.098,-12.4759]]}},{"type":"Feature","properties":{},"geometry":{"type":"LineString","coordinates":[[-53.0975,-12.4781],[-53.0961,-12.4777]]}},{"type":"Feature","properties":{},"geometry":{"type":"LineString","coordinates":[[-53.3163,-10.9484],[-53.3158,-10.9488]]}},{"type":"Feature","properties":{},"geometry":{"type":"LineString","coordinates":[[-53.5294,-11.0785],[-53.5291,-11.0789]]}},{"type":"Feature","properties":{},"geometry":{"type":"LineString","coordinates":[[-53.1897,-12.3456],[-53.1887,-12.3469]]}},{"type":"Feature","properties":{},"geometry":{"type":"LineString","coordinates":[[-53.1891,-12.3459],[-53.1888,-12.3464]]}},{"type":"Feature","properties":{},"geometry":{"type":"LineString","coordinates":[[-53.1891,-12.3459],[-53.1887,-12.3467]]}},{"type":"Feature","properties":{},"geometry":{"type":"LineString","coordinates":[[-53.188,-12.349],[-53.1877,-12.3502]]}},{"type":"Feature","properties":{},"geometry":{"type":"LineString","coordinates":[[-53.2004,-12.3633],[-53.197,-12.3626],[-53.1879,-12.3643],[-53.1852,-12.3633],[-53.1831,-12.3645],[-53.1827,-12.3656]]}},{"type":"Feature","properties":{},"geometry":{"type":"LineString","coordinates":[[-53.1781,-12.3701],[-53.1827,-12.3656]]}},{"type":"Feature","properties":{},"geometry":{"type":"LineString","coordinates":[[-53.1827,-12.3656],[-53.1815,-12.3666]]}},{"type":"Feature","properties":{},"geometry":{"type":"LineString","coordinates":[[-53.1827,-12.3656],[-53.1836,-12.3649]]}},{"type":"Feature","properties":{},"geometry":{"type":"LineString","coordinates":[[-53.1824,-12.3657],[-53.1829,-12.3614]]}},{"type":"Feature","properties":{},"geometry":{"type":"LineString","coordinates":[[-53.1844,-12.3572],[-53.184,-12.3588]]}},{"type":"Feature","properties":{},"geometry":{"type":"LineString","coordinates":[[-53.1855,-12.3535],[-53.1827,-12.3588]]}},{"type":"Feature","properties":{},"geometry":{"type":"LineString","coordinates":[[-53.1839,-12.3562],[-53.1836,-12.3568]]}},{"type":"Feature","properties":{},"geometry":{"type":"LineString","coordinates":[[-53.1873,-12.3512],[-53.1871,-12.353],[-53.1857,-12.3552]]}},{"type":"Feature","properties":{},"geometry":{"type":"LineString","coordinates":[[-53.1927,-12.3633],[-53.1967,-12.3598],[-53.1977,-12.3574]]}},{"type":"Feature","properties":{},"geometry":{"type":"LineString","coordinates":[[-53.1963,-12.3567],[-53.1934,-12.3565]]}},{"type":"Feature","properties":{},"geometry":{"type":"LineString","coordinates":[[-53.1945,-12.3567],[-53.1946,-12.3568]]}},{"type":"Feature","properties":{},"geometry":{"type":"LineString","coordinates":[[-53.1935,-12.3566],[-53.1945,-12.3568]]}},{"type":"Feature","properties":{},"geometry":{"type":"LineString","coordinates":[[-53.1935,-12.3565],[-53.1958,-12.3562],[-53.1989,-12.3545],[-53.204,-12.3551]]}},{"type":"Feature","properties":{},"geometry":{"type":"LineString","coordinates":[[-53.2014,-12.3618],[-53.1977,-12.3607]]}},{"type":"Feature","properties":{},"geometry":{"type":"LineString","coordinates":[[-53.1982,-12.3547],[-53.1973,-12.3554]]}},{"type":"Feature","properties":{},"geometry":{"type":"LineString","coordinates":[[-53.1985,-12.3546],[-53.195,-12.3537],[-53.1933,-12.3521]]}},{"type":"Feature","properties":{},"geometry":{"type":"LineString","coordinates":[[-53.1973,-12.3554],[-53.196,-12.355],[-53.1952,-12.3538]]}},{"type":"Feature","properties":{},"geometry":{"type":"LineString","coordinates":[[-53.1954,-12.3539],[-53.1948,-12.3533]]}},{"type":"Feature","properties":{},"geometry":{"type":"LineString","coordinates":[[-53.1975,-12.3551],[-53.1971,-12.3553]]}},{"type":"Feature","properties":{},"geometry":{"type":"LineString","coordinates":[[-53.1967,-12.3542],[-53.1948,-12.3514]]}},{"type":"Feature","properties":{},"geometry":{"type":"LineString","coordinates":[[-53.1978,-12.3549],[-53.1957,-12.3545]]}},{"type":"Feature","properties":{},"geometry":{"type":"LineString","coordinates":[[-53.2036,-12.3382],[-53.1992,-12.3437],[-53.1977,-12.3445],[-53.1969,-12.3465],[-53.1951,-12.3474],[-53.1933,-12.3468],[-53.1927,-12.3472]]}},{"type":"Feature","properties":{},"geometry":{"type":"LineString","coordinates":[[-53.1988,-12.3438],[-53.2008,-12.3415]]}},{"type":"Feature","properties":{},"geometry":{"type":"LineString","coordinates":[[-53.201,-12.3413],[-53.2044,-12.3378]]}},{"type":"Feature","properties":{},"geometry":{"type":"LineString","coordinates":[[-53.2018,-12.3404],[-53.2022,-12.3402]]}},{"type":"Feature","properties":{},"geometry":{"type":"LineString","coordinates":[[-53.2078,-12.3264],[-53.2054,-12.3239],[-53.2003,-12.3213],[-53.1981,-12.3211],[-53.197,-12.3199],[-53.1919,-12.3203]]}},{"type":"Feature","properties":{},"geometry":{"type":"LineString","coordinates":[[-53.2009,-12.3217],[-53.1983,-12.3211]]}},{"type":"Feature","properties":{},"geometry":{"type":"LineString","coordinates":[[-53.2003,-12.3213],[-53.1983,-12.3211]]}},{"type":"Feature","properties":{},"geometry":{"type":"LineString","coordinates":[[-53.1468,-12.4071],[-53.142,-12.403],[-53.1404,-12.4009],[-53.1364,-12.3991],[-53.1335,-12.4015],[-53.1297,-12.4028]]}},{"type":"Feature","properties":{},"geometry":{"type":"LineString","coordinates":[[-53.1364,-12.3991],[-53.1314,-12.3983]]}},{"type":"Feature","properties":{},"geometry":{"type":"LineString","coordinates":[[-53.1497,-12.3992],[-53.1391,-12.4]]}},{"type":"Feature","properties":{},"geometry":{"type":"LineString","coordinates":[[-53.1297,-12.4028],[-53.1283,-12.4038]]}},{"type":"Feature","properties":{},"geometry":{"type":"LineString","coordinates":[[-53.1295,-12.4338],[-53.1264,-12.4318],[-53.1217,-12.4301]]}},{"type":"Feature","properties":{},"geometry":{"type":"LineString","coordinates":[[-53.1169,-12.4547],[-53.1184,-12.4524]]}},{"type":"Feature","properties":{},"geometry":{"type":"LineString","coordinates":[[-53.1362,-12.4738],[-53.1331,-12.4731],[-53.1322,-12.4738],[-53.1245,-12.4749],[-53.1218,-12.4761],[-53.1176,-12.4759],[-53.1138,-12.4767],[-53.1081,-12.4761],[-53.1055,-12.4769]]}},{"type":"Feature","properties":{},"geometry":{"type":"LineString","coordinates":[[-53.1161,-12.4945],[-53.1102,-12.4933],[-53.1058,-12.4858],[-53.1052,-12.4807],[-53.1029,-12.479],[-53.1008,-12.4787]]}},{"type":"Feature","properties":{},"geometry":{"type":"LineString","coordinates":[[-53.1058,-12.4858],[-53.1061,-12.484],[-53.1056,-12.4828]]}},{"type":"Feature","properties":{},"geometry":{"type":"LineString","coordinates":[[-53.106,-12.485],[-53.1068,-12.4833],[-53.1063,-12.4813],[-53.1048,-12.4802]]}},{"type":"Feature","properties":{},"geometry":{"type":"LineString","coordinates":[[-53.1063,-12.4866],[-53.1085,-12.4906]]}},{"type":"Feature","properties":{},"geometry":{"type":"LineString","coordinates":[[-53.1211,-12.5117],[-53.1211,-12.5068],[-53.12,-12.503],[-53.118,-12.4975],[-53.1161,-12.4945]]}},{"type":"Feature","properties":{},"geometry":{"type":"LineString","coordinates":[[-53.1162,-12.4861],[-53.1151,-12.4893],[-53.1161,-12.4945]]}},{"type":"Feature","properties":{},"geometry":{"type":"LineString","coordinates":[[-53.1183,-12.4985],[-53.1157,-12.4995]]}},{"type":"Feature","properties":{},"geometry":{"type":"LineString","coordinates":[[-53.118,-12.4977],[-53.1179,-12.4986]]}},{"type":"Feature","properties":{},"geometry":{"type":"LineString","coordinates":[[-53.1176,-12.4984],[-53.1173,-12.4991]]}},{"type":"Feature","properties":{},"geometry":{"type":"LineString","coordinates":[[-53.0957,-12.4786],[-53.1078,-12.494],[-53.1241,-12.5204]]}},{"type":"Feature","properties":{},"geometry":{"type":"LineString","coordinates":[[-53.124,-12.5201],[-53.1271,-12.5219],[-53.1283,-12.5239],[-53.1258,-12.5286],[-53.1234,-12.5292]]}},{"type":"Feature","properties":{},"geometry":{"type":"LineString","coordinates":[[-53.122,-12.5138],[-53.1211,-12.5117]]}},{"type":"Feature","properties":{},"geometry":{"type":"LineString","coordinates":[[-53.122,-12.5138],[-53.1231,-12.5168]]}},{"type":"Feature","properties":{},"geometry":{"type":"LineString","coordinates":[[-53.1211,-12.5095],[-53.124,-12.5161],[-53.1242,-12.5206]]}},{"type":"Feature","properties":{},"geometry":{"type":"LineString","coordinates":[[-53.1242,-12.5205],[-53.1223,-12.5206]]}},{"type":"Feature","properties":{},"geometry":{"type":"LineString","coordinates":[[-53.1254,-12.5288],[-53.123,-12.5308],[-53.1197,-12.5316]]}},{"type":"Feature","properties":{},"geometry":{"type":"LineString","coordinates":[[-53.1218,-12.5308],[-53.1231,-12.5297]]}},{"type":"Feature","properties":{},"geometry":{"type":"LineString","coordinates":[[-53.1231,-12.5297],[-53.1234,-12.5292]]}},{"type":"Feature","properties":{},"geometry":{"type":"LineString","coordinates":[[-53.1197,-12.5262],[-53.1233,-12.5235]]}},{"type":"Feature","properties":{},"geometry":{"type":"LineString","coordinates":[[-53.1282,-12.5234],[-53.1233,-12.5235]]}},{"type":"Feature","properties":{},"geometry":{"type":"LineString","coordinates":[[-53.1269,-12.5219],[-53.1267,-12.5231]]}},{"type":"Feature","properties":{},"geometry":{"type":"LineString","coordinates":[[-53.124,-12.5203],[-53.1241,-12.5211]]}},{"type":"Feature","properties":{},"geometry":{"type":"LineString","coordinates":[[-53.124,-12.5202],[-53.1247,-12.5208]]}},{"type":"Feature","properties":{},"geometry":{"type":"LineString","coordinates":[[-53.1237,-12.5198],[-53.1224,-12.5187],[-53.1227,-12.5181]]}},{"type":"Feature","properties":{},"geometry":{"type":"LineString","coordinates":[[-53.1231,-12.5168],[-53.124,-12.5201]]}},{"type":"Feature","properties":{},"geometry":{"type":"LineString","coordinates":[[-53.1254,-12.521],[-53.124,-12.5201]]}},{"type":"Feature","properties":{},"geometry":{"type":"LineString","coordinates":[[-53.1139,-12.5039],[-53.1147,-12.5026]]}},{"type":"Feature","properties":{},"geometry":{"type":"LineString","coordinates":[[-53.0982,-12.4783],[-53.1008,-12.4787]]}},{"type":"Feature","properties":{},"geometry":{"type":"LineString","coordinates":[[-53.0906,-12.4854],[-53.0875,-12.478]]}},{"type":"Feature","properties":{},"geometry":{"type":"LineString","coordinates":[[-53.0878,-12.4794],[-53.0871,-12.4786],[-53.0879,-12.477],[-53.0856,-12.4734],[-53.0815,-12.4726]]}},{"type":"Feature","properties":{},"geometry":{"type":"LineString","coordinates":[[-53.0773,-12.4845],[-53.0773,-12.4839],[-53.0793,-12.4821],[-53.0802,-12.4776],[-53.0794,-12.4771],[-53.0806,-12.4756],[-53.0815,-12.4726]]}},{"type":"Feature","properties":{},"geometry":{"type":"LineString","coordinates":[[-53.0773,-12.4845],[-53.0785,-12.4853],[-53.0787,-12.4865],[-53.0767,-12.4883],[-53.0776,-12.489]]}},{"type":"Feature","properties":{},"geometry":{"type":"LineString","coordinates":[[-53.1166,-12.5312],[-53.1132,-12.5331],[-53.1121,-12.5357],[-53.1081,-12.5397]]}},{"type":"Feature","properties":{},"geometry":{"type":"LineString","coordinates":[[-53.1166,-12.5312],[-53.1169,-12.5304],[-53.116,-12.5291],[-53.1145,-12.529]]}},{"type":"Feature","properties":{},"geometry":{"type":"LineString","coordinates":[[-53.1086,-12.5394],[-53.1082,-12.5397]]}},{"type":"Feature","properties":{},"geometry":{"type":"LineString","coordinates":[[-53.1018,-12.5205],[-53.1009,-12.5199],[-53.1011,-12.5175]]}},{"type":"Feature","properties":{},"geometry":{"type":"LineString","coordinates":[[-53.101,-12.5201],[-53.1008,-12.5192]]}},{"type":"Feature","properties":{},"geometry":{"type":"LineString","coordinates":[[-53.1006,-12.5196],[-53.1008,-12.5188]]}},{"type":"Feature","properties":{},"geometry":{"type":"LineString","coordinates":[[-53.1009,-12.5184],[-53.1008,-12.519]]}},{"type":"Feature","properties":{},"geometry":{"type":"LineString","coordinates":[[-53.1012,-12.517],[-53.1011,-12.5175]]}},{"type":"Feature","properties":{},"geometry":{"type":"LineString","coordinates":[[-53.1011,-12.5167],[-53.1011,-12.5176]]}},{"type":"Feature","properties":{},"geometry":{"type":"LineString","coordinates":[[-53.1009,-12.5179],[-53.1009,-12.5154]]}},{"type":"Feature","properties":{},"geometry":{"type":"LineString","coordinates":[[-53.1009,-12.5198],[-53.1007,-12.5195]]}},{"type":"Feature","properties":{},"geometry":{"type":"LineString","coordinates":[[-53.1007,-12.5199],[-53.1008,-12.5198]]}},{"type":"Feature","properties":{},"geometry":{"type":"LineString","coordinates":[[-53.2065,-11.3281],[-53.2047,-11.327]]}},{"type":"Feature","properties":{},"geometry":{"type":"LineString","coordinates":[[-53.2052,-11.3298],[-53.2056,-11.3278]]}},{"type":"Feature","properties":{},"geometry":{"type":"LineString","coordinates":[[-53.206,-11.3275],[-53.2056,-11.3277]]}},{"type":"Feature","properties":{},"geometry":{"type":"LineString","coordinates":[[-53.2054,-11.3271],[-53.2057,-11.3276]]}},{"type":"Feature","properties":{},"geometry":{"type":"LineString","coordinates":[[-53.2052,-11.327],[-53.2055,-11.3273]]}},{"type":"Feature","properties":{},"geometry":{"type":"LineString","coordinates":[[-53.2053,-11.3272],[-53.205,-11.3271]]}},{"type":"Feature","properties":{},"geometry":{"type":"LineString","coordinates":[[-53.2051,-11.3272],[-53.2051,-11.327]]}},{"type":"Feature","properties":{},"geometry":{"type":"LineString","coordinates":[[-53.2054,-11.3283],[-53.2053,-11.3276]]}},{"type":"Feature","properties":{},"geometry":{"type":"LineString","coordinates":[[-53.2053,-11.3277],[-53.2051,-11.3278]]}},{"type":"Feature","properties":{},"geometry":{"type":"LineString","coordinates":[[-53.2013,-11.33],[-53.2029,-11.3317]]}},{"type":"Feature","properties":{},"geometry":{"type":"LineString","coordinates":[[-53.2056,-11.3324],[-53.2042,-11.3317],[-53.2045,-11.3312],[-53.2032,-11.3317]]}},{"type":"Feature","properties":{},"geometry":{"type":"LineString","coordinates":[[-53.2034,-11.3322],[-53.2033,-11.3318]]}},{"type":"Feature","properties":{},"geometry":{"type":"LineString","coordinates":[[-53.2027,-11.3324],[-53.2029,-11.3317]]}},{"type":"Feature","properties":{},"geometry":{"type":"LineString","coordinates":[[-53.2033,-11.3329],[-53.2035,-11.3324]]}},{"type":"Feature","properties":{},"geometry":{"type":"LineString","coordinates":[[-53.3009,-11.3166],[-53.302,-11.3162]]}},{"type":"Feature","properties":{},"geometry":{"type":"LineString","coordinates":[[-53.3005,-11.3149],[-53.3017,-11.316]]}},{"type":"Feature","properties":{},"geometry":{"type":"LineString","coordinates":[[-53.3,-11.3159],[-53.3004,-11.3164]]}},{"type":"Feature","properties":{},"geometry":{"type":"LineString","coordinates":[[-53.2972,-11.3172],[-53.2972,-11.3164],[-53.3002,-11.3168]]}},{"type":"Feature","properties":{},"geometry":{"type":"LineString","coordinates":[[-53.2995,-11.3163],[-53.3002,-11.3165]]}},{"type":"Feature","properties":{},"geometry":{"type":"LineString","coordinates":[[-53.3011,-11.3172],[-53.3006,-11.3169]]}},{"type":"Feature","properties":{},"geometry":{"type":"LineString","coordinates":[[-53.3013,-11.317],[-53.3007,-11.3168]]}},{"type":"Feature","properties":{},"geometry":{"type":"LineString","coordinates":[[-53.3004,-11.3171],[-53.2971,-11.32]]}},{"type":"Feature","properties":{},"geometry":{"type":"LineString","coordinates":[[-53.2986,-11.3189],[-53.2975,-11.3176]]}},{"type":"Feature","properties":{},"geometry":{"type":"LineString","coordinates":[[-53.3184,-11.3331],[-53.3174,-11.3335]]}},{"type":"Feature","properties":{},"geometry":{"type":"LineString","coordinates":[[-53.3172,-11.3329],[-53.3173,-11.3335]]}},{"type":"Feature","properties":{},"geometry":{"type":"LineString","coordinates":[[-53.3166,-11.3335],[-53.3169,-11.3337]]}},{"type":"Feature","properties":{},"geometry":{"type":"LineString","coordinates":[[-53.3155,-11.3362],[-53.317,-11.334]]}},{"type":"Feature","properties":{},"geometry":{"type":"LineString","coordinates":[[-53.7903,-11.3254],[-53.7903,-11.3248]]}},{"type":"Feature","properties":{},"geometry":{"type":"LineString","coordinates":[[-53.7919,-11.3239],[-53.7909,-11.3239]]}},{"type":"Feature","properties":{},"geometry":{"type":"LineString","coordinates":[[-53.7909,-11.3239],[-53.7904,-11.3242],[-53.7901,-11.3234]]}},{"type":"Feature","properties":{},"geometry":{"type":"LineString","coordinates":[[-53.7909,-11.3239],[-53.7903,-11.3241]]}},{"type":"Feature","properties":{},"geometry":{"type":"LineString","coordinates":[[-53.7907,-11.325],[-53.7904,-11.3242]]}},{"type":"Feature","properties":{},"geometry":{"type":"LineString","coordinates":[[-53.7908,-11.3249],[-53.7903,-11.3243]]}},{"type":"Feature","properties":{},"geometry":{"type":"LineString","coordinates":[[-53.7804,-11.2944],[-53.7808,-11.2948]]}},{"type":"Feature","properties":{},"geometry":{"type":"LineString","coordinates":[[-53.7813,-11.2942],[-53.7805,-11.2953]]}},{"type":"Feature","properties":{},"geometry":{"type":"LineString","coordinates":[[-53.7817,-11.2948],[-53.7808,-11.2948]]}},{"type":"Feature","properties":{},"geometry":{"type":"LineString","coordinates":[[-53.7803,-11.2952],[-53.7683,-11.2836],[-53.7668,-11.2793]]}},{"type":"Feature","properties":{},"geometry":{"type":"LineString","coordinates":[[-53.7808,-11.2954],[-53.7803,-11.2952]]}},{"type":"Feature","properties":{},"geometry":{"type":"LineString","coordinates":[[-53.7583,-11.2543],[-53.7577,-11.2542],[-53.7575,-11.2553],[-53.7586,-11.2556]]}},{"type":"Feature","properties":{},"geometry":{"type":"LineString","coordinates":[[-53.7584,-11.2567],[-53.7578,-11.2563],[-53.7579,-11.2553]]}},{"type":"Feature","properties":{},"geometry":{"type":"LineString","coordinates":[[-53.7578,-11.2553],[-53.757,-11.2571],[-53.7572,-11.259],[-53.7603,-11.264],[-53.7668,-11.2793]]}},{"type":"Feature","properties":{},"geometry":{"type":"LineString","coordinates":[[-53.7575,-11.2553],[-53.7563,-11.2559]]}},{"type":"Feature","properties":{},"geometry":{"type":"LineString","coordinates":[[-53.7569,-11.2553],[-53.7547,-11.2559]]}},{"type":"Feature","properties":{},"geometry":{"type":"LineString","coordinates":[[-53.7575,-11.2552],[-53.7561,-11.2561]]}},{"type":"Feature","properties":{},"geometry":{"type":"LineString","coordinates":[[-53.7571,-11.2551],[-53.7567,-11.255]]}},{"type":"Feature","properties":{},"geometry":{"type":"LineString","coordinates":[[-53.7537,-11.2535],[-53.755,-11.2532],[-53.7571,-11.2545],[-53.754,-11.2545],[-53.7526,-11.2536]]}},{"type":"Feature","properties":{},"geometry":{"type":"LineString","coordinates":[[-53.7539,-11.2545],[-53.7536,-11.255],[-53.7499,-11.2552],[-53.7482,-11.2563],[-53.7484,-11.257]]}},{"type":"Feature","properties":{},"geometry":{"type":"LineString","coordinates":[[-53.7574,-11.2543],[-53.7559,-11.2537]]}},{"type":"Feature","properties":{},"geometry":{"type":"LineString","coordinates":[[-53.7564,-11.2538],[-53.7548,-11.2526],[-53.7542,-11.253]]}},{"type":"Feature","properties":{},"geometry":{"type":"LineString","coordinates":[[-53.7548,-11.2526],[-53.7534,-11.2519],[-53.7531,-11.2507]]}},{"type":"Feature","properties":{},"geometry":{"type":"LineString","coordinates":[[-53.754,-11.2518],[-53.754,-11.2523]]}},{"type":"Feature","properties":{},"geometry":{"type":"LineString","coordinates":[[-53.7546,-11.2516],[-53.7543,-11.2518]]}},{"type":"Feature","properties":{},"geometry":{"type":"LineString","coordinates":[[-53.7544,-11.2515],[-53.7542,-11.2517]]}},{"type":"Feature","properties":{},"geometry":{"type":"LineString","coordinates":[[-53.7542,-11.2516],[-53.7542,-11.2517]]}},{"type":"Feature","properties":{},"geometry":{"type":"LineString","coordinates":[[-53.7577,-11.2542],[-53.7568,-11.2533]]}},{"type":"Feature","properties":{},"geometry":{"type":"LineString","coordinates":[[-53.7579,-11.2542],[-53.7564,-11.252]]}},{"type":"Feature","properties":{},"geometry":{"type":"LineString","coordinates":[[-53.7564,-11.252],[-53.7551,-11.2524],[-53.7547,-11.2517]]}},{"type":"Feature","properties":{},"geometry":{"type":"LineString","coordinates":[[-53.758,-11.2542],[-53.7579,-11.2529],[-53.7558,-11.2496]]}},{"type":"Feature","properties":{},"geometry":{"type":"LineString","coordinates":[[-53.7582,-11.2542],[-53.7585,-11.2522],[-53.7578,-11.2496]]}},{"type":"Feature","properties":{},"geometry":{"type":"LineString","coordinates":[[-53.7585,-11.2522],[-53.7592,-11.2512]]}},{"type":"Feature","properties":{},"geometry":{"type":"LineString","coordinates":[[-53.7587,-11.2516],[-53.7586,-11.2509]]}},{"type":"Feature","properties":{},"geometry":{"type":"LineString","coordinates":[[-53.759,-11.2547],[-53.7585,-11.2545]]}},{"type":"Feature","properties":{},"geometry":{"type":"LineString","coordinates":[[-53.759,-11.2546],[-53.7588,-11.2546]]}},{"type":"Feature","properties":{},"geometry":{"type":"LineString","coordinates":[[-53.7592,-11.2544],[-53.7583,-11.2543]]}},{"type":"Feature","properties":{},"geometry":{"type":"LineString","coordinates":[[-53.7586,-11.2557],[-53.7586,-11.2556]]}},{"type":"Feature","properties":{},"geometry":{"type":"LineString","coordinates":[[-53.7581,-11.2556],[-53.758,-11.2554]]}},{"type":"Feature","properties":{},"geometry":{"type":"LineString","coordinates":[[-53.6899,-11.1887],[-53.6896,-11.1892]]}},{"type":"Feature","properties":{},"geometry":{"type":"LineString","coordinates":[[-53.6895,-11.19],[-53.6891,-11.1898]]}},{"type":"Feature","properties":{},"geometry":{"type":"LineString","coordinates":[[-53.6893,-11.1892],[-53.6893,-11.1899]]}},{"type":"Feature","properties":{},"geometry":{"type":"LineString","coordinates":[[-53.3544,-11.3726],[-53.3526,-11.3738]]}},{"type":"Feature","properties":{},"geometry":{"type":"LineString","coordinates":[[-53.3523,-11.374],[-53.3516,-11.3734]]}},{"type":"Feature","properties":{},"geometry":{"type":"LineString","coordinates":[[-53.361,-11.3809],[-53.3608,-11.3816]]}},{"type":"Feature","properties":{},"geometry":{"type":"LineString","coordinates":[[-53.3607,-11.3812],[-53.3595,-11.3822],[-53.3584,-11.3798]]}},{"type":"Feature","properties":{},"geometry":{"type":"LineString","coordinates":[[-53.3594,-11.3821],[-53.3592,-11.3821]]}},{"type":"Feature","properties":{},"geometry":{"type":"LineString","coordinates":[[-53.3595,-11.3822],[-53.3593,-11.3825]]}},{"type":"Feature","properties":{},"geometry":{"type":"LineString","coordinates":[[-53.3978,-11.4354],[-53.3966,-11.4362],[-53.3966,-11.4375],[-53.3986,-11.437]]}},{"type":"Feature","properties":{},"geometry":{"type":"LineString","coordinates":[[-53.3972,-11.4373],[-53.3973,-11.4374]]}},{"type":"Feature","properties":{},"geometry":{"type":"LineString","coordinates":[[-53.3977,-11.4378],[-53.3973,-11.4374]]}},{"type":"Feature","properties":{},"geometry":{"type":"LineString","coordinates":[[-53.3962,-11.4382],[-53.3971,-11.4376]]}},{"type":"Feature","properties":{},"geometry":{"type":"LineString","coordinates":[[-53.3972,-11.4378],[-53.3969,-11.4375]]}},{"type":"Feature","properties":{},"geometry":{"type":"LineString","coordinates":[[-53.3968,-11.4376],[-53.3956,-11.4377],[-53.3953,-11.4383],[-53.3959,-11.4377]]}},{"type":"Feature","properties":{},"geometry":{"type":"LineString","coordinates":[[-53.396,-11.438],[-53.3962,-11.4382]]}},{"type":"Feature","properties":{},"geometry":{"type":"LineString","coordinates":[[-53.3959,-11.4382],[-53.396,-11.4383]]}},{"type":"Feature","properties":{},"geometry":{"type":"LineString","coordinates":[[-53.3957,-11.4377],[-53.3957,-11.4376]]}},{"type":"Feature","properties":{},"geometry":{"type":"LineString","coordinates":[[-53.3955,-11.437],[-53.3955,-11.4378]]}},{"type":"Feature","properties":{},"geometry":{"type":"LineString","coordinates":[[-53.3972,-11.4348],[-53.3968,-11.4361]]}},{"type":"Feature","properties":{},"geometry":{"type":"LineString","coordinates":[[-53.5112,-11.4751],[-53.5109,-11.4747]]}},{"type":"Feature","properties":{},"geometry":{"type":"LineString","coordinates":[[-53.5111,-11.4751],[-53.5105,-11.4749]]}},{"type":"Feature","properties":{},"geometry":{"type":"LineString","coordinates":[[-53.5109,-11.475],[-53.511,-11.475]]}},{"type":"Feature","properties":{},"geometry":{"type":"LineString","coordinates":[[-53.5118,-11.475],[-53.5117,-11.4756],[-53.5115,-11.4751]]}},{"type":"Feature","properties":{},"geometry":{"type":"LineString","coordinates":[[-53.5118,-11.4753],[-53.5147,-11.475]]}},{"type":"Feature","properties":{},"geometry":{"type":"LineString","coordinates":[[-53.5146,-11.4746],[-53.5118,-11.4753]]}},{"type":"Feature","properties":{},"geometry":{"type":"LineString","coordinates":[[-53.5122,-11.4753],[-53.5119,-11.4755]]}},{"type":"Feature","properties":{},"geometry":{"type":"LineString","coordinates":[[-53.5119,-11.4755],[-53.5117,-11.4756]]}},{"type":"Feature","properties":{},"geometry":{"type":"LineString","coordinates":[[-53.5117,-11.475],[-53.5118,-11.4746],[-53.5125,-11.4746]]}},{"type":"Feature","properties":{},"geometry":{"type":"LineString","coordinates":[[-53.5124,-11.4747],[-53.5124,-11.4748]]}},{"type":"Feature","properties":{},"geometry":{"type":"LineString","coordinates":[[-53.5152,-11.4745],[-53.5154,-11.4744]]}},{"type":"Feature","properties":{},"geometry":{"type":"LineString","coordinates":[[-53.515,-11.4741],[-53.515,-11.4738]]}},{"type":"Feature","properties":{},"geometry":{"type":"LineString","coordinates":[[-53.515,-11.474],[-53.5151,-11.474]]}},{"type":"Feature","properties":{},"geometry":{"type":"LineString","coordinates":[[-53.515,-11.474],[-53.5147,-11.4742]]}},{"type":"Feature","properties":{},"geometry":{"type":"LineString","coordinates":[[-53.5118,-11.4756],[-53.5114,-11.4759]]}},{"type":"Feature","properties":{},"geometry":{"type":"LineString","coordinates":[[-53.4596,-11.4989],[-53.4609,-11.4956]]}},{"type":"Feature","properties":{},"geometry":{"type":"LineString","coordinates":[[-53.4589,-11.4987],[-53.4587,-11.4982]]}},{"type":"Feature","properties":{},"geometry":{"type":"LineString","coordinates":[[-53.4589,-11.4988],[-53.4586,-11.4994]]}},{"type":"Feature","properties":{},"geometry":{"type":"LineString","coordinates":[[-53.4591,-11.4992],[-53.4587,-11.4998]]}},{"type":"Feature","properties":{},"geometry":{"type":"LineString","coordinates":[[-53.1011,-12.5175],[-53.1011,-12.517]]}},{"type":"Feature","properties":{},"geometry":{"type":"LineString","coordinates":[[-53.1011,-12.517],[-53.1007,-12.516]]}},{"type":"Feature","properties":{},"geometry":{"type":"LineString","coordinates":[[-53.1011,-12.5167],[-53.1005,-12.5118],[-53.1008,-12.5094]]}},{"type":"Feature","properties":{},"geometry":{"type":"LineString","coordinates":[[-53.1011,-12.5158],[-53.101,-12.5154]]}},{"type":"Feature","properties":{},"geometry":{"type":"LineString","coordinates":[[-53.1009,-12.5148],[-53.1007,-12.5141]]}},{"type":"Feature","properties":{},"geometry":{"type":"LineString","coordinates":[[-53.1007,-12.5126],[-53.1006,-12.5114]]}},{"type":"Feature","properties":{},"geometry":{"type":"LineString","coordinates":[[-53.1007,-12.516],[-53.1006,-12.514]]}},{"type":"Feature","properties":{},"geometry":{"type":"LineString","coordinates":[[-53.1007,-12.5158],[-53.1005,-12.5147]]}},{"type":"Feature","properties":{},"geometry":{"type":"LineString","coordinates":[[-53.1086,-12.5531],[-53.1092,-12.5518],[-53.1111,-12.5511]]}},{"type":"Feature","properties":{},"geometry":{"type":"LineString","coordinates":[[-53.1086,-12.5531],[-53.1087,-12.5518],[-53.1078,-12.551]]}},{"type":"Feature","properties":{},"geometry":{"type":"LineString","coordinates":[[-53.1078,-12.5512],[-53.1069,-12.5516],[-53.1063,-12.5507],[-53.106,-12.5514],[-53.105,-12.5513],[-53.1051,-12.5506],[-53.106,-12.5508]]}},{"type":"Feature","properties":{},"geometry":{"type":"LineString","coordinates":[[-53.1066,-12.5507],[-53.1066,-12.55]]}},{"type":"Feature","properties":{},"geometry":{"type":"LineString","coordinates":[[-53.1066,-12.5507],[-53.1075,-12.5513]]}},{"type":"Feature","properties":{},"geometry":{"type":"LineString","coordinates":[[-53.1068,-12.5516],[-53.1059,-12.5521],[-53.1062,-12.5531],[-53.1047,-12.5525],[-53.105,-12.5513]]}},{"type":"Feature","properties":{},"geometry":{"type":"LineString","coordinates":[[-53.108,-12.5532],[-53.1073,-12.553]]}},{"type":"Feature","properties":{},"geometry":{"type":"LineString","coordinates":[[-53.1028,-12.5546],[-53.1055,-12.5542],[-53.1073,-12.553]]}},{"type":"Feature","properties":{},"geometry":{"type":"LineString","coordinates":[[-53.1068,-12.5532],[-53.1062,-12.5531]]}},{"type":"Feature","properties":{},"geometry":{"type":"LineString","coordinates":[[-53.1076,-12.554],[-53.1062,-12.5537],[-53.1062,-12.5531]]}},{"type":"Feature","properties":{},"geometry":{"type":"LineString","coordinates":[[-53.1077,-12.5543],[-53.1069,-12.5544]]}},{"type":"Feature","properties":{},"geometry":{"type":"LineString","coordinates":[[-53.1077,-12.5544],[-53.1069,-12.5554]]}},{"type":"Feature","properties":{},"geometry":{"type":"LineString","coordinates":[[-53.1084,-12.5548],[-53.1076,-12.5554],[-53.1055,-12.5553]]}},{"type":"Feature","properties":{},"geometry":{"type":"LineString","coordinates":[[-53.1038,-12.5576],[-53.1067,-12.5561],[-53.1079,-12.5546]]}},{"type":"Feature","properties":{},"geometry":{"type":"LineString","coordinates":[[-53.1079,-12.5547],[-53.1087,-12.5557]]}},{"type":"Feature","properties":{},"geometry":{"type":"LineString","coordinates":[[-53.1086,-12.5552],[-53.1083,-12.5553]]}},{"type":"Feature","properties":{},"geometry":{"type":"LineString","coordinates":[[-53.1079,-12.5514],[-53.1074,-12.5531]]}},{"type":"Feature","properties":{},"geometry":{"type":"LineString","coordinates":[[-53.108,-12.5533],[-53.1075,-12.5524]]}},{"type":"Feature","properties":{},"geometry":{"type":"LineString","coordinates":[[-53.1074,-12.5531],[-53.1074,-12.5545]]}},{"type":"Feature","properties":{},"geometry":{"type":"LineString","coordinates":[[-53.1053,-12.5568],[-53.1017,-12.556]]}},{"type":"Feature","properties":{},"geometry":{"type":"LineString","coordinates":[[-53.1052,-12.5569],[-53.1055,-12.5575],[-53.105,-12.5579],[-53.1045,-12.5572]]}},{"type":"Feature","properties":{},"geometry":{"type":"LineString","coordinates":[[-53.0978,-12.5068],[-53.1012,-12.5062]]}},{"type":"Feature","properties":{},"geometry":{"type":"LineString","coordinates":[[-53.1011,-12.5087],[-53.1017,-12.5068]]}},{"type":"Feature","properties":{},"geometry":{"type":"LineString","coordinates":[[-53.1008,-12.5093],[-53.1022,-12.5075]]}},{"type":"Feature","properties":{},"geometry":{"type":"LineString","coordinates":[[-53.1017,-12.5075],[-53.1033,-12.5063],[-53.106,-12.5054]]}},{"type":"Feature","properties":{},"geometry":{"type":"LineString","coordinates":[[-53.1007,-12.5157],[-53.1006,-12.5155]]}},{"type":"Feature","properties":{},"geometry":{"type":"LineString","coordinates":[[-53.1005,-12.5143],[-53.1008,-12.5149]]}},{"type":"Feature","properties":{},"geometry":{"type":"LineString","coordinates":[[-53.1006,-12.5143],[-53.1004,-12.5128]]}},{"type":"Feature","properties":{},"geometry":{"type":"LineString","coordinates":[[-53.1004,-12.5134],[-53.1003,-12.5129]]}},{"type":"Feature","properties":{},"geometry":{"type":"LineString","coordinates":[[-53.1009,-12.5091],[-53.1012,-12.5165]]}},{"type":"Feature","properties":{},"geometry":{"type":"LineString","coordinates":[[-53.1009,-12.5104],[-53.1015,-12.5083]]}},{"type":"Feature","properties":{},"geometry":{"type":"LineString","coordinates":[[-53.1005,-12.5118],[-53.1003,-12.5115]]}},{"type":"Feature","properties":{},"geometry":{"type":"LineString","coordinates":[[-53.1008,-12.519],[-53.1007,-12.5165]]}},{"type":"Feature","properties":{},"geometry":{"type":"LineString","coordinates":[[-53.1009,-12.5179],[-53.1007,-12.5167]]}},{"type":"Feature","properties":{},"geometry":{"type":"LineString","coordinates":[[-53.1006,-12.5164],[-53.1006,-12.5195]]}},{"type":"Feature","properties":{},"geometry":{"type":"LineString","coordinates":[[-53.1005,-12.5146],[-53.0995,-12.5125],[-53.0994,-12.5104]]}},{"type":"Feature","properties":{},"geometry":{"type":"LineString","coordinates":[[-53.1002,-12.5121],[-53.0996,-12.5108]]}},{"type":"Feature","properties":{},"geometry":{"type":"LineString","coordinates":[[-53.0996,-12.5109],[-53.0994,-12.5104]]}},{"type":"Feature","properties":{},"geometry":{"type":"LineString","coordinates":[[-53.1001,-12.512],[-53.1001,-12.5119]]}},{"type":"Feature","properties":{},"geometry":{"type":"LineString","coordinates":[[-53.1002,-12.5119],[-53.1003,-12.5092],[-53.1011,-12.5081]]}},{"type":"Feature","properties":{},"geometry":{"type":"LineString","coordinates":[[-53.101,-12.5089],[-53.1017,-12.5068]]}},{"type":"Feature","properties":{},"geometry":{"type":"LineString","coordinates":[[-53.1018,-12.5066],[-53.1016,-12.5069]]}},{"type":"Feature","properties":{},"geometry":{"type":"LineString","coordinates":[[-53.1017,-12.5068],[-53.1015,-12.5064]]}},{"type":"Feature","properties":{},"geometry":{"type":"LineString","coordinates":[[-53.1016,-12.5066],[-53.1016,-12.5064]]}},{"type":"Feature","properties":{},"geometry":{"type":"LineString","coordinates":[[-53.1015,-12.5076],[-53.1017,-12.5075]]}},{"type":"Feature","properties":{},"geometry":{"type":"LineString","coordinates":[[-53.1014,-12.5077],[-53.1016,-12.5075]]}},{"type":"Feature","properties":{},"geometry":{"type":"LineString","coordinates":[[-53.101,-12.5089],[-53.1011,-12.5083]]}},{"type":"Feature","properties":{},"geometry":{"type":"LineString","coordinates":[[-53.1002,-12.5095],[-53.1009,-12.5085]]}},{"type":"Feature","properties":{},"geometry":{"type":"LineString","coordinates":[[-53.1004,-12.5093],[-53.1009,-12.5087]]}},{"type":"Feature","properties":{},"geometry":{"type":"LineString","coordinates":[[-53.1003,-12.5115],[-53.1003,-12.5101]]}},{"type":"Feature","properties":{},"geometry":{"type":"LineString","coordinates":[[-53.1002,-12.5107],[-53.1002,-12.5098]]}},{"type":"Feature","properties":{},"geometry":{"type":"LineString","coordinates":[[-53.1003,-12.511],[-53.1002,-12.5107]]}},{"type":"Feature","properties":{},"geometry":{"type":"LineString","coordinates":[[-53.1002,-12.5116],[-53.1001,-12.5112]]}},{"type":"Feature","properties":{},"geometry":{"type":"LineString","coordinates":[[-53.1001,-12.5118],[-53.1001,-12.5113]]}},{"type":"Feature","properties":{},"geometry":{"type":"LineString","coordinates":[[-53.0994,-12.5104],[-53.1003,-12.5092]]}},{"type":"Feature","properties":{},"geometry":{"type":"LineString","coordinates":[[-53.1003,-12.5092],[-53.1005,-12.5082]]}},{"type":"Feature","properties":{},"geometry":{"type":"LineString","coordinates":[[-53.1006,-12.5086],[-53.0994,-12.5104]]}},{"type":"Feature","properties":{},"geometry":{"type":"LineString","coordinates":[[-53.1001,-12.5089],[-53.1012,-12.5078]]}},{"type":"Feature","properties":{},"geometry":{"type":"LineString","coordinates":[[-53.1011,-12.5079],[-53.1006,-12.5086]]}},{"type":"Feature","properties":{},"geometry":{"type":"LineString","coordinates":[[-53.1007,-12.5083],[-53.1008,-12.508]]}},{"type":"Feature","properties":{},"geometry":{"type":"LineString","coordinates":[[-53.1009,-12.508],[-53.1013,-12.5076]]}},{"type":"Feature","properties":{},"geometry":{"type":"LineString","coordinates":[[-53.1009,-12.5085],[-53.1003,-12.507],[-53.1008,-12.5064]]}},{"type":"Feature","properties":{},"geometry":{"type":"LineString","coordinates":[[-53.1011,-12.5075],[-53.1006,-12.5076]]}},{"type":"Feature","properties":{},"geometry":{"type":"LineString","coordinates":[[-53.1009,-12.5077],[-53.1005,-12.5082]]}},{"type":"Feature","properties":{},"geometry":{"type":"LineString","coordinates":[[-53.4579,-11.5006],[-53.4567,-11.4984]]}},{"type":"Feature","properties":{},"geometry":{"type":"LineString","coordinates":[[-53.458,-11.4993],[-53.4571,-11.4991]]}},{"type":"Feature","properties":{},"geometry":{"type":"LineString","coordinates":[[-53.4564,-11.4976],[-53.4546,-11.4944]]}},{"type":"Feature","properties":{},"geometry":{"type":"LineString","coordinates":[[-53.4556,-11.5049],[-53.4583,-11.5004]]}},{"type":"Feature","properties":{},"geometry":{"type":"LineString","coordinates":[[-53.449,-11.5155],[-53.4556,-11.5049]]}},{"type":"Feature","properties":{},"geometry":{"type":"LineString","coordinates":[[-53.458,-11.5002],[-53.4552,-11.5028]]}},{"type":"Feature","properties":{},"geometry":{"type":"LineString","coordinates":[[-53.4588,-11.5035],[-53.4588,-11.5001]]}},{"type":"Feature","properties":{},"geometry":{"type":"LineString","coordinates":[[-53.4581,-11.5025],[-53.4587,-11.5003]]}},{"type":"Feature","properties":{},"geometry":{"type":"LineString","coordinates":[[-53.4579,-11.5011],[-53.4583,-11.5005]]}},{"type":"Feature","properties":{},"geometry":{"type":"LineString","coordinates":[[-53.5317,-11.5521],[-53.5315,-11.5516],[-53.531,-11.5519]]}},{"type":"Feature","properties":{},"geometry":{"type":"LineString","coordinates":[[-53.5315,-11.5516],[-53.5313,-11.5511]]}},{"type":"Feature","properties":{},"geometry":{"type":"LineString","coordinates":[[-53.5314,-11.5517],[-53.5309,-11.5507]]}},{"type":"Feature","properties":{},"geometry":{"type":"LineString","coordinates":[[-53.5317,-11.5518],[-53.5316,-11.5517]]}},{"type":"Feature","properties":{},"geometry":{"type":"LineString","coordinates":[[-53.5316,-11.5519],[-53.5313,-11.5521]]}},{"type":"Feature","properties":{},"geometry":{"type":"LineString","coordinates":[[-53.5313,-11.5521],[-53.531,-11.5519]]}},{"type":"Feature","properties":{},"geometry":{"type":"LineString","coordinates":[[-53.5311,-11.5512],[-53.5311,-11.5513]]}},{"type":"Feature","properties":{},"geometry":{"type":"LineString","coordinates":[[-53.5315,-11.5515],[-53.5319,-11.5514]]}},{"type":"Feature","properties":{},"geometry":{"type":"LineString","coordinates":[[-53.5317,-11.5513],[-53.5318,-11.5514]]}},{"type":"Feature","properties":{},"geometry":{"type":"LineString","coordinates":[[-53.5311,-11.5507],[-53.531,-11.5506]]}},{"type":"Feature","properties":{},"geometry":{"type":"LineString","coordinates":[[-53.5311,-11.5509],[-53.5308,-11.5507]]}},{"type":"Feature","properties":{},"geometry":{"type":"LineString","coordinates":[[-53.5315,-11.5514],[-53.5315,-11.5508]]}},{"type":"Feature","properties":{},"geometry":{"type":"LineString","coordinates":[[-53.5314,-11.5509],[-53.5316,-11.551]]}},{"type":"Feature","properties":{},"geometry":{"type":"LineString","coordinates":[[-53.5312,-11.5506],[-53.5329,-11.5474]]}},{"type":"Feature","properties":{},"geometry":{"type":"LineString","coordinates":[[-53.5551,-11.5739],[-53.5558,-11.5732],[-53.556,-11.5736],[-53.5555,-11.5736]]}},{"type":"Feature","properties":{},"geometry":{"type":"LineString","coordinates":[[-53.5579,-11.5728],[-53.556,-11.5734]]}},{"type":"Feature","properties":{},"geometry":{"type":"LineString","coordinates":[[-53.5548,-11.5723],[-53.5541,-11.5718],[-53.5557,-11.5711],[-53.5557,-11.5732]]}},{"type":"Feature","properties":{},"geometry":{"type":"LineString","coordinates":[[-53.6127,-11.7392],[-53.6103,-11.7378]]}},{"type":"Feature","properties":{},"geometry":{"type":"LineString","coordinates":[[-53.6108,-11.738],[-53.6109,-11.7377]]}},{"type":"Feature","properties":{},"geometry":{"type":"LineString","coordinates":[[-53.6103,-11.7378],[-53.6091,-11.734]]}},{"type":"Feature","properties":{},"geometry":{"type":"LineString","coordinates":[[-53.608,-11.7381],[-53.6088,-11.7367]]}},{"type":"Feature","properties":{},"geometry":{"type":"LineString","coordinates":[[-53.6083,-11.7378],[-53.6077,-11.737]]}},{"type":"Feature","properties":{},"geometry":{"type":"LineString","coordinates":[[-53.6081,-11.7381],[-53.6083,-11.7387]]}},{"type":"Feature","properties":{},"geometry":{"type":"LineString","coordinates":[[-53.6083,-11.738],[-53.6087,-11.7382]]}},{"type":"Feature","properties":{},"geometry":{"type":"LineString","coordinates":[[-53.6089,-11.7379],[-53.6083,-11.738]]}},{"type":"Feature","properties":{},"geometry":{"type":"LineString","coordinates":[[-53.6087,-11.7379],[-53.6083,-11.7378]]}},{"type":"Feature","properties":{},"geometry":{"type":"LineString","coordinates":[[-53.6084,-11.7392],[-53.61,-11.7381]]}},{"type":"Feature","properties":{},"geometry":{"type":"LineString","coordinates":[[-53.61,-11.7389],[-53.6096,-11.7384]]}},{"type":"Feature","properties":{},"geometry":{"type":"LineString","coordinates":[[-53.6094,-11.7377],[-53.6095,-11.7374]]}},{"type":"Feature","properties":{},"geometry":{"type":"LineString","coordinates":[[-53.61,-11.7381],[-53.6103,-11.7378]]}},{"type":"Feature","properties":{},"geometry":{"type":"LineString","coordinates":[[-53.6118,-11.7426],[-53.6115,-11.7424]]}},{"type":"Feature","properties":{},"geometry":{"type":"LineString","coordinates":[[-53.6114,-11.7425],[-53.6114,-11.743]]}},{"type":"Feature","properties":{},"geometry":{"type":"LineString","coordinates":[[-53.6118,-11.7432],[-53.6117,-11.7428]]}},{"type":"Feature","properties":{},"geometry":{"type":"LineString","coordinates":[[-53.6114,-11.7426],[-53.6101,-11.7431]]}},{"type":"Feature","properties":{},"geometry":{"type":"LineString","coordinates":[[-53.6103,-11.743],[-53.6106,-11.7436]]}},{"type":"Feature","properties":{},"geometry":{"type":"LineString","coordinates":[[-53.6101,-11.7431],[-53.6119,-11.7455]]}},{"type":"Feature","properties":{},"geometry":{"type":"LineString","coordinates":[[-53.6119,-11.7455],[-53.6116,-11.7442]]}},{"type":"Feature","properties":{},"geometry":{"type":"LineString","coordinates":[[-53.612,-11.7443],[-53.6118,-11.7441]]}},{"type":"Feature","properties":{},"geometry":{"type":"LineString","coordinates":[[-53.6116,-11.7434],[-53.6115,-11.7438]]}},{"type":"Feature","properties":{},"geometry":{"type":"LineString","coordinates":[[-53.6116,-11.7439],[-53.6112,-11.7436]]}},{"type":"Feature","properties":{},"geometry":{"type":"LineString","coordinates":[[-53.6119,-11.7434],[-53.6117,-11.7439]]}},{"type":"Feature","properties":{},"geometry":{"type":"LineString","coordinates":[[-53.6115,-11.7437],[-53.6111,-11.7435]]}},{"type":"Feature","properties":{},"geometry":{"type":"LineString","coordinates":[[-53.6114,-11.7435],[-53.6115,-11.7434]]}},{"type":"Feature","properties":{},"geometry":{"type":"LineString","coordinates":[[-53.6118,-11.7427],[-53.6118,-11.7429]]}},{"type":"Feature","properties":{},"geometry":{"type":"LineString","coordinates":[[-53.6119,-11.7427],[-53.612,-11.743]]}},{"type":"Feature","properties":{},"geometry":{"type":"LineString","coordinates":[[-53.6119,-11.7426],[-53.6125,-11.7425]]}},{"type":"Feature","properties":{},"geometry":{"type":"LineString","coordinates":[[-53.6111,-11.7432],[-53.611,-11.7433]]}},{"type":"Feature","properties":{},"geometry":{"type":"LineString","coordinates":[[-53.6112,-11.7424],[-53.6106,-11.7422]]}},{"type":"Feature","properties":{},"geometry":{"type":"LineString","coordinates":[[-53.6129,-11.7432],[-53.6127,-11.7431]]}},{"type":"Feature","properties":{},"geometry":{"type":"LineString","coordinates":[[-53.6128,-11.7436],[-53.6125,-11.7436]]}},{"type":"Feature","properties":{},"geometry":{"type":"LineString","coordinates":[[-53.6126,-11.744],[-53.6127,-11.7437]]}},{"type":"Feature","properties":{},"geometry":{"type":"LineString","coordinates":[[-53.6132,-11.7428],[-53.6129,-11.7427]]}},{"type":"Feature","properties":{},"geometry":{"type":"LineString","coordinates":[[-53.6128,-11.7419],[-53.6131,-11.7417]]}},{"type":"Feature","properties":{},"geometry":{"type":"LineString","coordinates":[[-53.6133,-11.742],[-53.6133,-11.7418]]}},{"type":"Feature","properties":{},"geometry":{"type":"LineString","coordinates":[[-53.6137,-11.7414],[-53.6133,-11.742]]}},{"type":"Feature","properties":{},"geometry":{"type":"LineString","coordinates":[[-53.6135,-11.7425],[-53.6137,-11.7421]]}},{"type":"Feature","properties":{},"geometry":{"type":"LineString","coordinates":[[-53.6134,-11.7406],[-53.6137,-11.7403]]}},{"type":"Feature","properties":{},"geometry":{"type":"LineString","coordinates":[[-53.6138,-11.7408],[-53.6138,-11.7405]]}},{"type":"Feature","properties":{},"geometry":{"type":"LineString","coordinates":[[-53.6142,-11.7399],[-53.6141,-11.7399]]}},{"type":"Feature","properties":{},"geometry":{"type":"LineString","coordinates":[[-53.6144,-11.7395],[-53.6144,-11.7391]]}},{"type":"Feature","properties":{},"geometry":{"type":"LineString","coordinates":[[-53.6143,-11.7397],[-53.6143,-11.7395]]}},{"type":"Feature","properties":{},"geometry":{"type":"LineString","coordinates":[[-53.6139,-11.7395],[-53.6141,-11.7394]]}},{"type":"Feature","properties":{},"geometry":{"type":"LineString","coordinates":[[-53.6144,-11.7384],[-53.6146,-11.7383]]}},{"type":"Feature","properties":{},"geometry":{"type":"LineString","coordinates":[[-53.6149,-11.7385],[-53.6148,-11.7383]]}},{"type":"Feature","properties":{},"geometry":{"type":"LineString","coordinates":[[-53.0998,-12.5069],[-53.0979,-12.5071]]}},{"type":"Feature","properties":{},"geometry":{"type":"LineString","coordinates":[[-53.098,-12.5071],[-53.0987,-12.5088]]}},{"type":"Feature","properties":{},"geometry":{"type":"LineString","coordinates":[[-53.0977,-12.5067],[-53.0989,-12.5069]]}},{"type":"Feature","properties":{},"geometry":{"type":"LineString","coordinates":[[-53.1007,-12.5065],[-53.101,-12.5063]]}},{"type":"Feature","properties":{},"geometry":{"type":"LineString","coordinates":[[-53.0901,-12.5116],[-53.0922,-12.5106],[-53.0995,-12.5112]]}},{"type":"Feature","properties":{},"geometry":{"type":"LineString","coordinates":[[-53.0963,-12.5035],[-53.0887,-12.4994]]}},{"type":"Feature","properties":{},"geometry":{"type":"LineString","coordinates":[[-53.0895,-12.4928],[-53.0897,-12.4928]]}},{"type":"Feature","properties":{},"geometry":{"type":"LineString","coordinates":[[-53.0928,-12.4949],[-53.0918,-12.4958],[-53.092,-12.4966]]}},{"type":"Feature","properties":{},"geometry":{"type":"LineString","coordinates":[[-53.0919,-12.4963],[-53.0923,-12.4968]]}},{"type":"Feature","properties":{},"geometry":{"type":"LineString","coordinates":[[-53.0928,-12.4949],[-53.0927,-12.4963]]}},{"type":"Feature","properties":{},"geometry":{"type":"LineString","coordinates":[[-53.0921,-12.4956],[-53.0918,-12.496]]}},{"type":"Feature","properties":{},"geometry":{"type":"LineString","coordinates":[[-53.0926,-12.4904],[-53.0929,-12.4921]]}},{"type":"Feature","properties":{},"geometry":{"type":"LineString","coordinates":[[-53.0926,-12.4906],[-53.0928,-12.4918]]}},{"type":"Feature","properties":{},"geometry":{"type":"LineString","coordinates":[[-53.0932,-12.4976],[-53.0942,-12.4992]]}},{"type":"Feature","properties":{},"geometry":{"type":"LineString","coordinates":[[-53.0937,-12.4994],[-53.0936,-12.5004]]}},{"type":"Feature","properties":{},"geometry":{"type":"LineString","coordinates":[[-53.0909,-12.4987],[-53.088,-12.4982],[-53.0864,-12.4972],[-53.0838,-12.4978]]}},{"type":"Feature","properties":{},"geometry":{"type":"LineString","coordinates":[[-53.0838,-12.4978],[-53.0815,-12.5003]]}},{"type":"Feature","properties":{},"geometry":{"type":"LineString","coordinates":[[-53.0929,-12.4977],[-53.0932,-12.4976]]}},{"type":"Feature","properties":{},"geometry":{"type":"LineString","coordinates":[[-53.0929,-12.4977],[-53.0929,-12.498]]}},{"type":"Feature","properties":{},"geometry":{"type":"LineString","coordinates":[[-53.0933,-12.4977],[-53.0941,-12.4972]]}},{"type":"Feature","properties":{},"geometry":{"type":"LineString","coordinates":[[-53.09,-12.4985],[-53.0894,-12.4981]]}},{"type":"Feature","properties":{},"geometry":{"type":"LineString","coordinates":[[-53.0957,-12.5024],[-53.0952,-12.5023]]}},{"type":"Feature","properties":{},"geometry":{"type":"LineString","coordinates":[[-53.095,-12.5021],[-53.0893,-12.5029],[-53.0836,-12.5012]]}},{"type":"Feature","properties":{},"geometry":{"type":"LineString","coordinates":[[-53.0838,-12.5013],[-53.0833,-12.5013]]}},{"type":"Feature","properties":{},"geometry":{"type":"LineString","coordinates":[[-53.0841,-12.5011],[-53.0868,-12.5001]]}},{"type":"Feature","properties":{},"geometry":{"type":"LineString","coordinates":[[-53.6149,-11.7372],[-53.6151,-11.7371]]}},{"type":"Feature","properties":{},"geometry":{"type":"LineString","coordinates":[[-53.6153,-11.7374],[-53.6153,-11.7371]]}},{"type":"Feature","properties":{},"geometry":{"type":"LineString","coordinates":[[-53.6156,-11.7365],[-53.6156,-11.7363]]}},{"type":"Feature","properties":{},"geometry":{"type":"LineString","coordinates":[[-53.6157,-11.7364],[-53.6157,-11.7362]]}},{"type":"Feature","properties":{},"geometry":{"type":"LineString","coordinates":[[-53.6171,-11.7401],[-53.6157,-11.7362]]}},{"type":"Feature","properties":{},"geometry":{"type":"LineString","coordinates":[[-53.6177,-11.7407],[-53.6205,-11.7344],[-53.6219,-11.7332],[-53.6241,-11.7289],[-53.6253,-11.7282]]}},{"type":"Feature","properties":{},"geometry":{"type":"LineString","coordinates":[[-53.6233,-11.7301],[-53.6227,-11.7292]]}},{"type":"Feature","properties":{},"geometry":{"type":"LineString","coordinates":[[-53.6132,-11.7433],[-53.6157,-11.744],[-53.6156,-11.7445]]}},{"type":"Feature","properties":{},"geometry":{"type":"LineString","coordinates":[[-53.6155,-11.744],[-53.6147,-11.7447]]}},{"type":"Feature","properties":{},"geometry":{"type":"LineString","coordinates":[[-53.614,-11.7442],[-53.6153,-11.744]]}},{"type":"Feature","properties":{},"geometry":{"type":"LineString","coordinates":[[-53.6156,-11.7445],[-53.6154,-11.7452]]}},{"type":"Feature","properties":{},"geometry":{"type":"LineString","coordinates":[[-53.6154,-11.7452],[-53.6164,-11.7451]]}},{"type":"Feature","properties":{},"geometry":{"type":"LineString","coordinates":[[-53.6169,-11.7456],[-53.6151,-11.7473]]}},{"type":"Feature","properties":{},"geometry":{"type":"LineString","coordinates":[[-53.6127,-11.7468],[-53.6133,-11.7459]]}},{"type":"Feature","properties":{},"geometry":{"type":"LineString","coordinates":[[-53.6121,-11.7445],[-53.6156,-11.7363]]}},{"type":"Feature","properties":{},"geometry":{"type":"LineString","coordinates":[[-53.6156,-11.7363],[-53.617,-11.7333]]}},{"type":"Feature","properties":{},"geometry":{"type":"LineString","coordinates":[[-53.6169,-11.7499],[-53.6186,-11.7479]]}},{"type":"Feature","properties":{},"geometry":{"type":"LineString","coordinates":[[-53.618,-11.7485],[-53.6169,-11.7487]]}},{"type":"Feature","properties":{},"geometry":{"type":"LineString","coordinates":[[-53.6179,-11.7484],[-53.6179,-11.7482]]}},{"type":"Feature","properties":{},"geometry":{"type":"LineString","coordinates":[[-53.6176,-11.7489],[-53.6173,-11.749]]}},{"type":"Feature","properties":{},"geometry":{"type":"LineString","coordinates":[[-53.617,-11.7496],[-53.6165,-11.7492]]}},{"type":"Feature","properties":{},"geometry":{"type":"LineString","coordinates":[[-53.6168,-11.7495],[-53.6164,-11.7498]]}},{"type":"Feature","properties":{},"geometry":{"type":"LineString","coordinates":[[-53.6179,-11.7491],[-53.6188,-11.7487]]}},{"type":"Feature","properties":{},"geometry":{"type":"LineString","coordinates":[[-53.6239,-11.7501],[-53.6221,-11.7485]]}},{"type":"Feature","properties":{},"geometry":{"type":"LineString","coordinates":[[-53.622,-11.7492],[-53.6224,-11.7485]]}},{"type":"Feature","properties":{},"geometry":{"type":"LineString","coordinates":[[-53.6221,-11.7446],[-53.622,-11.7439],[-53.6213,-11.7444],[-53.6209,-11.7439],[-53.6222,-11.7434],[-53.6227,-11.7409]]}},{"type":"Feature","properties":{},"geometry":{"type":"LineString","coordinates":[[-53.6212,-11.7438],[-53.6208,-11.7429]]}},{"type":"Feature","properties":{},"geometry":{"type":"LineString","coordinates":[[-53.6211,-11.743],[-53.6211,-11.7427]]}},{"type":"Feature","properties":{},"geometry":{"type":"LineString","coordinates":[[-53.6129,-11.7444],[-53.6122,-11.7442]]}},{"type":"Feature","properties":{},"geometry":{"type":"LineString","coordinates":[[-53.6127,-11.7447],[-53.6125,-11.7449]]}},{"type":"Feature","properties":{},"geometry":{"type":"LineString","coordinates":[[-53.0645,-12.5147],[-53.0636,-12.5169],[-53.0634,-12.5196]]}},{"type":"Feature","properties":{},"geometry":{"type":"LineString","coordinates":[[-53.0645,-12.5147],[-53.0677,-12.5116]]}},{"type":"Feature","properties":{},"geometry":{"type":"LineString","coordinates":[[-53.0677,-12.5116],[-53.0714,-12.5089]]}},{"type":"Feature","properties":{},"geometry":{"type":"LineString","coordinates":[[-53.0651,-12.514],[-53.0685,-12.5111]]}},{"type":"Feature","properties":{},"geometry":{"type":"LineString","coordinates":[[-53.0672,-12.512],[-53.069,-12.5108]]}},{"type":"Feature","properties":{},"geometry":{"type":"LineString","coordinates":[[-53.081,-12.5002],[-53.0836,-12.5012]]}},{"type":"Feature","properties":{},"geometry":{"type":"LineString","coordinates":[[-53.081,-12.5002],[-53.0767,-12.4969]]}},{"type":"Feature","properties":{},"geometry":{"type":"LineString","coordinates":[[-53.081,-12.5002],[-53.0771,-12.5014],[-53.0742,-12.5036],[-53.0728,-12.5051],[-53.0725,-12.508]]}},{"type":"Feature","properties":{},"geometry":{"type":"LineString","coordinates":[[-53.0728,-12.5075],[-53.0764,-12.5021]]}},{"type":"Feature","properties":{},"geometry":{"type":"LineString","coordinates":[[-53.0827,-12.5009],[-53.0816,-12.5002]]}},{"type":"Feature","properties":{},"geometry":{"type":"LineString","coordinates":[[-53.0835,-12.5012],[-53.0828,-12.5015]]}},{"type":"Feature","properties":{},"geometry":{"type":"LineString","coordinates":[[-53.0832,-12.501],[-53.0825,-12.5008]]}},{"type":"Feature","properties":{},"geometry":{"type":"LineString","coordinates":[[-53.0825,-12.5016],[-53.081,-12.5021]]}},{"type":"Feature","properties":{},"geometry":{"type":"LineString","coordinates":[[-53.0806,-12.5023],[-53.0792,-12.5027]]}},{"type":"Feature","properties":{},"geometry":{"type":"LineString","coordinates":[[-53.087,-12.5138],[-53.0901,-12.5116]]}},{"type":"Feature","properties":{},"geometry":{"type":"LineString","coordinates":[[-53.091,-12.5109],[-53.0856,-12.5117],[-53.0782,-12.5114],[-53.0713,-12.5127],[-53.0682,-12.5139],[-53.0635,-12.5171],[-53.0628,-12.5191]]}},{"type":"Feature","properties":{},"geometry":{"type":"LineString","coordinates":[[-53.0725,-12.508],[-53.0711,-12.5093]]}},{"type":"Feature","properties":{},"geometry":{"type":"LineString","coordinates":[[-53.0713,-12.5091],[-53.063,-12.5213]]}},{"type":"Feature","properties":{},"geometry":{"type":"LineString","coordinates":[[-53.0645,-12.5147],[-53.0624,-12.5174],[-53.0627,-12.5212]]}},{"type":"Feature","properties":{},"geometry":{"type":"LineString","coordinates":[[-53.0468,-12.5402],[-53.0576,-12.5362],[-53.0587,-12.5344],[-53.0627,-12.5212]]}},{"type":"Feature","properties":{},"geometry":{"type":"LineString","coordinates":[[-53.0767,-12.4969],[-53.0753,-12.4935],[-53.0719,-12.4927],[-53.0685,-12.4906],[-53.068,-12.4897]]}},{"type":"Feature","properties":{},"geometry":{"type":"LineString","coordinates":[[-53.0624,-12.5183],[-53.0627,-12.5209]]}},{"type":"Feature","properties":{},"geometry":{"type":"LineString","coordinates":[[-53.0567,-12.5369],[-53.0609,-12.5357],[-53.064,-12.5385]]}},{"type":"Feature","properties":{},"geometry":{"type":"LineString","coordinates":[[-53.058,-12.5355],[-53.0575,-12.5369],[-53.0567,-12.5369]]}},{"type":"Feature","properties":{},"geometry":{"type":"LineString","coordinates":[[-53.0526,-12.5383],[-53.0515,-12.5393],[-53.0499,-12.5392]]}},{"type":"Feature","properties":{},"geometry":{"type":"LineString","coordinates":[[-53.0493,-12.5393],[-53.0473,-12.5401]]}},{"type":"Feature","properties":{},"geometry":{"type":"LineString","coordinates":[[-53.0468,-12.5402],[-53.0441,-12.5399]]}},{"type":"Feature","properties":{},"geometry":{"type":"LineString","coordinates":[[-53.0474,-12.5398],[-53.047,-12.5401]]}},{"type":"Feature","properties":{},"geometry":{"type":"LineString","coordinates":[[-53.045,-12.5403],[-53.046,-12.5417]]}},{"type":"Feature","properties":{},"geometry":{"type":"LineString","coordinates":[[-53.0445,-12.5403],[-53.0451,-12.5433]]}},{"type":"Feature","properties":{},"geometry":{"type":"LineString","coordinates":[[-53.0473,-12.5401],[-53.0458,-12.5442]]}},{"type":"Feature","properties":{},"geometry":{"type":"LineString","coordinates":[[-53.0465,-12.5423],[-53.0459,-12.5439]]}},{"type":"Feature","properties":{},"geometry":{"type":"LineString","coordinates":[[-53.0458,-12.5442],[-53.0432,-12.547]]}},{"type":"Feature","properties":{},"geometry":{"type":"LineString","coordinates":[[-53.0434,-12.5395],[-53.0399,-12.5393]]}},{"type":"Feature","properties":{},"geometry":{"type":"LineString","coordinates":[[-53.0432,-12.547],[-53.0429,-12.5473]]}},{"type":"Feature","properties":{},"geometry":{"type":"LineString","coordinates":[[-53.0435,-12.5466],[-53.0431,-12.5486]]}},{"type":"Feature","properties":{},"geometry":{"type":"LineString","coordinates":[[-53.0432,-12.5495],[-53.0427,-12.5515]]}},{"type":"Feature","properties":{},"geometry":{"type":"LineString","coordinates":[[-53.0859,-12.5552],[-53.0935,-12.5587],[-53.1003,-12.5564]]}},{"type":"Feature","properties":{},"geometry":{"type":"LineString","coordinates":[[-53.0678,-12.5524],[-53.0781,-12.5527],[-53.0859,-12.5552]]}},{"type":"Feature","properties":{},"geometry":{"type":"LineString","coordinates":[[-53.0678,-12.5524],[-53.0642,-12.5518]]}},{"type":"Feature","properties":{},"geometry":{"type":"LineString","coordinates":[[-53.0686,-12.5529],[-53.0656,-12.5524]]}},{"type":"Feature","properties":{},"geometry":{"type":"LineString","coordinates":[[-53.0663,-12.5523],[-53.0622,-12.552]]}},{"type":"Feature","properties":{},"geometry":{"type":"LineString","coordinates":[[-53.0542,-12.5545],[-53.0622,-12.552]]}},{"type":"Feature","properties":{},"geometry":{"type":"LineString","coordinates":[[-53.0542,-12.5545],[-53.042,-12.5593]]}},{"type":"Feature","properties":{},"geometry":{"type":"LineString","coordinates":[[-53.042,-12.5593],[-53.0357,-12.5618]]}},{"type":"Feature","properties":{},"geometry":{"type":"LineString","coordinates":[[-53.042,-12.5563],[-53.0431,-12.5486]]}},{"type":"Feature","properties":{},"geometry":{"type":"LineString","coordinates":[[-53.042,-12.5563],[-53.0405,-12.5588],[-53.0358,-12.5616]]}},{"type":"Feature","properties":{},"geometry":{"type":"LineString","coordinates":[[-53.0382,-12.5575],[-53.0371,-12.5593]]}},{"type":"Feature","properties":{},"geometry":{"type":"LineString","coordinates":[[-53.0405,-12.5588],[-53.0396,-12.5603],[-53.0341,-12.5628],[-53.0294,-12.567]]}},{"type":"Feature","properties":{},"geometry":{"type":"LineString","coordinates":[[-53.0351,-12.5621],[-53.0347,-12.5624]]}},{"type":"Feature","properties":{},"geometry":{"type":"LineString","coordinates":[[-53.0347,-12.5624],[-53.0329,-12.5633],[-53.0322,-12.5647]]}},{"type":"Feature","properties":{},"geometry":{"type":"LineString","coordinates":[[-53.0328,-12.5635],[-53.0325,-12.5642]]}},{"type":"Feature","properties":{},"geometry":{"type":"LineString","coordinates":[[-53.0325,-12.5642],[-53.0323,-12.5644]]}},{"type":"Feature","properties":{},"geometry":{"type":"LineString","coordinates":[[-53.0302,-12.5662],[-53.0298,-12.5668]]}},{"type":"Feature","properties":{},"geometry":{"type":"LineString","coordinates":[[-53.0297,-12.5668],[-53.0287,-12.568]]}},{"type":"Feature","properties":{},"geometry":{"type":"LineString","coordinates":[[-53.0289,-12.5677],[-53.0282,-12.5707],[-53.0219,-12.5764]]}},{"type":"Feature","properties":{},"geometry":{"type":"LineString","coordinates":[[-53.0202,-12.5779],[-53.0096,-12.5907]]}},{"type":"Feature","properties":{},"geometry":{"type":"LineString","coordinates":[[-53.0015,-12.5604],[-53.0025,-12.5601]]}},{"type":"Feature","properties":{},"geometry":{"type":"LineString","coordinates":[[-53.004,-12.5603],[-53.0043,-12.5596]]}},{"type":"Feature","properties":{},"geometry":{"type":"LineString","coordinates":[[-53.0111,-12.5894],[-53.0109,-12.5899]]}},{"type":"Feature","properties":{},"geometry":{"type":"LineString","coordinates":[[-53.0109,-12.5899],[-53.0096,-12.5907]]}},{"type":"Feature","properties":{},"geometry":{"type":"LineString","coordinates":[[-53.0094,-12.5908],[-53.0078,-12.5929],[-53.0059,-12.5931]]}},{"type":"Feature","properties":{},"geometry":{"type":"LineString","coordinates":[[-53.0164,-12.5822],[-53.0141,-12.5844],[-53.0119,-12.588]]}},{"type":"Feature","properties":{},"geometry":{"type":"LineString","coordinates":[[-53.0142,-12.5843],[-53.0131,-12.5832]]}},{"type":"Feature","properties":{},"geometry":{"type":"LineString","coordinates":[[-53.0166,-12.583],[-53.011,-12.5895]]}},{"type":"Feature","properties":{},"geometry":{"type":"LineString","coordinates":[[-53.0059,-12.5931],[-53.003,-12.5963],[-52.9997,-12.5971]]}},{"type":"Feature","properties":{},"geometry":{"type":"LineString","coordinates":[[-53.2877,-11.0282],[-53.2873,-11.0289]]}},{"type":"Feature","properties":{},"geometry":{"type":"LineString","coordinates":[[-53.0107,-12.5184],[-53.0058,-12.5156]]}},{"type":"Feature","properties":{},"geometry":{"type":"LineString","coordinates":[[-53.0077,-12.5164],[-53.0085,-12.5181]]}},{"type":"Feature","properties":{},"geometry":{"type":"LineString","coordinates":[[-53.0098,-12.5178],[-53.01,-12.5183]]}},{"type":"Feature","properties":{},"geometry":{"type":"LineString","coordinates":[[-53.0089,-12.5173],[-53.0093,-12.5171]]}},{"type":"Feature","properties":{},"geometry":{"type":"LineString","coordinates":[[-53.0041,-12.5146],[-53.0052,-12.5162],[-53.006,-12.5157]]}},{"type":"Feature","properties":{},"geometry":{"type":"LineString","coordinates":[[-53.0038,-12.515],[-53.0044,-12.5152]]}},{"type":"Feature","properties":{},"geometry":{"type":"LineString","coordinates":[[-53.0043,-12.5139],[-53.0058,-12.5156]]}},{"type":"Feature","properties":{},"geometry":{"type":"LineString","coordinates":[[-53.0054,-12.5149],[-53.005,-12.5151]]}},{"type":"Feature","properties":{},"geometry":{"type":"LineString","coordinates":[[-53.0057,-12.5151],[-53.0063,-12.5146]]}},{"type":"Feature","properties":{},"geometry":{"type":"LineString","coordinates":[[-53.0035,-12.516],[-53.0042,-12.5178]]}},{"type":"Feature","properties":{},"geometry":{"type":"LineString","coordinates":[[-53.0039,-12.5167],[-53.0051,-12.5179]]}},{"type":"Feature","properties":{},"geometry":{"type":"LineString","coordinates":[[-53.0039,-12.5167],[-53.004,-12.5175]]}},{"type":"Feature","properties":{},"geometry":{"type":"LineString","coordinates":[[-53.0026,-12.5146],[-53.0031,-12.5162]]}},{"type":"Feature","properties":{},"geometry":{"type":"LineString","coordinates":[[-53.009,-12.5088],[-53.0101,-12.5067]]}},{"type":"Feature","properties":{},"geometry":{"type":"LineString","coordinates":[[-53.0064,-12.5087],[-53.0061,-12.5073],[-53.0054,-12.5079],[-53.0078,-12.5101]]}},{"type":"Feature","properties":{},"geometry":{"type":"LineString","coordinates":[[-53.0068,-12.5114],[-53.0059,-12.5107]]}},{"type":"Feature","properties":{},"geometry":{"type":"LineString","coordinates":[[-53.0026,-12.5108],[-53.0019,-12.5104],[-53.0016,-12.5113],[-53.0029,-12.5115]]}},{"type":"Feature","properties":{},"geometry":{"type":"LineString","coordinates":[[-53.0022,-12.5115],[-53.0026,-12.5119]]}},{"type":"Feature","properties":{},"geometry":{"type":"LineString","coordinates":[[-53.0028,-12.5131],[-53.0012,-12.5119]]}},{"type":"Feature","properties":{},"geometry":{"type":"LineString","coordinates":[[-53.0024,-12.5138],[-53.0011,-12.5118]]}},{"type":"Feature","properties":{},"geometry":{"type":"LineString","coordinates":[[-53.0025,-12.5134],[-53.0022,-12.5131]]}},{"type":"Feature","properties":{},"geometry":{"type":"LineString","coordinates":[[-53.0025,-12.5136],[-53.002,-12.5137]]}},{"type":"Feature","properties":{},"geometry":{"type":"LineString","coordinates":[[-53.0024,-12.5138],[-53.0016,-12.5136]]}},{"type":"Feature","properties":{},"geometry":{"type":"LineString","coordinates":[[-53.0024,-12.5142],[-53.0007,-12.5132],[-52.9992,-12.5094]]}},{"type":"Feature","properties":{},"geometry":{"type":"LineString","coordinates":[[-53.0028,-12.5149],[-53.0001,-12.5146],[-52.9967,-12.5107]]}},{"type":"Feature","properties":{},"geometry":{"type":"LineString","coordinates":[[-53.0029,-12.515],[-53.0021,-12.5157]]}},{"type":"Feature","properties":{},"geometry":{"type":"LineString","coordinates":[[-53.0038,-12.5174],[-53.0001,-12.5133],[-52.9982,-12.5128]]}},{"type":"Feature","properties":{},"geometry":{"type":"LineString","coordinates":[[-53.0007,-12.5132],[-53.0001,-12.5132]]}},{"type":"Feature","properties":{},"geometry":{"type":"LineString","coordinates":[[-53.0001,-12.5133],[-52.9997,-12.5116]]}},{"type":"Feature","properties":{},"geometry":{"type":"LineString","coordinates":[[-53.0042,-12.5135],[-53.0048,-12.5134]]}},{"type":"Feature","properties":{},"geometry":{"type":"LineString","coordinates":[[-53.0041,-12.5134],[-53.0047,-12.5132]]}},{"type":"Feature","properties":{},"geometry":{"type":"LineString","coordinates":[[-53.0043,-12.5139],[-53.0046,-12.5138]]}},{"type":"Feature","properties":{},"geometry":{"type":"LineString","coordinates":[[-53.0041,-12.5159],[-53.0022,-12.5168]]}},{"type":"Feature","properties":{},"geometry":{"type":"LineString","coordinates":[[-53.0099,-12.5073],[-53.0165,-12.5034],[-53.0227,-12.5019]]}},{"type":"Feature","properties":{},"geometry":{"type":"LineString","coordinates":[[-53.0015,-12.5608],[-52.9998,-12.5631],[-52.9996,-12.5646],[-52.9985,-12.5655],[-52.9962,-12.5658],[-52.9959,-12.5672]]}},{"type":"Feature","properties":{},"geometry":{"type":"LineString","coordinates":[[-53.0675,-12.3135],[-53.0666,-12.3106],[-53.064,-12.3088],[-53.0616,-12.3042],[-53.0582,-12.301]]}},{"type":"Feature","properties":{},"geometry":{"type":"LineString","coordinates":[[-53.1901,-12.317],[-53.1901,-12.3162]]}},{"type":"Feature","properties":{},"geometry":{"type":"LineString","coordinates":[[-53.19,-12.3163],[-53.1898,-12.3164]]}},{"type":"Feature","properties":{},"geometry":{"type":"LineString","coordinates":[[-53.3552,-12.4242],[-53.3622,-12.4198],[-53.3649,-12.4193]]}},{"type":"Feature","properties":{},"geometry":{"type":"LineString","coordinates":[[-53.3962,-12.471],[-53.3932,-12.4692],[-53.3931,-12.4684],[-53.3944,-12.467]]}},{"type":"Feature","properties":{},"geometry":{"type":"LineString","coordinates":[[-53.3972,-12.5117],[-53.3979,-12.5028],[-53.3968,-12.4989],[-53.3962,-12.4875],[-53.397,-12.4863],[-53.3984,-12.4863],[-53.3988,-12.4852],[-53.3957,-12.4792],[-53.3966,-12.4772],[-53.3966,-12.4727],[-53.3955,-12.4685],[-53.3934,-12.4636],[-53.3918,-12.462],[-53.3924,-12.4609]]}},{"type":"Feature","properties":{},"geometry":{"type":"LineString","coordinates":[[-53.3966,-12.4728],[-53.396,-12.4725],[-53.3948,-12.4737],[-53.3939,-12.4734]]}},{"type":"Feature","properties":{},"geometry":{"type":"LineString","coordinates":[[-53.3966,-12.4768],[-53.3957,-12.4776],[-53.3957,-12.479]]}},{"type":"Feature","properties":{},"geometry":{"type":"LineString","coordinates":[[-53.3957,-12.4791],[-53.3954,-12.4793]]}},{"type":"Feature","properties":{},"geometry":{"type":"LineString","coordinates":[[-53.3983,-12.4864],[-53.3963,-12.4882]]}},{"type":"Feature","properties":{},"geometry":{"type":"LineString","coordinates":[[-53.3968,-12.4988],[-53.3924,-12.4978]]}},{"type":"Feature","properties":{},"geometry":{"type":"LineString","coordinates":[[-53.4024,-12.5546],[-53.4016,-12.5535],[-53.3986,-12.5449],[-53.3986,-12.5406],[-53.3978,-12.539],[-53.396,-12.5286],[-53.3972,-12.5117]]}},{"type":"Feature","properties":{},"geometry":{"type":"LineString","coordinates":[[-53.3969,-12.5176],[-53.3969,-12.5196]]}},{"type":"Feature","properties":{},"geometry":{"type":"LineString","coordinates":[[-53.3963,-12.5267],[-53.3964,-12.5302]]}},{"type":"Feature","properties":{},"geometry":{"type":"LineString","coordinates":[[-53.3965,-12.5291],[-53.3975,-12.5332]]}},{"type":"Feature","properties":{},"geometry":{"type":"LineString","coordinates":[[-53.3965,-12.5306],[-53.3975,-12.5332],[-53.3976,-12.5368]]}},{"type":"Feature","properties":{},"geometry":{"type":"LineString","coordinates":[[-53.3978,-12.539],[-53.3984,-12.5428]]}},{"type":"Feature","properties":{},"geometry":{"type":"LineString","coordinates":[[-53.3982,-12.5413],[-53.3979,-12.5415]]}},{"type":"Feature","properties":{},"geometry":{"type":"LineString","coordinates":[[-53.4016,-12.5535],[-53.3972,-12.55],[-53.3928,-12.5474]]}},{"type":"Feature","properties":{},"geometry":{"type":"LineString","coordinates":[[-53.4139,-12.5805],[-53.4125,-12.575],[-53.4113,-12.5734],[-53.4103,-12.5701],[-53.4081,-12.5688],[-53.4069,-12.5611],[-53.4047,-12.5588],[-53.4024,-12.5546]]}},{"type":"Feature","properties":{},"geometry":{"type":"LineString","coordinates":[[-53.403,-12.5559],[-53.4031,-12.5576],[-53.4048,-12.5589]]}},{"type":"Feature","properties":{},"geometry":{"type":"LineString","coordinates":[[-53.4038,-12.5586],[-53.4029,-12.5583],[-53.3987,-12.5533]]}},{"type":"Feature","properties":{},"geometry":{"type":"LineString","coordinates":[[-53.4038,-12.5586],[-53.4017,-12.5591],[-53.3995,-12.5575],[-53.3984,-12.5541]]}},{"type":"Feature","properties":{},"geometry":{"type":"LineString","coordinates":[[-53.4215,-12.5957],[-53.4204,-12.5911],[-53.4139,-12.5805]]}},{"type":"Feature","properties":{},"geometry":{"type":"LineString","coordinates":[[-53.4118,-12.5993],[-53.4129,-12.5968],[-53.412,-12.5937],[-53.409,-12.5904]]}},{"type":"Feature","properties":{},"geometry":{"type":"LineString","coordinates":[[-53.4375,-12.5733],[-53.4223,-12.5944],[-53.4215,-12.5957],[-53.4217,-12.5975]]}},{"type":"Feature","properties":{},"geometry":{"type":"LineString","coordinates":[[-53.4409,-12.5546],[-53.4418,-12.5649],[-53.4395,-12.5704],[-53.4375,-12.5733]]}},{"type":"Feature","properties":{},"geometry":{"type":"LineString","coordinates":[[-53.4106,-12.5964],[-53.4104,-12.5945]]}},{"type":"Feature","properties":{},"geometry":{"type":"LineString","coordinates":[[-53.4133,-12.6005],[-53.4117,-12.5992],[-53.4111,-12.5967],[-53.4069,-12.595]]}},{"type":"Feature","properties":{},"geometry":{"type":"LineString","coordinates":[[-53.4098,-12.5961],[-53.4081,-12.5968]]}},{"type":"Feature","properties":{},"geometry":{"type":"LineString","coordinates":[[-53.4144,-12.6005],[-53.4108,-12.5978]]}},{"type":"Feature","properties":{},"geometry":{"type":"LineString","coordinates":[[-53.4117,-12.5992],[-53.411,-12.5979]]}},{"type":"Feature","properties":{},"geometry":{"type":"LineString","coordinates":[[-53.4113,-12.5985],[-53.4109,-12.5982]]}},{"type":"Feature","properties":{},"geometry":{"type":"LineString","coordinates":[[-53.4153,-12.6005],[-53.4139,-12.6]]}},{"type":"Feature","properties":{},"geometry":{"type":"LineString","coordinates":[[-53.4272,-12.5978],[-53.4259,-12.5996]]}},{"type":"Feature","properties":{},"geometry":{"type":"LineString","coordinates":[[-53.4298,-12.5985],[-53.4291,-12.5986]]}},{"type":"Feature","properties":{},"geometry":{"type":"LineString","coordinates":[[-53.4201,-12.6035],[-53.4217,-12.5975]]}},{"type":"Feature","properties":{},"geometry":{"type":"LineString","coordinates":[[-53.4146,-12.6002],[-53.4146,-12.5995]]}},{"type":"Feature","properties":{},"geometry":{"type":"LineString","coordinates":[[-53.9922,-12.1286],[-53.99,-12.1293],[-53.9865,-12.128],[-53.9825,-12.1293],[-53.9777,-12.1296],[-53.9759,-12.1285]]}},{"type":"Feature","properties":{},"geometry":{"type":"LineString","coordinates":[[-53.3485,-11.371],[-53.3502,-11.372],[-53.3514,-11.3736]]}},{"type":"Feature","properties":{},"geometry":{"type":"LineString","coordinates":[[-53.9673,-12.2103],[-53.9681,-12.2134]]}},{"type":"Feature","properties":{},"geometry":{"type":"LineString","coordinates":[[-53.9682,-12.2099],[-53.97,-12.2107]]}},{"type":"Feature","properties":{},"geometry":{"type":"LineString","coordinates":[[-53.9682,-12.2096],[-53.9698,-12.2091]]}},{"type":"Feature","properties":{},"geometry":{"type":"LineString","coordinates":[[-53.9682,-12.2095],[-53.9695,-12.2084]]}},{"type":"Feature","properties":{},"geometry":{"type":"LineString","coordinates":[[-53.9683,-12.2095],[-53.9694,-12.2092]]}},{"type":"Feature","properties":{},"geometry":{"type":"LineString","coordinates":[[-53.9682,-12.2041],[-53.9649,-12.2041],[-53.9675,-12.2093]]}},{"type":"Feature","properties":{},"geometry":{"type":"LineString","coordinates":[[-53.9675,-12.2093],[-53.9673,-12.2102]]}},{"type":"Feature","properties":{},"geometry":{"type":"LineString","coordinates":[[-53.9675,-12.2093],[-53.9676,-12.2092]]}},{"type":"Feature","properties":{},"geometry":{"type":"LineString","coordinates":[[-53.9669,-12.2094],[-53.9649,-12.2095]]}},{"type":"Feature","properties":{},"geometry":{"type":"LineString","coordinates":[[-53.9668,-12.2102],[-53.9657,-12.2105]]}},{"type":"Feature","properties":{},"geometry":{"type":"LineString","coordinates":[[-53.9684,-12.2012],[-53.9656,-12.2024],[-53.9603,-12.1987]]}},{"type":"Feature","properties":{},"geometry":{"type":"LineString","coordinates":[[-53.967,-12.2105],[-53.9669,-12.2113]]}},{"type":"Feature","properties":{},"geometry":{"type":"LineString","coordinates":[[-53.9677,-12.2102],[-53.9684,-12.2107]]}},{"type":"Feature","properties":{},"geometry":{"type":"LineString","coordinates":[[-53.9943,-12.1314],[-53.9825,-12.1382]]}},{"type":"Feature","properties":{},"geometry":{"type":"LineString","coordinates":[[-53.5804,-12.2654],[-53.5813,-12.2635],[-53.5802,-12.2613],[-53.5812,-12.2595]]}},{"type":"Feature","properties":{},"geometry":{"type":"LineString","coordinates":[[-53.5806,-12.2622],[-53.5778,-12.2635]]}},{"type":"Feature","properties":{},"geometry":{"type":"LineString","coordinates":[[-53.5836,-12.2653],[-53.5848,-12.2662],[-53.5864,-12.2663],[-53.5869,-12.2653],[-53.5861,-12.2613],[-53.5868,-12.2602]]}},{"type":"Feature","properties":{},"geometry":{"type":"LineString","coordinates":[[-53.5837,-12.2642],[-53.5851,-12.2656]]}},{"type":"Feature","properties":{},"geometry":{"type":"LineString","coordinates":[[-53.5836,-12.264],[-53.5825,-12.2645]]}},{"type":"Feature","properties":{},"geometry":{"type":"LineString","coordinates":[[-53.5839,-12.2566],[-53.5827,-12.2554]]}},{"type":"Feature","properties":{},"geometry":{"type":"LineString","coordinates":[[-53.5883,-12.2654],[-53.5899,-12.2664]]}},{"type":"Feature","properties":{},"geometry":{"type":"LineString","coordinates":[[-53.5915,-12.2668],[-53.5905,-12.2669]]}},{"type":"Feature","properties":{},"geometry":{"type":"LineString","coordinates":[[-53.5917,-12.2675],[-53.5907,-12.2675]]}},{"type":"Feature","properties":{},"geometry":{"type":"LineString","coordinates":[[-53.5784,-12.2529],[-53.5761,-12.256],[-53.5756,-12.2582],[-53.574,-12.2592],[-53.572,-12.2591]]}},{"type":"Feature","properties":{},"geometry":{"type":"LineString","coordinates":[[-53.576,-12.2567],[-53.5733,-12.2573],[-53.573,-12.2585],[-53.5735,-12.2591]]}},{"type":"Feature","properties":{},"geometry":{"type":"LineString","coordinates":[[-53.5767,-12.2556],[-53.5777,-12.2559]]}},{"type":"Feature","properties":{},"geometry":{"type":"LineString","coordinates":[[-53.5736,-12.2543],[-53.5732,-12.2547]]}},{"type":"Feature","properties":{},"geometry":{"type":"LineString","coordinates":[[-53.5707,-12.2574],[-53.5713,-12.2562],[-53.5732,-12.2547]]}},{"type":"Feature","properties":{},"geometry":{"type":"LineString","coordinates":[[-53.5729,-12.2549],[-53.5733,-12.2559],[-53.5738,-12.2556]]}},{"type":"Feature","properties":{},"geometry":{"type":"LineString","coordinates":[[-53.5733,-12.2559],[-53.5727,-12.2564]]}},{"type":"Feature","properties":{},"geometry":{"type":"LineString","coordinates":[[-53.574,-12.2571],[-53.5738,-12.2564]]}},{"type":"Feature","properties":{},"geometry":{"type":"LineString","coordinates":[[-53.5749,-12.2535],[-53.576,-12.2535]]}},{"type":"Feature","properties":{},"geometry":{"type":"LineString","coordinates":[[-53.574,-12.2539],[-53.5732,-12.2536]]}},{"type":"Feature","properties":{},"geometry":{"type":"LineString","coordinates":[[-53.5748,-12.2535],[-53.5731,-12.2524]]}},{"type":"Feature","properties":{},"geometry":{"type":"LineString","coordinates":[[-53.5717,-12.2543],[-53.571,-12.2556]]}},{"type":"Feature","properties":{},"geometry":{"type":"LineString","coordinates":[[-53.5714,-12.2532],[-53.5713,-12.2522]]}},{"type":"Feature","properties":{},"geometry":{"type":"LineString","coordinates":[[-53.5747,-12.2503],[-53.5725,-12.2518],[-53.5687,-12.2532]]}},{"type":"Feature","properties":{},"geometry":{"type":"LineString","coordinates":[[-53.5702,-12.2527],[-53.5696,-12.2525]]}},{"type":"Feature","properties":{},"geometry":{"type":"LineString","coordinates":[[-53.573,-12.2513],[-53.5727,-12.2511]]}},{"type":"Feature","properties":{},"geometry":{"type":"LineString","coordinates":[[-53.5692,-12.2498],[-53.5696,-12.2525]]}},{"type":"Feature","properties":{},"geometry":{"type":"LineString","coordinates":[[-53.5772,-12.2529],[-53.5783,-12.2529]]}},{"type":"Feature","properties":{},"geometry":{"type":"LineString","coordinates":[[-53.5841,-12.249],[-53.5872,-12.2478]]}},{"type":"Feature","properties":{},"geometry":{"type":"LineString","coordinates":[[-53.5854,-12.2482],[-53.5852,-12.2499]]}},{"type":"Feature","properties":{},"geometry":{"type":"LineString","coordinates":[[-53.4332,-12.1508],[-53.4335,-12.151]]}},{"type":"Feature","properties":{},"geometry":{"type":"LineString","coordinates":[[-53.4314,-12.1543],[-53.4308,-12.1544]]}},{"type":"Feature","properties":{},"geometry":{"type":"LineString","coordinates":[[-53.4286,-12.1532],[-53.4273,-12.154]]}},{"type":"Feature","properties":{},"geometry":{"type":"LineString","coordinates":[[-53.4289,-12.153],[-53.4286,-12.1532]]}},{"type":"Feature","properties":{},"geometry":{"type":"LineString","coordinates":[[-53.4256,-12.1533],[-53.4251,-12.154]]}},{"type":"Feature","properties":{},"geometry":{"type":"LineString","coordinates":[[-53.4271,-12.1531],[-53.4266,-12.1527]]}},{"type":"Feature","properties":{},"geometry":{"type":"LineString","coordinates":[[-53.4268,-12.1532],[-53.4265,-12.1529]]}},{"type":"Feature","properties":{},"geometry":{"type":"LineString","coordinates":[[-53.436,-12.1588],[-53.4348,-12.1586],[-53.435,-12.1561]]}},{"type":"Feature","properties":{},"geometry":{"type":"LineString","coordinates":[[-53.292,-11.2593],[-53.2911,-11.2595]]}},{"type":"Feature","properties":{},"geometry":{"type":"LineString","coordinates":[[-53.2913,-11.2592],[-53.2913,-11.2594]]}},{"type":"Feature","properties":{},"geometry":{"type":"LineString","coordinates":[[-53.2915,-11.2593],[-53.2905,-11.2606]]}},{"type":"Feature","properties":{},"geometry":{"type":"LineString","coordinates":[[-53.2569,-11.0943],[-53.2567,-11.0939]]}},{"type":"Feature","properties":{},"geometry":{"type":"LineString","coordinates":[[-53.2007,-10.8569],[-53.2037,-10.8522]]}},{"type":"Feature","properties":{},"geometry":{"type":"LineString","coordinates":[[-53.422,-11.045],[-53.4222,-11.0411],[-53.4212,-11.0392]]}},{"type":"Feature","properties":{},"geometry":{"type":"LineString","coordinates":[[-53.4622,-11.0511],[-53.4622,-11.0493]]}},{"type":"Feature","properties":{},"geometry":{"type":"LineString","coordinates":[[-53.9453,-12.0864],[-53.9475,-12.0838],[-53.957,-12.0856],[-53.9585,-12.0854]]}},{"type":"Feature","properties":{},"geometry":{"type":"LineString","coordinates":[[-53.9463,-12.085],[-53.9457,-12.0855]]}},{"type":"Feature","properties":{},"geometry":{"type":"LineString","coordinates":[[-53.9472,-12.0845],[-53.948,-12.0849]]}},{"type":"Feature","properties":{},"geometry":{"type":"LineString","coordinates":[[-53.9466,-12.0842],[-53.9465,-12.0847]]}},{"type":"Feature","properties":{},"geometry":{"type":"LineString","coordinates":[[-53.9466,-12.0845],[-53.9465,-12.0847]]}},{"type":"Feature","properties":{},"geometry":{"type":"LineString","coordinates":[[-53.9465,-12.0844],[-53.9462,-12.0843]]}},{"type":"Feature","properties":{},"geometry":{"type":"LineString","coordinates":[[-53.9475,-12.0838],[-53.9494,-12.0818],[-53.9496,-12.0807],[-53.9501,-12.0809]]}},{"type":"Feature","properties":{},"geometry":{"type":"LineString","coordinates":[[-53.9494,-12.0818],[-53.9519,-12.0808]]}},{"type":"Feature","properties":{},"geometry":{"type":"LineString","coordinates":[[-53.9472,-12.0843],[-53.9484,-12.0844]]}},{"type":"Feature","properties":{},"geometry":{"type":"LineString","coordinates":[[-53.9471,-12.0847],[-53.9481,-12.0856]]}},{"type":"Feature","properties":{},"geometry":{"type":"LineString","coordinates":[[-53.8569,-12.0674],[-53.8582,-12.0671],[-53.877,-12.0551]]}},{"type":"Feature","properties":{},"geometry":{"type":"LineString","coordinates":[[-53.8576,-12.0674],[-53.8576,-12.0678]]}},{"type":"Feature","properties":{},"geometry":{"type":"LineString","coordinates":[[-53.8566,-12.0678],[-53.8549,-12.0682]]}},{"type":"Feature","properties":{},"geometry":{"type":"LineString","coordinates":[[-53.8555,-12.0681],[-53.8565,-12.0679]]}},{"type":"Feature","properties":{},"geometry":{"type":"LineString","coordinates":[[-53.8559,-12.0681],[-53.8565,-12.068]]}},{"type":"Feature","properties":{},"geometry":{"type":"LineString","coordinates":[[-53.8567,-12.0688],[-53.857,-12.069]]}},{"type":"Feature","properties":{},"geometry":{"type":"LineString","coordinates":[[-53.8567,-12.0689],[-53.8566,-12.0692]]}},{"type":"Feature","properties":{},"geometry":{"type":"LineString","coordinates":[[-53.8568,-12.0682],[-53.8567,-12.0686]]}},{"type":"Feature","properties":{},"geometry":{"type":"LineString","coordinates":[[-53.8567,-12.0684],[-53.8568,-12.0685]]}},{"type":"Feature","properties":{},"geometry":{"type":"LineString","coordinates":[[-53.8597,-12.071],[-53.8571,-12.0682]]}},{"type":"Feature","properties":{},"geometry":{"type":"LineString","coordinates":[[-53.8572,-12.0682],[-53.8575,-12.0686]]}},{"type":"Feature","properties":{},"geometry":{"type":"LineString","coordinates":[[-53.8573,-12.0686],[-53.8577,-12.0697]]}},{"type":"Feature","properties":{},"geometry":{"type":"LineString","coordinates":[[-53.8578,-12.0673],[-53.8574,-12.0683]]}},{"type":"Feature","properties":{},"geometry":{"type":"LineString","coordinates":[[-53.8577,-12.0677],[-53.8581,-12.0679]]}},{"type":"Feature","properties":{},"geometry":{"type":"LineString","coordinates":[[-53.8578,-12.0677],[-53.8581,-12.0676]]}},{"type":"Feature","properties":{},"geometry":{"type":"LineString","coordinates":[[-53.8578,-12.0673],[-53.8568,-12.0671]]}},{"type":"Feature","properties":{},"geometry":{"type":"LineString","coordinates":[[-53.8564,-12.0674],[-53.8559,-12.067]]}},{"type":"Feature","properties":{},"geometry":{"type":"LineString","coordinates":[[-53.8564,-12.0676],[-53.8559,-12.0674]]}},{"type":"Feature","properties":{},"geometry":{"type":"LineString","coordinates":[[-53.8564,-12.0679],[-53.8556,-12.0681]]}},{"type":"Feature","properties":{},"geometry":{"type":"LineString","coordinates":[[-53.8462,-12.0605],[-53.845,-12.0584],[-53.8422,-12.0578]]}},{"type":"Feature","properties":{},"geometry":{"type":"LineString","coordinates":[[-53.8426,-12.058],[-53.8421,-12.0608],[-53.8425,-12.0627]]}},{"type":"Feature","properties":{},"geometry":{"type":"LineString","coordinates":[[-53.8421,-12.0612],[-53.8431,-12.0622]]}},{"type":"Feature","properties":{},"geometry":{"type":"LineString","coordinates":[[-53.8444,-12.0629],[-53.8409,-12.0623]]}},{"type":"Feature","properties":{},"geometry":{"type":"LineString","coordinates":[[-53.8421,-12.061],[-53.8431,-12.0615],[-53.8429,-12.062]]}},{"type":"Feature","properties":{},"geometry":{"type":"LineString","coordinates":[[-53.8431,-12.0615],[-53.8434,-12.0594]]}},{"type":"Feature","properties":{},"geometry":{"type":"LineString","coordinates":[[-53.8451,-12.059],[-53.8431,-12.0615]]}},{"type":"Feature","properties":{},"geometry":{"type":"LineString","coordinates":[[-53.8431,-12.0615],[-53.843,-12.0617]]}},{"type":"Feature","properties":{},"geometry":{"type":"LineString","coordinates":[[-53.843,-12.0617],[-53.8427,-12.0619]]}},{"type":"Feature","properties":{},"geometry":{"type":"LineString","coordinates":[[-53.8453,-12.0597],[-53.8448,-12.0598]]}},{"type":"Feature","properties":{},"geometry":{"type":"LineString","coordinates":[[-53.8452,-12.0598],[-53.8449,-12.0604]]}},{"type":"Feature","properties":{},"geometry":{"type":"LineString","coordinates":[[-53.5531,-11.931],[-53.5543,-11.9245]]}},{"type":"Feature","properties":{},"geometry":{"type":"LineString","coordinates":[[-53.5532,-11.9333],[-53.5516,-11.9322]]}},{"type":"Feature","properties":{},"geometry":{"type":"LineString","coordinates":[[-53.5517,-11.9326],[-53.5527,-11.9334]]}},{"type":"Feature","properties":{},"geometry":{"type":"LineString","coordinates":[[-53.5528,-11.9338],[-53.5515,-11.9347]]}},{"type":"Feature","properties":{},"geometry":{"type":"LineString","coordinates":[[-53.5517,-11.9341],[-53.5527,-11.9351]]}},{"type":"Feature","properties":{},"geometry":{"type":"LineString","coordinates":[[-53.5528,-11.9348],[-53.5536,-11.935]]}},{"type":"Feature","properties":{},"geometry":{"type":"LineString","coordinates":[[-53.5535,-11.9336],[-53.5536,-11.9357],[-53.5544,-11.9359],[-53.5546,-11.9354],[-53.5536,-11.9353]]}},{"type":"Feature","properties":{},"geometry":{"type":"LineString","coordinates":[[-53.5542,-11.9331],[-53.5588,-11.9329]]}},{"type":"Feature","properties":{},"geometry":{"type":"LineString","coordinates":[[-53.559,-11.9311],[-53.5561,-11.9329]]}},{"type":"Feature","properties":{},"geometry":{"type":"LineString","coordinates":[[-53.5558,-11.933],[-53.557,-11.9347]]}},{"type":"Feature","properties":{},"geometry":{"type":"LineString","coordinates":[[-53.557,-11.9347],[-53.5574,-11.9351]]}},{"type":"Feature","properties":{},"geometry":{"type":"LineString","coordinates":[[-53.5558,-11.933],[-53.5563,-11.9272]]}},{"type":"Feature","properties":{},"geometry":{"type":"LineString","coordinates":[[-53.556,-11.9299],[-53.5533,-11.9307]]}},{"type":"Feature","properties":{},"geometry":{"type":"LineString","coordinates":[[-53.5538,-11.9326],[-53.5541,-11.9319]]}},{"type":"Feature","properties":{},"geometry":{"type":"LineString","coordinates":[[-53.5536,-11.9321],[-53.5542,-11.9306]]}},{"type":"Feature","properties":{},"geometry":{"type":"LineString","coordinates":[[-53.5537,-11.9315],[-53.5536,-11.9313]]}},{"type":"Feature","properties":{},"geometry":{"type":"LineString","coordinates":[[-53.5538,-11.9314],[-53.5539,-11.9311]]}},{"type":"Feature","properties":{},"geometry":{"type":"LineString","coordinates":[[-53.5515,-11.9325],[-53.5506,-11.9331]]}},{"type":"Feature","properties":{},"geometry":{"type":"LineString","coordinates":[[-53.4007,-12.0079],[-53.4007,-12.0081]]}},{"type":"Feature","properties":{},"geometry":{"type":"LineString","coordinates":[[-53.3998,-12.0076],[-53.4,-12.008]]}},{"type":"Feature","properties":{},"geometry":{"type":"LineString","coordinates":[[-53.399,-12.0076],[-53.3981,-12.0084],[-53.3965,-12.0082]]}},{"type":"Feature","properties":{},"geometry":{"type":"LineString","coordinates":[[-53.3989,-12.008],[-53.3989,-12.0085]]}},{"type":"Feature","properties":{},"geometry":{"type":"LineString","coordinates":[[-53.3987,-12.0069],[-53.3985,-12.0062]]}},{"type":"Feature","properties":{},"geometry":{"type":"LineString","coordinates":[[-53.3983,-12.0068],[-53.398,-12.0066]]}},{"type":"Feature","properties":{},"geometry":{"type":"LineString","coordinates":[[-53.4047,-12.0004],[-53.404,-12.0005],[-53.3973,-12.0063],[-53.3953,-12.0087]]}},{"type":"Feature","properties":{},"geometry":{"type":"LineString","coordinates":[[-53.3953,-12.0087],[-53.3945,-12.0093]]}},{"type":"Feature","properties":{},"geometry":{"type":"LineString","coordinates":[[-53.3953,-12.0087],[-53.3955,-12.0091],[-53.3968,-12.0078],[-53.3985,-12.0072]]}},{"type":"Feature","properties":{},"geometry":{"type":"LineString","coordinates":[[-53.4056,-11.9996],[-53.3997,-12.005],[-53.3995,-12.0067]]}},{"type":"Feature","properties":{},"geometry":{"type":"LineString","coordinates":[[-53.3999,-12.0062],[-53.4022,-12.0049],[-53.4028,-12.0023]]}},{"type":"Feature","properties":{},"geometry":{"type":"LineString","coordinates":[[-53.4055,-12.0079],[-53.4032,-12.0069],[-53.4022,-12.0049]]}},{"type":"Feature","properties":{},"geometry":{"type":"LineString","coordinates":[[-53.4027,-12.0057],[-53.403,-12.006]]}},{"type":"Feature","properties":{},"geometry":{"type":"LineString","coordinates":[[-53.4007,-12.0092],[-53.4007,-12.0093]]}},{"type":"Feature","properties":{},"geometry":{"type":"LineString","coordinates":[[-53.3997,-12.0071],[-53.4002,-12.0072]]}},{"type":"Feature","properties":{},"geometry":{"type":"LineString","coordinates":[[-53.4325,-12.0835],[-53.432,-12.0827],[-53.4319,-12.0791],[-53.43,-12.0775],[-53.4265,-12.0697],[-53.4176,-12.0621],[-53.415,-12.0608],[-53.4073,-12.0625],[-53.4032,-12.0617],[-53.3995,-12.0601],[-53.3972,-12.0601]]}},{"type":"Feature","properties":{},"geometry":{"type":"LineString","coordinates":[[-53.4266,-12.0699],[-53.4243,-12.0629]]}},{"type":"Feature","properties":{},"geometry":{"type":"LineString","coordinates":[[-53.4241,-12.058],[-53.4243,-12.0629]]}},{"type":"Feature","properties":{},"geometry":{"type":"LineString","coordinates":[[-53.4241,-12.058],[-53.4236,-12.0496]]}},{"type":"Feature","properties":{},"geometry":{"type":"LineString","coordinates":[[-53.4236,-12.0496],[-53.4239,-12.0452],[-53.4227,-12.0401],[-53.4232,-12.0326],[-53.4245,-12.0314]]}},{"type":"Feature","properties":{},"geometry":{"type":"LineString","coordinates":[[-53.4232,-12.0329],[-53.4235,-12.0321]]}},{"type":"Feature","properties":{},"geometry":{"type":"LineString","coordinates":[[-53.4245,-12.0314],[-53.4333,-12.0249],[-53.4358,-12.0238],[-53.4384,-12.021]]}},{"type":"Feature","properties":{},"geometry":{"type":"LineString","coordinates":[[-53.4645,-12.0091],[-53.4618,-12.0109],[-53.46,-12.0102],[-53.4577,-12.0107],[-53.4576,-12.0126],[-53.4547,-12.015],[-53.4486,-12.0162],[-53.4418,-12.0157],[-53.4395,-12.0204],[-53.4384,-12.021]]}},{"type":"Feature","properties":{},"geometry":{"type":"LineString","coordinates":[[-53.4421,-12.0156],[-53.4427,-12.0157]]}},{"type":"Feature","properties":{},"geometry":{"type":"LineString","coordinates":[[-53.4451,-12.0157],[-53.446,-12.0157]]}},{"type":"Feature","properties":{},"geometry":{"type":"LineString","coordinates":[[-53.4466,-12.0158],[-53.4471,-12.0159]]}},{"type":"Feature","properties":{},"geometry":{"type":"LineString","coordinates":[[-53.4476,-12.0159],[-53.4478,-12.016]]}},{"type":"Feature","properties":{},"geometry":{"type":"LineString","coordinates":[[-53.4529,-12.0152],[-53.4533,-12.0152]]}},{"type":"Feature","properties":{},"geometry":{"type":"LineString","coordinates":[[-53.4606,-12.0103],[-53.4612,-12.0107]]}},{"type":"Feature","properties":{},"geometry":{"type":"LineString","coordinates":[[-53.4622,-12.0106],[-53.4636,-12.0095]]}},{"type":"Feature","properties":{},"geometry":{"type":"LineString","coordinates":[[-53.4645,-12.0091],[-53.4656,-12.009],[-53.4681,-12.0105],[-53.4704,-12.0101]]}},{"type":"Feature","properties":{},"geometry":{"type":"LineString","coordinates":[[-53.4661,-12.0093],[-53.4684,-12.0084],[-53.4719,-12.0029],[-53.4755,-12.0003]]}},{"type":"Feature","properties":{},"geometry":{"type":"LineString","coordinates":[[-53.476,-12.0001],[-53.4755,-12.0003]]}},{"type":"Feature","properties":{},"geometry":{"type":"LineString","coordinates":[[-53.476,-12.0001],[-53.48,-11.9963]]}},{"type":"Feature","properties":{},"geometry":{"type":"LineString","coordinates":[[-53.4786,-11.998],[-53.4787,-11.9977]]}},{"type":"Feature","properties":{},"geometry":{"type":"LineString","coordinates":[[-53.4814,-11.9949],[-53.48,-11.9963]]}},{"type":"Feature","properties":{},"geometry":{"type":"LineString","coordinates":[[-53.4984,-11.9873],[-53.4971,-11.9897],[-53.491,-11.9914],[-53.4884,-11.9949],[-53.4857,-11.9957],[-53.4827,-11.9944],[-53.4814,-11.9949]]}},{"type":"Feature","properties":{},"geometry":{"type":"LineString","coordinates":[[-53.4896,-11.9931],[-53.4908,-11.9916]]}},{"type":"Feature","properties":{},"geometry":{"type":"LineString","coordinates":[[-53.4973,-11.9896],[-53.4976,-11.9904]]}},{"type":"Feature","properties":{},"geometry":{"type":"LineString","coordinates":[[-53.4972,-11.9897],[-53.4974,-11.9901]]}},{"type":"Feature","properties":{},"geometry":{"type":"LineString","coordinates":[[-53.4972,-11.99],[-53.4968,-11.9898]]}},{"type":"Feature","properties":{},"geometry":{"type":"LineString","coordinates":[[-53.4966,-11.99],[-53.4972,-11.9897]]}},{"type":"Feature","properties":{},"geometry":{"type":"LineString","coordinates":[[-53.4978,-11.9885],[-53.4984,-11.9873]]}},{"type":"Feature","properties":{},"geometry":{"type":"LineString","coordinates":[[-53.4984,-11.9873],[-53.5038,-11.977]]}},{"type":"Feature","properties":{},"geometry":{"type":"LineString","coordinates":[[-53.5033,-11.9766],[-53.5026,-11.979]]}},{"type":"Feature","properties":{},"geometry":{"type":"LineString","coordinates":[[-53.5033,-11.9778],[-53.5027,-11.9789]]}},{"type":"Feature","properties":{},"geometry":{"type":"LineString","coordinates":[[-53.5028,-11.9786],[-53.5027,-11.9787]]}},{"type":"Feature","properties":{},"geometry":{"type":"LineString","coordinates":[[-53.5028,-11.9787],[-53.5027,-11.9788]]}},{"type":"Feature","properties":{},"geometry":{"type":"LineString","coordinates":[[-53.5027,-11.9788],[-53.5027,-11.9788]]}},{"type":"Feature","properties":{},"geometry":{"type":"LineString","coordinates":[[-53.5027,-11.9788],[-53.5024,-11.9791]]}},{"type":"Feature","properties":{},"geometry":{"type":"LineString","coordinates":[[-53.5027,-11.9788],[-53.5023,-11.9789]]}},{"type":"Feature","properties":{},"geometry":{"type":"LineString","coordinates":[[-53.5027,-11.9785],[-53.5025,-11.9791]]}},{"type":"Feature","properties":{},"geometry":{"type":"LineString","coordinates":[[-53.5026,-11.979],[-53.5022,-11.9788]]}},{"type":"Feature","properties":{},"geometry":{"type":"LineString","coordinates":[[-53.5025,-11.9789],[-53.5023,-11.9789]]}},{"type":"Feature","properties":{},"geometry":{"type":"LineString","coordinates":[[-53.5026,-11.9791],[-53.5022,-11.979]]}},{"type":"Feature","properties":{},"geometry":{"type":"LineString","coordinates":[[-53.5023,-11.9788],[-53.5024,-11.9793]]}},{"type":"Feature","properties":{},"geometry":{"type":"LineString","coordinates":[[-53.5012,-11.9797],[-53.5026,-11.9791]]}},{"type":"Feature","properties":{},"geometry":{"type":"LineString","coordinates":[[-53.5022,-11.9788],[-53.5015,-11.9799]]}},{"type":"Feature","properties":{},"geometry":{"type":"LineString","coordinates":[[-53.5024,-11.9794],[-53.502,-11.9788]]}},{"type":"Feature","properties":{},"geometry":{"type":"LineString","coordinates":[[-53.5024,-11.9794],[-53.5021,-11.9793]]}},{"type":"Feature","properties":{},"geometry":{"type":"LineString","coordinates":[[-53.5024,-11.9794],[-53.5017,-11.9807]]}},{"type":"Feature","properties":{},"geometry":{"type":"LineString","coordinates":[[-53.5023,-11.9796],[-53.5019,-11.9793]]}},{"type":"Feature","properties":{},"geometry":{"type":"LineString","coordinates":[[-53.5024,-11.9795],[-53.5017,-11.9796]]}},{"type":"Feature","properties":{},"geometry":{"type":"LineString","coordinates":[[-53.5023,-11.9797],[-53.5017,-11.9794]]}},{"type":"Feature","properties":{},"geometry":{"type":"LineString","coordinates":[[-53.5022,-11.9797],[-53.5019,-11.9796]]}},{"type":"Feature","properties":{},"geometry":{"type":"LineString","coordinates":[[-53.502,-11.98],[-53.5015,-11.9799]]}},{"type":"Feature","properties":{},"geometry":{"type":"LineString","coordinates":[[-53.502,-11.9801],[-53.5019,-11.98]]}},{"type":"Feature","properties":{},"geometry":{"type":"LineString","coordinates":[[-53.5021,-11.98],[-53.5018,-11.9794]]}},{"type":"Feature","properties":{},"geometry":{"type":"LineString","coordinates":[[-53.5018,-11.9798],[-53.5015,-11.9795]]}},{"type":"Feature","properties":{},"geometry":{"type":"LineString","coordinates":[[-53.5022,-11.9798],[-53.5017,-11.9799]]}},{"type":"Feature","properties":{},"geometry":{"type":"LineString","coordinates":[[-53.502,-11.9802],[-53.5015,-11.9796]]}},{"type":"Feature","properties":{},"geometry":{"type":"LineString","coordinates":[[-53.5019,-11.98],[-53.5018,-11.9799]]}},{"type":"Feature","properties":{},"geometry":{"type":"LineString","coordinates":[[-53.5016,-11.9799],[-53.5019,-11.9804]]}},{"type":"Feature","properties":{},"geometry":{"type":"LineString","coordinates":[[-53.502,-11.9802],[-53.5018,-11.9801]]}},{"type":"Feature","properties":{},"geometry":{"type":"LineString","coordinates":[[-53.502,-11.9801],[-53.5017,-11.9801]]}},{"type":"Feature","properties":{},"geometry":{"type":"LineString","coordinates":[[-53.5019,-11.9803],[-53.5014,-11.9806]]}},{"type":"Feature","properties":{},"geometry":{"type":"LineString","coordinates":[[-53.5015,-11.9811],[-53.499,-11.9819],[-53.4951,-11.982]]}},{"type":"Feature","properties":{},"geometry":{"type":"LineString","coordinates":[[-53.4977,-11.9819],[-53.4974,-11.9809],[-53.499,-11.9797]]}},{"type":"Feature","properties":{},"geometry":{"type":"LineString","coordinates":[[-53.4972,-11.9814],[-53.4969,-11.9819]]}},{"type":"Feature","properties":{},"geometry":{"type":"LineString","coordinates":[[-53.5019,-11.9805],[-53.5015,-11.981]]}},{"type":"Feature","properties":{},"geometry":{"type":"LineString","coordinates":[[-53.5018,-11.9805],[-53.5014,-11.9804]]}},{"type":"Feature","properties":{},"geometry":{"type":"LineString","coordinates":[[-53.5017,-11.9805],[-53.501,-11.9813]]}},{"type":"Feature","properties":{},"geometry":{"type":"LineString","coordinates":[[-53.5014,-11.9806],[-53.5011,-11.9811]]}},{"type":"Feature","properties":{},"geometry":{"type":"LineString","coordinates":[[-53.5018,-11.9806],[-53.5016,-11.9809]]}},{"type":"Feature","properties":{},"geometry":{"type":"LineString","coordinates":[[-53.5018,-11.9801],[-53.5017,-11.9804]]}},{"type":"Feature","properties":{},"geometry":{"type":"LineString","coordinates":[[-53.5018,-11.9799],[-53.5015,-11.9805]]}},{"type":"Feature","properties":{},"geometry":{"type":"LineString","coordinates":[[-53.5017,-11.98],[-53.5015,-11.9804]]}},{"type":"Feature","properties":{},"geometry":{"type":"LineString","coordinates":[[-53.5014,-11.9795],[-53.5015,-11.9797]]}},{"type":"Feature","properties":{},"geometry":{"type":"LineString","coordinates":[[-53.5016,-11.9797],[-53.5014,-11.9798]]}},{"type":"Feature","properties":{},"geometry":{"type":"LineString","coordinates":[[-53.5015,-11.9799],[-53.5012,-11.9797]]}},{"type":"Feature","properties":{},"geometry":{"type":"LineString","coordinates":[[-53.5016,-11.9794],[-53.5012,-11.9797]]}},{"type":"Feature","properties":{},"geometry":{"type":"LineString","coordinates":[[-53.5014,-11.9797],[-53.5012,-11.9794]]}},{"type":"Feature","properties":{},"geometry":{"type":"LineString","coordinates":[[-53.5019,-11.9793],[-53.5012,-11.9794]]}},{"type":"Feature","properties":{},"geometry":{"type":"LineString","coordinates":[[-53.5014,-11.9794],[-53.5012,-11.9797]]}},{"type":"Feature","properties":{},"geometry":{"type":"LineString","coordinates":[[-53.5014,-11.9795],[-53.5014,-11.9797]]}},{"type":"Feature","properties":{},"geometry":{"type":"LineString","coordinates":[[-53.5012,-11.9794],[-53.4999,-11.9788]]}},{"type":"Feature","properties":{},"geometry":{"type":"LineString","coordinates":[[-53.5013,-11.9795],[-53.4987,-11.9784]]}},{"type":"Feature","properties":{},"geometry":{"type":"LineString","coordinates":[[-53.5002,-11.9792],[-53.4999,-11.9788]]}},{"type":"Feature","properties":{},"geometry":{"type":"LineString","coordinates":[[-53.501,-11.9796],[-53.5008,-11.9794]]}},{"type":"Feature","properties":{},"geometry":{"type":"LineString","coordinates":[[-53.5011,-11.9796],[-53.5009,-11.9795]]}},{"type":"Feature","properties":{},"geometry":{"type":"LineString","coordinates":[[-53.5012,-11.9797],[-53.5001,-11.9797]]}},{"type":"Feature","properties":{},"geometry":{"type":"LineString","coordinates":[[-53.499,-11.9797],[-53.501,-11.9796]]}},{"type":"Feature","properties":{},"geometry":{"type":"LineString","coordinates":[[-53.501,-11.9796],[-53.5005,-11.9797]]}},{"type":"Feature","properties":{},"geometry":{"type":"LineString","coordinates":[[-53.499,-11.9797],[-53.4884,-11.9806],[-53.4862,-11.9819],[-53.4816,-11.9831]]}},{"type":"Feature","properties":{},"geometry":{"type":"LineString","coordinates":[[-53.4878,-11.9809],[-53.4868,-11.9815]]}},{"type":"Feature","properties":{},"geometry":{"type":"LineString","coordinates":[[-53.4884,-11.9806],[-53.4874,-11.9809]]}},{"type":"Feature","properties":{},"geometry":{"type":"LineString","coordinates":[[-53.4862,-11.9819],[-53.4842,-11.9825]]}},{"type":"Feature","properties":{},"geometry":{"type":"LineString","coordinates":[[-53.4836,-11.9826],[-53.4828,-11.9827]]}},{"type":"Feature","properties":{},"geometry":{"type":"LineString","coordinates":[[-53.4146,-12.0603],[-53.4103,-12.0538]]}},{"type":"Feature","properties":{},"geometry":{"type":"LineString","coordinates":[[-53.4146,-12.0603],[-53.4148,-12.0609]]}},{"type":"Feature","properties":{},"geometry":{"type":"LineString","coordinates":[[-53.4146,-12.0603],[-53.415,-12.0608]]}},{"type":"Feature","properties":{},"geometry":{"type":"LineString","coordinates":[[-53.4033,-12.0473],[-53.4033,-12.0484],[-53.4058,-12.0509],[-53.4103,-12.0538]]}},{"type":"Feature","properties":{},"geometry":{"type":"LineString","coordinates":[[-53.3952,-12.0604],[-53.3972,-12.0601]]}},{"type":"Feature","properties":{},"geometry":{"type":"LineString","coordinates":[[-53.3952,-12.0604],[-53.3936,-12.0602]]}},{"type":"Feature","properties":{},"geometry":{"type":"LineString","coordinates":[[-53.3936,-12.0602],[-53.3928,-12.0599]]}},{"type":"Feature","properties":{},"geometry":{"type":"LineString","coordinates":[[-53.3952,-12.0604],[-53.3958,-12.0578]]}},{"type":"Feature","properties":{},"geometry":{"type":"LineString","coordinates":[[-53.3353,-12.0697],[-53.3358,-12.0674],[-53.3392,-12.0615]]}},{"type":"Feature","properties":{},"geometry":{"type":"LineString","coordinates":[[-53.3353,-12.0697],[-53.3352,-12.0717],[-53.3359,-12.0693],[-53.338,-12.0663],[-53.3403,-12.0646],[-53.3427,-12.0641]]}},{"type":"Feature","properties":{},"geometry":{"type":"LineString","coordinates":[[-53.3352,-12.0717],[-53.3348,-12.0733],[-53.3353,-12.0748],[-53.3343,-12.079],[-53.3335,-12.0799]]}},{"type":"Feature","properties":{},"geometry":{"type":"LineString","coordinates":[[-53.3348,-12.073],[-53.334,-12.0719],[-53.334,-12.0703]]}},{"type":"Feature","properties":{},"geometry":{"type":"LineString","coordinates":[[-53.334,-12.0713],[-53.3337,-12.0707]]}},{"type":"Feature","properties":{},"geometry":{"type":"LineString","coordinates":[[-53.3358,-12.0748],[-53.3351,-12.0771],[-53.3342,-12.0777]]}},{"type":"Feature","properties":{},"geometry":{"type":"LineString","coordinates":[[-53.3342,-12.0777],[-53.3335,-12.0757],[-53.3351,-12.0751]]}},{"type":"Feature","properties":{},"geometry":{"type":"LineString","coordinates":[[-53.3352,-12.0746],[-53.3332,-12.0755]]}},{"type":"Feature","properties":{},"geometry":{"type":"LineString","coordinates":[[-53.3336,-12.0754],[-53.3341,-12.0757]]}},{"type":"Feature","properties":{},"geometry":{"type":"LineString","coordinates":[[-53.3334,-12.0763],[-53.3328,-12.0767]]}},{"type":"Feature","properties":{},"geometry":{"type":"LineString","coordinates":[[-53.3333,-12.0801],[-53.3342,-12.0777]]}},{"type":"Feature","properties":{},"geometry":{"type":"LineString","coordinates":[[-53.334,-12.0793],[-53.3327,-12.0786]]}},{"type":"Feature","properties":{},"geometry":{"type":"LineString","coordinates":[[-53.3343,-12.079],[-53.3347,-12.0805]]}},{"type":"Feature","properties":{},"geometry":{"type":"LineString","coordinates":[[-53.3345,-12.0801],[-53.3338,-12.0795]]}},{"type":"Feature","properties":{},"geometry":{"type":"LineString","coordinates":[[-53.3353,-12.0807],[-53.3335,-12.0799]]}},{"type":"Feature","properties":{},"geometry":{"type":"LineString","coordinates":[[-53.3346,-12.0803],[-53.3349,-12.0807]]}},{"type":"Feature","properties":{},"geometry":{"type":"LineString","coordinates":[[-53.3329,-12.0807],[-53.3337,-12.0815]]}},{"type":"Feature","properties":{},"geometry":{"type":"LineString","coordinates":[[-53.3307,-12.0823],[-53.3314,-12.0823]]}},{"type":"Feature","properties":{},"geometry":{"type":"LineString","coordinates":[[-53.3307,-12.0823],[-53.3264,-12.0804]]}},{"type":"Feature","properties":{},"geometry":{"type":"LineString","coordinates":[[-53.331,-12.0827],[-53.3304,-12.0824]]}},{"type":"Feature","properties":{},"geometry":{"type":"LineString","coordinates":[[-53.3304,-12.0824],[-53.3295,-12.0827]]}},{"type":"Feature","properties":{},"geometry":{"type":"LineString","coordinates":[[-53.3301,-12.0822],[-53.3299,-12.0824]]}},{"type":"Feature","properties":{},"geometry":{"type":"LineString","coordinates":[[-53.3301,-12.0839],[-53.3287,-12.0831]]}},{"type":"Feature","properties":{},"geometry":{"type":"LineString","coordinates":[[-53.3298,-12.0843],[-53.3287,-12.0835]]}},{"type":"Feature","properties":{},"geometry":{"type":"LineString","coordinates":[[-53.3292,-12.0849],[-53.3283,-12.0839]]}},{"type":"Feature","properties":{},"geometry":{"type":"LineString","coordinates":[[-53.329,-12.085],[-53.3274,-12.0848]]}},{"type":"Feature","properties":{},"geometry":{"type":"LineString","coordinates":[[-53.329,-12.0851],[-53.329,-12.085]]}},{"type":"Feature","properties":{},"geometry":{"type":"LineString","coordinates":[[-53.329,-12.0853],[-53.3286,-12.0868]]}},{"type":"Feature","properties":{},"geometry":{"type":"LineString","coordinates":[[-53.3287,-12.0866],[-53.3284,-12.0882]]}},{"type":"Feature","properties":{},"geometry":{"type":"LineString","coordinates":[[-53.3286,-12.0881],[-53.3284,-12.0885]]}},{"type":"Feature","properties":{},"geometry":{"type":"LineString","coordinates":[[-53.3284,-12.0874],[-53.3268,-12.0924],[-53.324,-12.0967],[-53.3245,-12.0972]]}},{"type":"Feature","properties":{},"geometry":{"type":"LineString","coordinates":[[-53.3335,-12.0799],[-53.329,-12.085],[-53.3284,-12.0873],[-53.3289,-12.0896],[-53.3284,-12.0922],[-53.3252,-12.0973],[-53.3241,-12.098]]}},{"type":"Feature","properties":{},"geometry":{"type":"LineString","coordinates":[[-53.3256,-12.0964],[-53.326,-12.0974],[-53.3253,-12.1003],[-53.3269,-12.1042]]}},{"type":"Feature","properties":{},"geometry":{"type":"LineString","coordinates":[[-53.326,-12.0975],[-53.3252,-12.0973]]}},{"type":"Feature","properties":{},"geometry":{"type":"LineString","coordinates":[[-53.3252,-12.0973],[-53.3245,-12.0972]]}},{"type":"Feature","properties":{},"geometry":{"type":"LineString","coordinates":[[-53.329,-12.0863],[-53.329,-12.0865]]}},{"type":"Feature","properties":{},"geometry":{"type":"LineString","coordinates":[[-53.329,-12.0865],[-53.329,-12.0871]]}},{"type":"Feature","properties":{},"geometry":{"type":"LineString","coordinates":[[-53.3291,-12.0859],[-53.3298,-12.0856]]}},{"type":"Feature","properties":{},"geometry":{"type":"LineString","coordinates":[[-53.3299,-12.0853],[-53.3292,-12.0849]]}},{"type":"Feature","properties":{},"geometry":{"type":"LineString","coordinates":[[-53.3289,-12.0896],[-53.3286,-12.0911]]}},{"type":"Feature","properties":{},"geometry":{"type":"LineString","coordinates":[[-53.3285,-12.0914],[-53.3294,-12.0919],[-53.3295,-12.0912]]}},{"type":"Feature","properties":{},"geometry":{"type":"LineString","coordinates":[[-53.3312,-12.0931],[-53.3294,-12.0919],[-53.328,-12.0926]]}},{"type":"Feature","properties":{},"geometry":{"type":"LineString","coordinates":[[-53.3276,-12.093],[-53.3275,-12.0932]]}},{"type":"Feature","properties":{},"geometry":{"type":"LineString","coordinates":[[-53.296,-12.1031],[-53.2967,-12.1033]]}},{"type":"Feature","properties":{},"geometry":{"type":"LineString","coordinates":[[-53.296,-12.103],[-53.2962,-12.1024],[-53.2955,-12.1028]]}},{"type":"Feature","properties":{},"geometry":{"type":"LineString","coordinates":[[-53.2959,-12.1025],[-53.2953,-12.1027]]}},{"type":"Feature","properties":{},"geometry":{"type":"LineString","coordinates":[[-53.2903,-12.1083],[-53.2945,-12.1035]]}},{"type":"Feature","properties":{},"geometry":{"type":"LineString","coordinates":[[-53.2942,-12.1035],[-53.2917,-12.1051]]}},{"type":"Feature","properties":{},"geometry":{"type":"LineString","coordinates":[[-53.2937,-12.1044],[-53.2929,-12.1043]]}},{"type":"Feature","properties":{},"geometry":{"type":"LineString","coordinates":[[-53.2956,-12.1043],[-53.2937,-12.1044]]}},{"type":"Feature","properties":{},"geometry":{"type":"LineString","coordinates":[[-53.2956,-12.1036],[-53.2957,-12.1046]]}},{"type":"Feature","properties":{},"geometry":{"type":"LineString","coordinates":[[-53.2854,-12.1046],[-53.2791,-12.1019],[-53.273,-12.1011]]}},{"type":"Feature","properties":{},"geometry":{"type":"LineString","coordinates":[[-53.2945,-12.1027],[-53.2897,-12.1013]]}},{"type":"Feature","properties":{},"geometry":{"type":"LineString","coordinates":[[-53.2916,-12.1009],[-53.2883,-12.1]]}},{"type":"Feature","properties":{},"geometry":{"type":"LineString","coordinates":[[-53.2937,-12.1039],[-53.2938,-12.1043]]}},{"type":"Feature","properties":{},"geometry":{"type":"LineString","coordinates":[[-53.2952,-12.1038],[-53.2936,-12.1059],[-53.2942,-12.1051]]}},{"type":"Feature","properties":{},"geometry":{"type":"LineString","coordinates":[[-53.2993,-12.1132],[-53.3042,-12.1148],[-53.3107,-12.1204],[-53.3175,-12.1243],[-53.3214,-12.1252],[-53.3245,-12.1248]]}},{"type":"Feature","properties":{},"geometry":{"type":"LineString","coordinates":[[-53.3245,-12.1248],[-53.3308,-12.1246],[-53.3315,-12.1241],[-53.3317,-12.1202],[-53.3282,-12.1177],[-53.329,-12.1136]]}},{"type":"Feature","properties":{},"geometry":{"type":"LineString","coordinates":[[-53.3269,-12.1042],[-53.3294,-12.1077],[-53.329,-12.1136]]}},{"type":"Feature","properties":{},"geometry":{"type":"LineString","coordinates":[[-53.2984,-12.1184],[-53.2976,-12.1165],[-53.2985,-12.1113]]}},{"type":"Feature","properties":{},"geometry":{"type":"LineString","coordinates":[[-53.2978,-12.1149],[-53.2978,-12.1154]]}},{"type":"Feature","properties":{},"geometry":{"type":"LineString","coordinates":[[-53.2984,-12.1184],[-53.298,-12.1163]]}},{"type":"Feature","properties":{},"geometry":{"type":"LineString","coordinates":[[-53.2984,-12.1184],[-53.3,-12.1223],[-53.3004,-12.1253],[-53.2995,-12.1225]]}},{"type":"Feature","properties":{},"geometry":{"type":"LineString","coordinates":[[-53.3006,-12.1261],[-53.2982,-12.1232],[-53.2984,-12.119]]}},{"type":"Feature","properties":{},"geometry":{"type":"LineString","coordinates":[[-53.3004,-12.1253],[-53.3006,-12.1261]]}},{"type":"Feature","properties":{},"geometry":{"type":"LineString","coordinates":[[-53.3021,-12.128],[-53.3006,-12.1261]]}},{"type":"Feature","properties":{},"geometry":{"type":"LineString","coordinates":[[-53.3029,-12.1373],[-53.3027,-12.1335],[-53.3014,-12.127]]}},{"type":"Feature","properties":{},"geometry":{"type":"LineString","coordinates":[[-53.3026,-12.1294],[-53.3021,-12.128]]}},{"type":"Feature","properties":{},"geometry":{"type":"LineString","coordinates":[[-53.3026,-12.1294],[-53.3027,-12.131]]}},{"type":"Feature","properties":{},"geometry":{"type":"LineString","coordinates":[[-53.3026,-12.1294],[-53.3027,-12.131]]}},{"type":"Feature","properties":{},"geometry":{"type":"LineString","coordinates":[[-53.3093,-12.1192],[-53.3068,-12.1219],[-53.306,-12.1256],[-53.3029,-12.1272],[-53.3025,-12.1283]]}},{"type":"Feature","properties":{},"geometry":{"type":"LineString","coordinates":[[-53.3012,-12.1267],[-53.3025,-12.1283]]}},{"type":"Feature","properties":{},"geometry":{"type":"LineString","coordinates":[[-53.3012,-12.1267],[-53.3057,-12.1324]]}},{"type":"Feature","properties":{},"geometry":{"type":"LineString","coordinates":[[-53.3021,-12.128],[-53.3024,-12.1298]]}},{"type":"Feature","properties":{},"geometry":{"type":"LineString","coordinates":[[-53.3024,-12.1298],[-53.3024,-12.1299]]}},{"type":"Feature","properties":{},"geometry":{"type":"LineString","coordinates":[[-53.3024,-12.1299],[-53.3027,-12.1309]]}},{"type":"Feature","properties":{},"geometry":{"type":"LineString","coordinates":[[-53.3025,-12.1296],[-53.3024,-12.1299]]}},{"type":"Feature","properties":{},"geometry":{"type":"LineString","coordinates":[[-53.3027,-12.131],[-53.3033,-12.1364],[-53.3004,-12.1409]]}},{"type":"Feature","properties":{},"geometry":{"type":"LineString","coordinates":[[-53.3024,-12.1299],[-53.3023,-12.1305]]}},{"type":"Feature","properties":{},"geometry":{"type":"LineString","coordinates":[[-53.3026,-12.1298],[-53.3028,-12.1309]]}},{"type":"Feature","properties":{},"geometry":{"type":"LineString","coordinates":[[-53.3029,-12.1321],[-53.3038,-12.1355],[-53.3034,-12.1371],[-53.3024,-12.1379]]}},{"type":"Feature","properties":{},"geometry":{"type":"LineString","coordinates":[[-53.3024,-12.132],[-53.3019,-12.1357]]}},{"type":"Feature","properties":{},"geometry":{"type":"LineString","coordinates":[[-53.3013,-12.1392],[-53.3019,-12.1357]]}},{"type":"Feature","properties":{},"geometry":{"type":"LineString","coordinates":[[-53.3022,-12.1312],[-53.3023,-12.1327]]}},{"type":"Feature","properties":{},"geometry":{"type":"LineString","coordinates":[[-53.313,-12.1431],[-53.3162,-12.1499]]}},{"type":"Feature","properties":{},"geometry":{"type":"LineString","coordinates":[[-53.3128,-12.1427],[-53.3057,-12.1324]]}},{"type":"Feature","properties":{},"geometry":{"type":"LineString","coordinates":[[-53.3102,-12.1391],[-53.31,-12.1396],[-53.3131,-12.1436]]}},{"type":"Feature","properties":{},"geometry":{"type":"LineString","coordinates":[[-53.3101,-12.139],[-53.3082,-12.1379],[-53.3082,-12.1361]]}},{"type":"Feature","properties":{},"geometry":{"type":"LineString","coordinates":[[-53.3004,-12.1407],[-53.3002,-12.1449],[-53.2957,-12.1499],[-53.2997,-12.1591]]}},{"type":"Feature","properties":{},"geometry":{"type":"LineString","coordinates":[[-53.3004,-12.1456],[-53.3004,-12.1417]]}},{"type":"Feature","properties":{},"geometry":{"type":"LineString","coordinates":[[-53.3004,-12.1456],[-53.2982,-12.1472]]}},{"type":"Feature","properties":{},"geometry":{"type":"LineString","coordinates":[[-53.3004,-12.1456],[-53.2982,-12.1472]]}},{"type":"Feature","properties":{},"geometry":{"type":"LineString","coordinates":[[-53.2959,-12.1494],[-53.2941,-12.1503],[-53.2937,-12.1514]]}},{"type":"Feature","properties":{},"geometry":{"type":"LineString","coordinates":[[-53.295,-12.1503],[-53.2937,-12.1514]]}},{"type":"Feature","properties":{},"geometry":{"type":"LineString","coordinates":[[-53.295,-12.1503],[-53.294,-12.1513]]}},{"type":"Feature","properties":{},"geometry":{"type":"LineString","coordinates":[[-53.295,-12.1503],[-53.2955,-12.1496]]}},{"type":"Feature","properties":{},"geometry":{"type":"LineString","coordinates":[[-53.2858,-12.1577],[-53.2937,-12.1514]]}},{"type":"Feature","properties":{},"geometry":{"type":"LineString","coordinates":[[-53.2884,-12.1553],[-53.2874,-12.1571],[-53.286,-12.1577]]}},{"type":"Feature","properties":{},"geometry":{"type":"LineString","coordinates":[[-53.2892,-12.1584],[-53.2878,-12.1577]]}},{"type":"Feature","properties":{},"geometry":{"type":"LineString","coordinates":[[-53.2899,-12.1588],[-53.2935,-12.1562],[-53.2997,-12.1591]]}},{"type":"Feature","properties":{},"geometry":{"type":"LineString","coordinates":[[-53.2918,-12.1595],[-53.2975,-12.1591]]}},{"type":"Feature","properties":{},"geometry":{"type":"LineString","coordinates":[[-53.2913,-12.1579],[-53.2892,-12.1584]]}},{"type":"Feature","properties":{},"geometry":{"type":"LineString","coordinates":[[-53.2866,-12.1575],[-53.2886,-12.1581]]}},{"type":"Feature","properties":{},"geometry":{"type":"LineString","coordinates":[[-53.2864,-12.1577],[-53.2854,-12.1579]]}},{"type":"Feature","properties":{},"geometry":{"type":"LineString","coordinates":[[-53.2846,-12.1582],[-53.2814,-12.1571],[-53.2811,-12.159]]}},{"type":"Feature","properties":{},"geometry":{"type":"LineString","coordinates":[[-53.2806,-12.1589],[-53.2811,-12.1576]]}},{"type":"Feature","properties":{},"geometry":{"type":"LineString","coordinates":[[-53.2782,-12.1597],[-53.2796,-12.158],[-53.2814,-12.1571]]}},{"type":"Feature","properties":{},"geometry":{"type":"LineString","coordinates":[[-53.2791,-12.1585],[-53.2784,-12.1594]]}},{"type":"Feature","properties":{},"geometry":{"type":"LineString","coordinates":[[-53.2789,-12.1587],[-53.2774,-12.1599]]}},{"type":"Feature","properties":{},"geometry":{"type":"LineString","coordinates":[[-53.2802,-12.1592],[-53.2806,-12.1589]]}},{"type":"Feature","properties":{},"geometry":{"type":"LineString","coordinates":[[-53.2806,-12.1594],[-53.2806,-12.1589]]}},{"type":"Feature","properties":{},"geometry":{"type":"LineString","coordinates":[[-53.2817,-12.1589],[-53.2789,-12.1612],[-53.2776,-12.1609],[-53.2723,-12.1619],[-53.2681,-12.1607]]}},{"type":"Feature","properties":{},"geometry":{"type":"LineString","coordinates":[[-53.2804,-12.1598],[-53.2776,-12.1609]]}},{"type":"Feature","properties":{},"geometry":{"type":"LineString","coordinates":[[-53.2792,-12.1603],[-53.2802,-12.1592]]}},{"type":"Feature","properties":{},"geometry":{"type":"LineString","coordinates":[[-53.2813,-12.159],[-53.2808,-12.1593]]}},{"type":"Feature","properties":{},"geometry":{"type":"LineString","coordinates":[[-53.2797,-12.1609],[-53.2785,-12.1612]]}},{"type":"Feature","properties":{},"geometry":{"type":"LineString","coordinates":[[-53.2804,-12.1598],[-53.2794,-12.1613]]}},{"type":"Feature","properties":{},"geometry":{"type":"LineString","coordinates":[[-53.2714,-12.1623],[-53.2747,-12.1624],[-53.2781,-12.1611]]}},{"type":"Feature","properties":{},"geometry":{"type":"LineString","coordinates":[[-53.2734,-12.1627],[-53.2698,-12.1612]]}},{"type":"Feature","properties":{},"geometry":{"type":"LineString","coordinates":[[-53.2733,-12.1617],[-53.2735,-12.1618]]}},{"type":"Feature","properties":{},"geometry":{"type":"LineString","coordinates":[[-53.2741,-12.1615],[-53.2735,-12.1618]]}},{"type":"Feature","properties":{},"geometry":{"type":"LineString","coordinates":[[-53.2759,-12.1601],[-53.2748,-12.1598],[-53.2724,-12.1619]]}},{"type":"Feature","properties":{},"geometry":{"type":"LineString","coordinates":[[-53.2777,-12.1598],[-53.2763,-12.1609],[-53.2751,-12.1601]]}},{"type":"Feature","properties":{},"geometry":{"type":"LineString","coordinates":[[-53.2769,-12.16],[-53.2753,-12.1601]]}},{"type":"Feature","properties":{},"geometry":{"type":"LineString","coordinates":[[-53.2748,-12.1598],[-53.2738,-12.1601]]}},{"type":"Feature","properties":{},"geometry":{"type":"LineString","coordinates":[[-53.272,-12.16],[-53.27,-12.1603]]}},{"type":"Feature","properties":{},"geometry":{"type":"LineString","coordinates":[[-53.2777,-12.161],[-53.276,-12.1634],[-53.2742,-12.1622],[-53.2742,-12.1615]]}},{"type":"Feature","properties":{},"geometry":{"type":"LineString","coordinates":[[-53.2763,-12.163],[-53.2744,-12.1635],[-53.2722,-12.162],[-53.2712,-12.1621]]}},{"type":"Feature","properties":{},"geometry":{"type":"LineString","coordinates":[[-53.2719,-12.162],[-53.2712,-12.1621]]}},{"type":"Feature","properties":{},"geometry":{"type":"LineString","coordinates":[[-53.2723,-12.1619],[-53.2722,-12.162]]}},{"type":"Feature","properties":{},"geometry":{"type":"LineString","coordinates":[[-53.2746,-12.1634],[-53.2737,-12.1632]]}},{"type":"Feature","properties":{},"geometry":{"type":"LineString","coordinates":[[-53.2746,-12.1634],[-53.2733,-12.1643]]}},{"type":"Feature","properties":{},"geometry":{"type":"LineString","coordinates":[[-53.274,-12.1649],[-53.2716,-12.1625]]}},{"type":"Feature","properties":{},"geometry":{"type":"LineString","coordinates":[[-53.2776,-12.1609],[-53.2752,-12.1614]]}},{"type":"Feature","properties":{},"geometry":{"type":"LineString","coordinates":[[-53.2678,-12.1608],[-53.2695,-12.1611]]}},{"type":"Feature","properties":{},"geometry":{"type":"LineString","coordinates":[[-53.2678,-12.1608],[-53.2692,-12.1612]]}},{"type":"Feature","properties":{},"geometry":{"type":"LineString","coordinates":[[-53.2682,-12.1611],[-53.267,-12.1609]]}},{"type":"Feature","properties":{},"geometry":{"type":"LineString","coordinates":[[-53.2678,-12.1608],[-53.2667,-12.1609]]}},{"type":"Feature","properties":{},"geometry":{"type":"LineString","coordinates":[[-53.2708,-12.1599],[-53.2581,-12.1609]]}},{"type":"Feature","properties":{},"geometry":{"type":"LineString","coordinates":[[-53.4139,-12.188],[-53.4069,-12.1881],[-53.3994,-12.1923],[-53.3981,-12.1954]]}},{"type":"Feature","properties":{},"geometry":{"type":"LineString","coordinates":[[-53.3975,-12.197],[-53.3981,-12.1954]]}},{"type":"Feature","properties":{},"geometry":{"type":"LineString","coordinates":[[-53.3975,-12.197],[-53.3964,-12.1996],[-53.3936,-12.2017]]}},{"type":"Feature","properties":{},"geometry":{"type":"LineString","coordinates":[[-53.3936,-12.2017],[-53.3925,-12.2031]]}},{"type":"Feature","properties":{},"geometry":{"type":"LineString","coordinates":[[-53.376,-12.1945],[-53.3922,-12.2052],[-53.3925,-12.2031]]}},{"type":"Feature","properties":{},"geometry":{"type":"LineString","coordinates":[[-53.3848,-12.2003],[-53.3871,-12.2003],[-53.3936,-12.2017]]}},{"type":"Feature","properties":{},"geometry":{"type":"LineString","coordinates":[[-53.3923,-12.2059],[-53.3922,-12.2052]]}},{"type":"Feature","properties":{},"geometry":{"type":"LineString","coordinates":[[-53.389,-12.2088],[-53.39,-12.2108],[-53.3895,-12.2103]]}},{"type":"Feature","properties":{},"geometry":{"type":"LineString","coordinates":[[-53.3879,-12.2095],[-53.3844,-12.2084],[-53.3827,-12.2044]]}},{"type":"Feature","properties":{},"geometry":{"type":"LineString","coordinates":[[-53.3827,-12.2044],[-53.3811,-12.2017]]}},{"type":"Feature","properties":{},"geometry":{"type":"LineString","coordinates":[[-53.3894,-12.2083],[-53.3906,-12.208]]}},{"type":"Feature","properties":{},"geometry":{"type":"LineString","coordinates":[[-53.3866,-12.2092],[-53.3854,-12.2106]]}},{"type":"Feature","properties":{},"geometry":{"type":"LineString","coordinates":[[-53.3863,-12.2095],[-53.3866,-12.2101]]}},{"type":"Feature","properties":{},"geometry":{"type":"LineString","coordinates":[[-53.3873,-12.2098],[-53.3889,-12.2116]]}},{"type":"Feature","properties":{},"geometry":{"type":"LineString","coordinates":[[-53.353,-12.2643],[-53.355,-12.2681],[-53.3559,-12.2686]]}},{"type":"Feature","properties":{},"geometry":{"type":"LineString","coordinates":[[-53.3547,-12.2676],[-53.3538,-12.2682],[-53.3535,-12.2705],[-53.3524,-12.2708],[-53.3505,-12.27],[-53.351,-12.2699],[-53.351,-12.2689],[-53.3502,-12.2689],[-53.3506,-12.2699]]}},{"type":"Feature","properties":{},"geometry":{"type":"LineString","coordinates":[[-53.3528,-12.2641],[-53.3523,-12.2648]]}},{"type":"Feature","properties":{},"geometry":{"type":"LineString","coordinates":[[-53.353,-12.2639],[-53.3537,-12.2637]]}},{"type":"Feature","properties":{},"geometry":{"type":"LineString","coordinates":[[-53.3535,-12.2638],[-53.3534,-12.2641]]}},{"type":"Feature","properties":{},"geometry":{"type":"LineString","coordinates":[[-53.3538,-12.2634],[-53.3548,-12.2635]]}},{"type":"Feature","properties":{},"geometry":{"type":"LineString","coordinates":[[-53.3532,-12.2633],[-53.3493,-12.263]]}},{"type":"Feature","properties":{},"geometry":{"type":"LineString","coordinates":[[-53.35,-12.2628],[-53.35,-12.2622],[-53.3491,-12.2622]]}},{"type":"Feature","properties":{},"geometry":{"type":"LineString","coordinates":[[-53.3494,-12.262],[-53.3492,-12.2618]]}},{"type":"Feature","properties":{},"geometry":{"type":"LineString","coordinates":[[-53.3545,-12.2635],[-53.3541,-12.2604]]}},{"type":"Feature","properties":{},"geometry":{"type":"LineString","coordinates":[[-53.3535,-12.2638],[-53.358,-12.2448],[-53.3608,-12.2418]]}},{"type":"Feature","properties":{},"geometry":{"type":"LineString","coordinates":[[-53.3501,-12.2692],[-53.3495,-12.2687],[-53.3497,-12.2682]]}},{"type":"Feature","properties":{},"geometry":{"type":"LineString","coordinates":[[-53.3538,-12.2682],[-53.3527,-12.2689]]}},{"type":"Feature","properties":{},"geometry":{"type":"LineString","coordinates":[[-53.3621,-12.2385],[-53.3608,-12.2418]]}},{"type":"Feature","properties":{},"geometry":{"type":"LineString","coordinates":[[-53.3621,-12.2385],[-53.3627,-12.2391],[-53.3608,-12.2418]]}},{"type":"Feature","properties":{},"geometry":{"type":"LineString","coordinates":[[-53.3621,-12.2385],[-53.3623,-12.2368]]}},{"type":"Feature","properties":{},"geometry":{"type":"LineString","coordinates":[[-53.374,-12.2117],[-53.3669,-12.2305],[-53.3647,-12.2348],[-53.3623,-12.2368]]}},{"type":"Feature","properties":{},"geometry":{"type":"LineString","coordinates":[[-53.3651,-12.2341],[-53.3632,-12.2353],[-53.3608,-12.2359],[-53.3603,-12.2368],[-53.3555,-12.2376]]}},{"type":"Feature","properties":{},"geometry":{"type":"LineString","coordinates":[[-53.3625,-12.2367],[-53.3608,-12.2359]]}},{"type":"Feature","properties":{},"geometry":{"type":"LineString","coordinates":[[-53.367,-12.2342],[-53.3692,-12.2307],[-53.3721,-12.2227],[-53.375,-12.2209],[-53.3757,-12.218],[-53.3744,-12.2166],[-53.3762,-12.2153],[-53.375,-12.2154],[-53.3747,-12.2146]]}},{"type":"Feature","properties":{},"geometry":{"type":"LineString","coordinates":[[-53.3644,-12.2351],[-53.3663,-12.2331],[-53.367,-12.2342]]}},{"type":"Feature","properties":{},"geometry":{"type":"LineString","coordinates":[[-53.367,-12.2335],[-53.3676,-12.2335]]}},{"type":"Feature","properties":{},"geometry":{"type":"LineString","coordinates":[[-53.3663,-12.2331],[-53.3683,-12.2324]]}},{"type":"Feature","properties":{},"geometry":{"type":"LineString","coordinates":[[-53.3721,-12.2226],[-53.3749,-12.214],[-53.3753,-12.2107],[-53.3749,-12.2078]]}},{"type":"Feature","properties":{},"geometry":{"type":"LineString","coordinates":[[-53.374,-12.2117],[-53.3742,-12.2111]]}},{"type":"Feature","properties":{},"geometry":{"type":"LineString","coordinates":[[-53.3749,-12.2079],[-53.3742,-12.2111]]}},{"type":"Feature","properties":{},"geometry":{"type":"LineString","coordinates":[[-53.3749,-12.2078],[-53.3761,-12.203],[-53.3771,-12.2019]]}},{"type":"Feature","properties":{},"geometry":{"type":"LineString","coordinates":[[-53.375,-12.207],[-53.3749,-12.2074]]}},{"type":"Feature","properties":{},"geometry":{"type":"LineString","coordinates":[[-53.3749,-12.2073],[-53.3748,-12.2075]]}},{"type":"Feature","properties":{},"geometry":{"type":"LineString","coordinates":[[-53.3786,-12.2012],[-53.3774,-12.2018]]}},{"type":"Feature","properties":{},"geometry":{"type":"LineString","coordinates":[[-53.3787,-12.2013],[-53.3781,-12.2036]]}},{"type":"Feature","properties":{},"geometry":{"type":"LineString","coordinates":[[-53.3786,-12.2015],[-53.38,-12.2016]]}},{"type":"Feature","properties":{},"geometry":{"type":"LineString","coordinates":[[-53.3792,-12.2017],[-53.3807,-12.2015]]}},{"type":"Feature","properties":{},"geometry":{"type":"LineString","coordinates":[[-53.3772,-12.1996],[-53.3782,-12.2],[-53.3793,-12.2017]]}},{"type":"Feature","properties":{},"geometry":{"type":"LineString","coordinates":[[-53.3791,-12.2009],[-53.3786,-12.2012]]}},{"type":"Feature","properties":{},"geometry":{"type":"LineString","coordinates":[[-53.3789,-12.2013],[-53.3786,-12.2012]]}},{"type":"Feature","properties":{},"geometry":{"type":"LineString","coordinates":[[-53.3789,-12.2013],[-53.3788,-12.2011]]}},{"type":"Feature","properties":{},"geometry":{"type":"LineString","coordinates":[[-53.3798,-12.1971],[-53.3788,-12.1996]]}},{"type":"Feature","properties":{},"geometry":{"type":"LineString","coordinates":[[-53.3807,-12.1977],[-53.3784,-12.199]]}},{"type":"Feature","properties":{},"geometry":{"type":"LineString","coordinates":[[-53.379,-12.1966],[-53.3793,-12.1974],[-53.3785,-12.1993],[-53.3773,-12.2001],[-53.3765,-12.1996]]}},{"type":"Feature","properties":{},"geometry":{"type":"LineString","coordinates":[[-53.3798,-12.1978],[-53.3785,-12.2002]]}},{"type":"Feature","properties":{},"geometry":{"type":"LineString","coordinates":[[-53.3829,-12.1991],[-53.3746,-12.1939],[-53.3719,-12.1937]]}},{"type":"Feature","properties":{},"geometry":{"type":"LineString","coordinates":[[-53.3721,-12.1939],[-53.3731,-12.1911]]}},{"type":"Feature","properties":{},"geometry":{"type":"LineString","coordinates":[[-53.3693,-12.1903],[-53.3705,-12.193]]}},{"type":"Feature","properties":{},"geometry":{"type":"LineString","coordinates":[[-53.3771,-12.1954],[-53.375,-12.1942]]}},{"type":"Feature","properties":{},"geometry":{"type":"LineString","coordinates":[[-53.3767,-12.1998],[-53.3774,-12.1991],[-53.3741,-12.1949]]}},{"type":"Feature","properties":{},"geometry":{"type":"LineString","coordinates":[[-53.3774,-12.1991],[-53.375,-12.1977]]}},{"type":"Feature","properties":{},"geometry":{"type":"LineString","coordinates":[[-53.3785,-12.2006],[-53.3794,-12.1986]]}},{"type":"Feature","properties":{},"geometry":{"type":"LineString","coordinates":[[-53.3791,-12.1996],[-53.3797,-12.1997]]}},{"type":"Feature","properties":{},"geometry":{"type":"LineString","coordinates":[[-53.3408,-12.1712],[-53.3409,-12.1721]]}},{"type":"Feature","properties":{},"geometry":{"type":"LineString","coordinates":[[-53.3411,-12.1714],[-53.3405,-12.1712]]}},{"type":"Feature","properties":{},"geometry":{"type":"LineString","coordinates":[[-53.3407,-12.1712],[-53.3383,-12.1697]]}},{"type":"Feature","properties":{},"geometry":{"type":"LineString","coordinates":[[-53.3417,-12.1706],[-53.3392,-12.1709]]}},{"type":"Feature","properties":{},"geometry":{"type":"LineString","coordinates":[[-53.3413,-12.1703],[-53.3395,-12.1704]]}},{"type":"Feature","properties":{},"geometry":{"type":"LineString","coordinates":[[-53.3415,-12.1704],[-53.341,-12.1701]]}},{"type":"Feature","properties":{},"geometry":{"type":"LineString","coordinates":[[-53.3392,-12.1703],[-53.3383,-12.1698]]}},{"type":"Feature","properties":{},"geometry":{"type":"LineString","coordinates":[[-53.3392,-12.1701],[-53.3395,-12.17]]}},{"type":"Feature","properties":{},"geometry":{"type":"LineString","coordinates":[[-53.3386,-12.17],[-53.3383,-12.1698]]}},{"type":"Feature","properties":{},"geometry":{"type":"LineString","coordinates":[[-53.3383,-12.1702],[-53.338,-12.1698]]}},{"type":"Feature","properties":{},"geometry":{"type":"LineString","coordinates":[[-53.3354,-12.1683],[-53.3363,-12.1704]]}},{"type":"Feature","properties":{},"geometry":{"type":"LineString","coordinates":[[-53.3363,-12.1704],[-53.3358,-12.1701]]}},{"type":"Feature","properties":{},"geometry":{"type":"LineString","coordinates":[[-53.3358,-12.1701],[-53.3358,-12.1706]]}},{"type":"Feature","properties":{},"geometry":{"type":"LineString","coordinates":[[-53.3359,-12.1703],[-53.336,-12.1706]]}},{"type":"Feature","properties":{},"geometry":{"type":"LineString","coordinates":[[-53.3358,-12.1701],[-53.3364,-12.1703]]}},{"type":"Feature","properties":{},"geometry":{"type":"LineString","coordinates":[[-53.337,-12.17],[-53.3378,-12.1723]]}},{"type":"Feature","properties":{},"geometry":{"type":"LineString","coordinates":[[-53.3376,-12.1719],[-53.3373,-12.1725]]}},{"type":"Feature","properties":{},"geometry":{"type":"LineString","coordinates":[[-53.3372,-12.1701],[-53.3375,-12.171]]}},{"type":"Feature","properties":{},"geometry":{"type":"LineString","coordinates":[[-53.3377,-12.171],[-53.3375,-12.171]]}},{"type":"Feature","properties":{},"geometry":{"type":"LineString","coordinates":[[-53.3375,-12.1708],[-53.3373,-12.1708]]}},{"type":"Feature","properties":{},"geometry":{"type":"LineString","coordinates":[[-53.3375,-12.1708],[-53.3374,-12.1709]]}},{"type":"Feature","properties":{},"geometry":{"type":"LineString","coordinates":[[-53.3365,-12.1705],[-53.3363,-12.1701]]}},{"type":"Feature","properties":{},"geometry":{"type":"LineString","coordinates":[[-53.3392,-12.1703],[-53.3384,-12.1704]]}},{"type":"Feature","properties":{},"geometry":{"type":"LineString","coordinates":[[-53.3425,-12.1723],[-53.3419,-12.1714]]}},{"type":"Feature","properties":{},"geometry":{"type":"LineString","coordinates":[[-53.3424,-12.1721],[-53.3417,-12.1706]]}},{"type":"Feature","properties":{},"geometry":{"type":"LineString","coordinates":[[-53.3701,-12.1925],[-53.3677,-12.1927],[-53.3645,-12.1904]]}},{"type":"Feature","properties":{},"geometry":{"type":"LineString","coordinates":[[-53.3681,-12.1929],[-53.3707,-12.1931]]}},{"type":"Feature","properties":{},"geometry":{"type":"LineString","coordinates":[[-53.3576,-12.1703],[-53.3443,-12.1611]]}},{"type":"Feature","properties":{},"geometry":{"type":"LineString","coordinates":[[-53.3595,-12.1722],[-53.3584,-12.1718]]}},{"type":"Feature","properties":{},"geometry":{"type":"LineString","coordinates":[[-53.3599,-12.1729],[-53.3586,-12.1721]]}},{"type":"Feature","properties":{},"geometry":{"type":"LineString","coordinates":[[-53.3357,-12.166],[-53.3368,-12.1653],[-53.34,-12.1648],[-53.3432,-12.1624],[-53.347,-12.1631]]}},{"type":"Feature","properties":{},"geometry":{"type":"LineString","coordinates":[[-53.3383,-12.1654],[-53.3368,-12.1666]]}},{"type":"Feature","properties":{},"geometry":{"type":"LineString","coordinates":[[-53.3358,-12.1682],[-53.3374,-12.1671],[-53.3376,-12.166],[-53.3368,-12.1654],[-53.3349,-12.1653]]}},{"type":"Feature","properties":{},"geometry":{"type":"LineString","coordinates":[[-53.3376,-12.1664],[-53.3397,-12.1657],[-53.3391,-12.1651]]}},{"type":"Feature","properties":{},"geometry":{"type":"LineString","coordinates":[[-53.3366,-12.1661],[-53.3373,-12.1653]]}},{"type":"Feature","properties":{},"geometry":{"type":"LineString","coordinates":[[-53.3366,-12.1654],[-53.339,-12.1595]]}},{"type":"Feature","properties":{},"geometry":{"type":"LineString","coordinates":[[-53.3354,-12.1656],[-53.3393,-12.1633],[-53.3404,-12.1608]]}},{"type":"Feature","properties":{},"geometry":{"type":"LineString","coordinates":[[-53.3393,-12.1632],[-53.3412,-12.1615],[-53.3411,-12.1602]]}},{"type":"Feature","properties":{},"geometry":{"type":"LineString","coordinates":[[-53.3412,-12.161],[-53.3415,-12.1607]]}},{"type":"Feature","properties":{},"geometry":{"type":"LineString","coordinates":[[-53.3433,-12.1624],[-53.3443,-12.1611]]}},{"type":"Feature","properties":{},"geometry":{"type":"LineString","coordinates":[[-53.3351,-12.1655],[-53.3357,-12.1647],[-53.3357,-12.1654]]}},{"type":"Feature","properties":{},"geometry":{"type":"LineString","coordinates":[[-53.3334,-12.1657],[-53.3349,-12.1653]]}},{"type":"Feature","properties":{},"geometry":{"type":"LineString","coordinates":[[-53.3419,-12.147],[-53.3424,-12.1495],[-53.3377,-12.1563],[-53.3352,-12.1617],[-53.3349,-12.1653]]}},{"type":"Feature","properties":{},"geometry":{"type":"LineString","coordinates":[[-53.3348,-12.1655],[-53.335,-12.1656]]}},{"type":"Feature","properties":{},"geometry":{"type":"LineString","coordinates":[[-53.3348,-12.1655],[-53.3348,-12.1658]]}},{"type":"Feature","properties":{},"geometry":{"type":"LineString","coordinates":[[-53.3345,-12.1654],[-53.3321,-12.1639]]}},{"type":"Feature","properties":{},"geometry":{"type":"LineString","coordinates":[[-53.3325,-12.1652],[-53.3319,-12.1649],[-53.3321,-12.1639]]}},{"type":"Feature","properties":{},"geometry":{"type":"LineString","coordinates":[[-53.3321,-12.1639],[-53.3322,-12.1635]]}},{"type":"Feature","properties":{},"geometry":{"type":"LineString","coordinates":[[-53.3343,-12.1631],[-53.3345,-12.1654]]}},{"type":"Feature","properties":{},"geometry":{"type":"LineString","coordinates":[[-53.3342,-12.1655],[-53.3333,-12.1652]]}},{"type":"Feature","properties":{},"geometry":{"type":"LineString","coordinates":[[-53.3336,-12.1653],[-53.3336,-12.1658]]}},{"type":"Feature","properties":{},"geometry":{"type":"LineString","coordinates":[[-53.3346,-12.1658],[-53.3338,-12.1659]]}},{"type":"Feature","properties":{},"geometry":{"type":"LineString","coordinates":[[-53.3346,-12.1669],[-53.331,-12.1673]]}},{"type":"Feature","properties":{},"geometry":{"type":"LineString","coordinates":[[-53.334,-12.167],[-53.3335,-12.1671]]}},{"type":"Feature","properties":{},"geometry":{"type":"LineString","coordinates":[[-53.3337,-12.1669],[-53.333,-12.167]]}},{"type":"Feature","properties":{},"geometry":{"type":"LineString","coordinates":[[-53.3338,-12.167],[-53.3332,-12.1669]]}},{"type":"Feature","properties":{},"geometry":{"type":"LineString","coordinates":[[-53.3343,-12.167],[-53.3327,-12.169],[-53.3318,-12.1717]]}},{"type":"Feature","properties":{},"geometry":{"type":"LineString","coordinates":[[-53.3323,-12.1712],[-53.3311,-12.1709]]}},{"type":"Feature","properties":{},"geometry":{"type":"LineString","coordinates":[[-53.3322,-12.1713],[-53.3313,-12.1705]]}},{"type":"Feature","properties":{},"geometry":{"type":"LineString","coordinates":[[-53.3323,-12.1714],[-53.3323,-12.1715]]}},{"type":"Feature","properties":{},"geometry":{"type":"LineString","coordinates":[[-53.3323,-12.1712],[-53.334,-12.17]]}},{"type":"Feature","properties":{},"geometry":{"type":"LineString","coordinates":[[-53.3325,-12.1712],[-53.3323,-12.1714]]}},{"type":"Feature","properties":{},"geometry":{"type":"LineString","coordinates":[[-53.3343,-12.1692],[-53.3337,-12.1707]]}},{"type":"Feature","properties":{},"geometry":{"type":"LineString","coordinates":[[-53.3343,-12.1692],[-53.3348,-12.1681]]}},{"type":"Feature","properties":{},"geometry":{"type":"LineString","coordinates":[[-53.3348,-12.1681],[-53.3351,-12.1674]]}},{"type":"Feature","properties":{},"geometry":{"type":"LineString","coordinates":[[-53.3343,-12.1692],[-53.3353,-12.168],[-53.3367,-12.1695]]}},{"type":"Feature","properties":{},"geometry":{"type":"LineString","coordinates":[[-53.3361,-12.1674],[-53.3371,-12.1696]]}},{"type":"Feature","properties":{},"geometry":{"type":"LineString","coordinates":[[-53.3366,-12.1678],[-53.3373,-12.1679]]}},{"type":"Feature","properties":{},"geometry":{"type":"LineString","coordinates":[[-53.3373,-12.1679],[-53.3402,-12.168],[-53.3412,-12.1686]]}},{"type":"Feature","properties":{},"geometry":{"type":"LineString","coordinates":[[-53.3364,-12.1671],[-53.3369,-12.1671]]}},{"type":"Feature","properties":{},"geometry":{"type":"LineString","coordinates":[[-53.3355,-12.1676],[-53.3353,-12.168]]}},{"type":"Feature","properties":{},"geometry":{"type":"LineString","coordinates":[[-53.3356,-12.1677],[-53.3358,-12.168]]}},{"type":"Feature","properties":{},"geometry":{"type":"LineString","coordinates":[[-53.3362,-12.1675],[-53.3366,-12.1678]]}},{"type":"Feature","properties":{},"geometry":{"type":"LineString","coordinates":[[-53.3346,-12.1673],[-53.3337,-12.1677]]}},{"type":"Feature","properties":{},"geometry":{"type":"LineString","coordinates":[[-53.3346,-12.1676],[-53.3348,-12.1681]]}},{"type":"Feature","properties":{},"geometry":{"type":"LineString","coordinates":[[-53.3352,-12.1677],[-53.3353,-12.168]]}},{"type":"Feature","properties":{},"geometry":{"type":"LineString","coordinates":[[-53.3353,-12.1678],[-53.335,-12.1683]]}},{"type":"Feature","properties":{},"geometry":{"type":"LineString","coordinates":[[-53.3353,-12.168],[-53.3355,-12.1685]]}},{"type":"Feature","properties":{},"geometry":{"type":"LineString","coordinates":[[-53.3358,-12.168],[-53.3356,-12.1681]]}},{"type":"Feature","properties":{},"geometry":{"type":"LineString","coordinates":[[-53.3345,-12.1673],[-53.3341,-12.1669]]}},{"type":"Feature","properties":{},"geometry":{"type":"LineString","coordinates":[[-53.4345,-12.1532],[-53.435,-12.1539]]}},{"type":"Feature","properties":{},"geometry":{"type":"LineString","coordinates":[[-53.4342,-12.1533],[-53.4351,-12.1533]]}},{"type":"Feature","properties":{},"geometry":{"type":"LineString","coordinates":[[-53.4347,-12.1529],[-53.4347,-12.1519]]}},{"type":"Feature","properties":{},"geometry":{"type":"LineString","coordinates":[[-53.4344,-12.1527],[-53.4352,-12.1519]]}},{"type":"Feature","properties":{},"geometry":{"type":"LineString","coordinates":[[-53.435,-12.1524],[-53.4358,-12.1535]]}},{"type":"Feature","properties":{},"geometry":{"type":"LineString","coordinates":[[-53.4362,-12.1538],[-53.4354,-12.1533]]}},{"type":"Feature","properties":{},"geometry":{"type":"LineString","coordinates":[[-53.4356,-12.1534],[-53.436,-12.1534]]}},{"type":"Feature","properties":{},"geometry":{"type":"LineString","coordinates":[[-53.4366,-12.1537],[-53.4377,-12.1535]]}},{"type":"Feature","properties":{},"geometry":{"type":"LineString","coordinates":[[-53.4374,-12.155],[-53.4376,-12.155]]}},{"type":"Feature","properties":{},"geometry":{"type":"LineString","coordinates":[[-53.4369,-12.1554],[-53.4372,-12.1555]]}},{"type":"Feature","properties":{},"geometry":{"type":"LineString","coordinates":[[-53.4337,-12.1544],[-53.4344,-12.1553]]}},{"type":"Feature","properties":{},"geometry":{"type":"LineString","coordinates":[[-53.4337,-12.1544],[-53.4346,-12.1543]]}},{"type":"Feature","properties":{},"geometry":{"type":"LineString","coordinates":[[-53.434,-12.1541],[-53.4347,-12.1542]]}},{"type":"Feature","properties":{},"geometry":{"type":"LineString","coordinates":[[-53.434,-12.154],[-53.4352,-12.154]]}},{"type":"Feature","properties":{},"geometry":{"type":"LineString","coordinates":[[-53.4343,-12.1535],[-53.4355,-12.1547]]}},{"type":"Feature","properties":{},"geometry":{"type":"LineString","coordinates":[[-53.4349,-12.1539],[-53.4352,-12.1541]]}},{"type":"Feature","properties":{},"geometry":{"type":"LineString","coordinates":[[-53.4334,-12.1557],[-53.4333,-12.1561]]}},{"type":"Feature","properties":{},"geometry":{"type":"LineString","coordinates":[[-53.432,-12.1526],[-53.4323,-12.1521]]}},{"type":"Feature","properties":{},"geometry":{"type":"LineString","coordinates":[[-53.4324,-12.1521],[-53.4314,-12.1515]]}},{"type":"Feature","properties":{},"geometry":{"type":"LineString","coordinates":[[-53.4313,-12.1519],[-53.4306,-12.1518]]}},{"type":"Feature","properties":{},"geometry":{"type":"LineString","coordinates":[[-53.4328,-12.1525],[-53.4315,-12.1522]]}},{"type":"Feature","properties":{},"geometry":{"type":"LineString","coordinates":[[-53.4312,-12.1521],[-53.4282,-12.1516]]}},{"type":"Feature","properties":{},"geometry":{"type":"LineString","coordinates":[[-53.4308,-12.1528],[-53.4306,-12.1524]]}},{"type":"Feature","properties":{},"geometry":{"type":"LineString","coordinates":[[-53.432,-12.1526],[-53.4312,-12.1528]]}},{"type":"Feature","properties":{},"geometry":{"type":"LineString","coordinates":[[-53.4321,-12.1531],[-53.4306,-12.152]]}},{"type":"Feature","properties":{},"geometry":{"type":"LineString","coordinates":[[-53.4321,-12.1534],[-53.4309,-12.153]]}},{"type":"Feature","properties":{},"geometry":{"type":"LineString","coordinates":[[-53.4307,-12.1532],[-53.4291,-12.153]]}},{"type":"Feature","properties":{},"geometry":{"type":"LineString","coordinates":[[-53.4288,-12.1539],[-53.4308,-12.1549]]}},{"type":"Feature","properties":{},"geometry":{"type":"LineString","coordinates":[[-53.4308,-12.155],[-53.4301,-12.1556]]}},{"type":"Feature","properties":{},"geometry":{"type":"LineString","coordinates":[[-53.4346,-12.152],[-53.4341,-12.1518]]}},{"type":"Feature","properties":{},"geometry":{"type":"LineString","coordinates":[[-53.436,-12.1523],[-53.4373,-12.152]]}},{"type":"Feature","properties":{},"geometry":{"type":"LineString","coordinates":[[-53.4326,-12.1503],[-53.4316,-12.1499]]}},{"type":"Feature","properties":{},"geometry":{"type":"LineString","coordinates":[[-53.2518,-12.2028],[-53.2513,-12.1994],[-53.2507,-12.1992],[-53.249,-12.1956],[-53.2492,-12.1897],[-53.2559,-12.1682]]}},{"type":"Feature","properties":{},"geometry":{"type":"LineString","coordinates":[[-53.2518,-12.2028],[-53.2551,-12.2112]]}},{"type":"Feature","properties":{},"geometry":{"type":"LineString","coordinates":[[-53.2552,-12.2114],[-53.2551,-12.2112]]}},{"type":"Feature","properties":{},"geometry":{"type":"LineString","coordinates":[[-53.2403,-12.1811],[-53.2415,-12.1791],[-53.2541,-12.174]]}},{"type":"Feature","properties":{},"geometry":{"type":"LineString","coordinates":[[-53.2417,-12.1791],[-53.2389,-12.1782]]}},{"type":"Feature","properties":{},"geometry":{"type":"LineString","coordinates":[[-53.2353,-12.1744],[-53.2355,-12.1771]]}},{"type":"Feature","properties":{},"geometry":{"type":"LineString","coordinates":[[-53.2369,-12.1772],[-53.237,-12.173]]}},{"type":"Feature","properties":{},"geometry":{"type":"LineString","coordinates":[[-53.2368,-12.1764],[-53.2379,-12.1764]]}},{"type":"Feature","properties":{},"geometry":{"type":"LineString","coordinates":[[-53.2336,-12.1784],[-53.234,-12.1775],[-53.2334,-12.176]]}},{"type":"Feature","properties":{},"geometry":{"type":"LineString","coordinates":[[-53.2295,-12.1747],[-53.2333,-12.1761]]}},{"type":"Feature","properties":{},"geometry":{"type":"LineString","coordinates":[[-53.2312,-12.1752],[-53.2309,-12.1755]]}},{"type":"Feature","properties":{},"geometry":{"type":"LineString","coordinates":[[-53.2376,-12.1726],[-53.231,-12.1697]]}},{"type":"Feature","properties":{},"geometry":{"type":"LineString","coordinates":[[-53.2364,-12.1734],[-53.2339,-12.173],[-53.2308,-12.1712]]}},{"type":"Feature","properties":{},"geometry":{"type":"LineString","coordinates":[[-53.2319,-12.1732],[-53.2329,-12.1735],[-53.2339,-12.1729]]}},{"type":"Feature","properties":{},"geometry":{"type":"LineString","coordinates":[[-53.2319,-12.1732],[-53.2295,-12.1723]]}},{"type":"Feature","properties":{},"geometry":{"type":"LineString","coordinates":[[-53.2285,-12.1737],[-53.2308,-12.174],[-53.2319,-12.1732]]}},{"type":"Feature","properties":{},"geometry":{"type":"LineString","coordinates":[[-53.2358,-12.1739],[-53.2328,-12.1708]]}},{"type":"Feature","properties":{},"geometry":{"type":"LineString","coordinates":[[-53.2387,-12.1718],[-53.2393,-12.1761],[-53.2419,-12.1749],[-53.245,-12.1761]]}},{"type":"Feature","properties":{},"geometry":{"type":"LineString","coordinates":[[-53.2397,-12.1709],[-53.2383,-12.169],[-53.2377,-12.1689],[-53.237,-12.1701]]}},{"type":"Feature","properties":{},"geometry":{"type":"LineString","coordinates":[[-53.2388,-12.1698],[-53.2373,-12.1699]]}},{"type":"Feature","properties":{},"geometry":{"type":"LineString","coordinates":[[-53.2377,-12.17],[-53.2377,-12.1706]]}},{"type":"Feature","properties":{},"geometry":{"type":"LineString","coordinates":[[-53.2398,-12.1708],[-53.2417,-12.1695]]}},{"type":"Feature","properties":{},"geometry":{"type":"LineString","coordinates":[[-53.2558,-12.1635],[-53.2427,-12.1688]]}},{"type":"Feature","properties":{},"geometry":{"type":"LineString","coordinates":[[-53.2561,-12.1673],[-53.2558,-12.1685]]}},{"type":"Feature","properties":{},"geometry":{"type":"LineString","coordinates":[[-53.2557,-12.1673],[-53.2535,-12.1677]]}},{"type":"Feature","properties":{},"geometry":{"type":"LineString","coordinates":[[-53.2559,-12.168],[-53.2563,-12.1684]]}},{"type":"Feature","properties":{},"geometry":{"type":"LineString","coordinates":[[-53.2567,-12.1653],[-53.2579,-12.1664],[-53.2569,-12.1675],[-53.2562,-12.1672]]}},{"type":"Feature","properties":{},"geometry":{"type":"LineString","coordinates":[[-53.2568,-12.1652],[-53.259,-12.1623]]}},{"type":"Feature","properties":{},"geometry":{"type":"LineString","coordinates":[[-53.2563,-12.1636],[-53.259,-12.1655],[-53.2604,-12.1634],[-53.2586,-12.1627]]}},{"type":"Feature","properties":{},"geometry":{"type":"LineString","coordinates":[[-53.2577,-12.1645],[-53.2595,-12.164],[-53.2601,-12.1626],[-53.2618,-12.1618]]}},{"type":"Feature","properties":{},"geometry":{"type":"LineString","coordinates":[[-53.2616,-12.1618],[-53.2623,-12.1623]]}},{"type":"Feature","properties":{},"geometry":{"type":"LineString","coordinates":[[-53.262,-12.162],[-53.2623,-12.1621]]}},{"type":"Feature","properties":{},"geometry":{"type":"LineString","coordinates":[[-53.2622,-12.1617],[-53.2623,-12.1621]]}},{"type":"Feature","properties":{},"geometry":{"type":"LineString","coordinates":[[-53.2622,-12.1619],[-53.2621,-12.162]]}},{"type":"Feature","properties":{},"geometry":{"type":"LineString","coordinates":[[-53.2627,-12.1617],[-53.2627,-12.1605]]}},{"type":"Feature","properties":{},"geometry":{"type":"LineString","coordinates":[[-53.2625,-12.161],[-53.2615,-12.1606]]}},{"type":"Feature","properties":{},"geometry":{"type":"LineString","coordinates":[[-53.2556,-12.1639],[-53.2557,-12.1653]]}},{"type":"Feature","properties":{},"geometry":{"type":"LineString","coordinates":[[-53.2556,-12.1641],[-53.2567,-12.1653]]}},{"type":"Feature","properties":{},"geometry":{"type":"LineString","coordinates":[[-53.2561,-12.1638],[-53.2565,-12.1651]]}},{"type":"Feature","properties":{},"geometry":{"type":"LineString","coordinates":[[-53.2558,-12.164],[-53.256,-12.1645]]}},{"type":"Feature","properties":{},"geometry":{"type":"LineString","coordinates":[[-53.2568,-12.1652],[-53.2557,-12.1653]]}},{"type":"Feature","properties":{},"geometry":{"type":"LineString","coordinates":[[-53.2562,-12.1641],[-53.256,-12.1652]]}},{"type":"Feature","properties":{},"geometry":{"type":"LineString","coordinates":[[-53.2552,-12.1638],[-53.2557,-12.1653]]}},{"type":"Feature","properties":{},"geometry":{"type":"LineString","coordinates":[[-53.2549,-12.1636],[-53.2557,-12.1653]]}},{"type":"Feature","properties":{},"geometry":{"type":"LineString","coordinates":[[-53.2549,-12.1637],[-53.2547,-12.1643]]}},{"type":"Feature","properties":{},"geometry":{"type":"LineString","coordinates":[[-53.2547,-12.1634],[-53.2545,-12.1644]]}},{"type":"Feature","properties":{},"geometry":{"type":"LineString","coordinates":[[-53.2547,-12.1633],[-53.2537,-12.1628]]}},{"type":"Feature","properties":{},"geometry":{"type":"LineString","coordinates":[[-53.2548,-12.1622],[-53.254,-12.1623]]}},{"type":"Feature","properties":{},"geometry":{"type":"LineString","coordinates":[[-53.2549,-12.1625],[-53.2545,-12.1622]]}},{"type":"Feature","properties":{},"geometry":{"type":"LineString","coordinates":[[-53.2559,-12.1617],[-53.2545,-12.162]]}},{"type":"Feature","properties":{},"geometry":{"type":"LineString","coordinates":[[-53.2562,-12.1637],[-53.2572,-12.1636]]}},{"type":"Feature","properties":{},"geometry":{"type":"LineString","coordinates":[[-53.2573,-12.1636],[-53.2581,-12.1637]]}},{"type":"Feature","properties":{},"geometry":{"type":"LineString","coordinates":[[-53.2575,-12.1629],[-53.2586,-12.1627]]}},{"type":"Feature","properties":{},"geometry":{"type":"LineString","coordinates":[[-53.2576,-12.1626],[-53.2578,-12.1625]]}},{"type":"Feature","properties":{},"geometry":{"type":"LineString","coordinates":[[-53.2574,-12.1629],[-53.2568,-12.1628]]}},{"type":"Feature","properties":{},"geometry":{"type":"LineString","coordinates":[[-53.2574,-12.163],[-53.2568,-12.1632]]}},{"type":"Feature","properties":{},"geometry":{"type":"LineString","coordinates":[[-53.2572,-12.1635],[-53.2568,-12.1632]]}},{"type":"Feature","properties":{},"geometry":{"type":"LineString","coordinates":[[-53.2572,-12.1635],[-53.2566,-12.1634]]}},{"type":"Feature","properties":{},"geometry":{"type":"LineString","coordinates":[[-53.2574,-12.1625],[-53.257,-12.1624]]}},{"type":"Feature","properties":{},"geometry":{"type":"LineString","coordinates":[[-53.2571,-12.1624],[-53.2578,-12.1619],[-53.2578,-12.1603]]}},{"type":"Feature","properties":{},"geometry":{"type":"LineString","coordinates":[[-53.257,-12.1624],[-53.2572,-12.1609]]}},{"type":"Feature","properties":{},"geometry":{"type":"LineString","coordinates":[[-53.2578,-12.1618],[-53.2573,-12.161]]}},{"type":"Feature","properties":{},"geometry":{"type":"LineString","coordinates":[[-53.2566,-12.162],[-53.2574,-12.1614]]}},{"type":"Feature","properties":{},"geometry":{"type":"LineString","coordinates":[[-53.2574,-12.1614],[-53.2577,-12.1615]]}},{"type":"Feature","properties":{},"geometry":{"type":"LineString","coordinates":[[-53.2574,-12.1615],[-53.2577,-12.1609]]}},{"type":"Feature","properties":{},"geometry":{"type":"LineString","coordinates":[[-53.2574,-12.1614],[-53.2587,-12.1612]]}},{"type":"Feature","properties":{},"geometry":{"type":"LineString","coordinates":[[-53.2573,-12.1614],[-53.2577,-12.1604]]}},{"type":"Feature","properties":{},"geometry":{"type":"LineString","coordinates":[[-53.2573,-12.161],[-53.2579,-12.1606]]}},{"type":"Feature","properties":{},"geometry":{"type":"LineString","coordinates":[[-53.2577,-12.1609],[-53.2581,-12.1606]]}},{"type":"Feature","properties":{},"geometry":{"type":"LineString","coordinates":[[-53.2582,-12.1606],[-53.2634,-12.1569]]}},{"type":"Feature","properties":{},"geometry":{"type":"LineString","coordinates":[[-53.2584,-12.1604],[-53.2566,-12.1608]]}},{"type":"Feature","properties":{},"geometry":{"type":"LineString","coordinates":[[-53.2575,-12.1606],[-53.2571,-12.161]]}},{"type":"Feature","properties":{},"geometry":{"type":"LineString","coordinates":[[-53.2571,-12.1608],[-53.257,-12.1607]]}},{"type":"Feature","properties":{},"geometry":{"type":"LineString","coordinates":[[-53.2571,-12.161],[-53.2567,-12.1608]]}},{"type":"Feature","properties":{},"geometry":{"type":"LineString","coordinates":[[-53.2553,-12.1585],[-53.2572,-12.1609]]}},{"type":"Feature","properties":{},"geometry":{"type":"LineString","coordinates":[[-53.2589,-12.1553],[-53.2553,-12.1614]]}},{"type":"Feature","properties":{},"geometry":{"type":"LineString","coordinates":[[-53.2553,-12.1585],[-53.2546,-12.1576],[-53.2555,-12.1545],[-53.2551,-12.1513]]}},{"type":"Feature","properties":{},"geometry":{"type":"LineString","coordinates":[[-53.2546,-12.1574],[-53.2509,-12.1545],[-53.2446,-12.1475]]}},{"type":"Feature","properties":{},"geometry":{"type":"LineString","coordinates":[[-53.2404,-12.1467],[-53.2446,-12.1475]]}},{"type":"Feature","properties":{},"geometry":{"type":"LineString","coordinates":[[-53.2472,-12.15],[-53.2468,-12.1483],[-53.2474,-12.1455],[-53.245,-12.1418]]}},{"type":"Feature","properties":{},"geometry":{"type":"LineString","coordinates":[[-53.2421,-12.1503],[-53.248,-12.1511]]}},{"type":"Feature","properties":{},"geometry":{"type":"LineString","coordinates":[[-53.2433,-12.1502],[-53.2419,-12.149]]}},{"type":"Feature","properties":{},"geometry":{"type":"LineString","coordinates":[[-53.2431,-12.1499],[-53.2429,-12.1489]]}},{"type":"Feature","properties":{},"geometry":{"type":"LineString","coordinates":[[-53.2434,-12.1502],[-53.2425,-12.1508],[-53.2429,-12.1515]]}},{"type":"Feature","properties":{},"geometry":{"type":"LineString","coordinates":[[-53.2431,-12.1502],[-53.2425,-12.1507]]}},{"type":"Feature","properties":{},"geometry":{"type":"LineString","coordinates":[[-53.2426,-12.1505],[-53.2421,-12.1502]]}},{"type":"Feature","properties":{},"geometry":{"type":"LineString","coordinates":[[-53.2425,-12.1508],[-53.242,-12.1513]]}},{"type":"Feature","properties":{},"geometry":{"type":"LineString","coordinates":[[-53.2563,-12.1617],[-53.2562,-12.1611]]}},{"type":"Feature","properties":{},"geometry":{"type":"LineString","coordinates":[[-53.2563,-12.1617],[-53.2566,-12.1608]]}},{"type":"Feature","properties":{},"geometry":{"type":"LineString","coordinates":[[-53.2561,-12.1616],[-53.2563,-12.1603]]}},{"type":"Feature","properties":{},"geometry":{"type":"LineString","coordinates":[[-53.2558,-12.1616],[-53.256,-12.1611]]}},{"type":"Feature","properties":{},"geometry":{"type":"LineString","coordinates":[[-53.2553,-12.1614],[-53.2551,-12.162]]}},{"type":"Feature","properties":{},"geometry":{"type":"LineString","coordinates":[[-53.256,-12.1611],[-53.2556,-12.161]]}},{"type":"Feature","properties":{},"geometry":{"type":"LineString","coordinates":[[-53.2612,-12.1564],[-53.2606,-12.1571]]}},{"type":"Feature","properties":{},"geometry":{"type":"LineString","coordinates":[[-53.2611,-12.1587],[-53.2621,-12.1565]]}},{"type":"Feature","properties":{},"geometry":{"type":"LineString","coordinates":[[-53.2615,-12.1585],[-53.2634,-12.1587]]}},{"type":"Feature","properties":{},"geometry":{"type":"LineString","coordinates":[[-53.259,-12.1608],[-53.2599,-12.1596]]}},{"type":"Feature","properties":{},"geometry":{"type":"LineString","coordinates":[[-53.2579,-12.1606],[-53.2607,-12.1569]]}},{"type":"Feature","properties":{},"geometry":{"type":"LineString","coordinates":[[-53.2601,-12.1556],[-53.2588,-12.1575]]}},{"type":"Feature","properties":{},"geometry":{"type":"LineString","coordinates":[[-53.2581,-12.1567],[-53.2589,-12.1574]]}},{"type":"Feature","properties":{},"geometry":{"type":"LineString","coordinates":[[-53.2571,-12.1611],[-53.2574,-12.1612]]}},{"type":"Feature","properties":{},"geometry":{"type":"LineString","coordinates":[[-53.2514,-12.1635],[-53.245,-12.1631],[-53.2378,-12.1606],[-53.2362,-12.1592],[-53.2345,-12.1588]]}},{"type":"Feature","properties":{},"geometry":{"type":"LineString","coordinates":[[-53.2483,-12.1631],[-53.2503,-12.1654],[-53.2513,-12.1656]]}},{"type":"Feature","properties":{},"geometry":{"type":"LineString","coordinates":[[-53.2454,-12.1631],[-53.2371,-12.1653],[-53.2344,-12.1643]]}},{"type":"Feature","properties":{},"geometry":{"type":"LineString","coordinates":[[-53.2454,-12.1631],[-53.2401,-12.1629],[-53.2377,-12.1612],[-53.2372,-12.1599],[-53.235,-12.1587]]}},{"type":"Feature","properties":{},"geometry":{"type":"LineString","coordinates":[[-53.2364,-12.1651],[-53.2346,-12.1659]]}},{"type":"Feature","properties":{},"geometry":{"type":"LineString","coordinates":[[-53.2349,-12.1654],[-53.2343,-12.1651]]}},{"type":"Feature","properties":{},"geometry":{"type":"LineString","coordinates":[[-53.2382,-12.1533],[-53.2405,-12.1574],[-53.2469,-12.1607],[-53.2483,-12.1631]]}},{"type":"Feature","properties":{},"geometry":{"type":"LineString","coordinates":[[-53.2469,-12.1607],[-53.2537,-12.1628]]}},{"type":"Feature","properties":{},"geometry":{"type":"LineString","coordinates":[[-53.2456,-12.1631],[-53.2444,-12.1619],[-53.2434,-12.1591]]}},{"type":"Feature","properties":{},"geometry":{"type":"LineString","coordinates":[[-53.2323,-12.1522],[-53.2346,-12.1535],[-53.2387,-12.1543]]}},{"type":"Feature","properties":{},"geometry":{"type":"LineString","coordinates":[[-53.2323,-12.1522],[-53.2275,-12.1498],[-53.2178,-12.1402]]}},{"type":"Feature","properties":{},"geometry":{"type":"LineString","coordinates":[[-53.3009,-12.1401],[-53.3004,-12.1409]]}},{"type":"Feature","properties":{},"geometry":{"type":"LineString","coordinates":[[-53.3018,-12.1288],[-53.3001,-12.1315],[-53.3004,-12.1407]]}},{"type":"Feature","properties":{},"geometry":{"type":"LineString","coordinates":[[-53.2096,-12.2374],[-53.2012,-12.2343],[-53.1881,-12.2318]]}},{"type":"Feature","properties":{},"geometry":{"type":"LineString","coordinates":[[-53.2178,-12.2387],[-53.2111,-12.2371],[-53.2096,-12.2374]]}},{"type":"Feature","properties":{},"geometry":{"type":"LineString","coordinates":[[-53.2296,-12.2339],[-53.2235,-12.2382],[-53.2178,-12.2387]]}},{"type":"Feature","properties":{},"geometry":{"type":"LineString","coordinates":[[-53.2191,-12.2387],[-53.2204,-12.2391],[-53.2221,-12.2384]]}},{"type":"Feature","properties":{},"geometry":{"type":"LineString","coordinates":[[-53.2296,-12.2339],[-53.2335,-12.2276],[-53.2327,-12.224]]}},{"type":"Feature","properties":{},"geometry":{"type":"LineString","coordinates":[[-53.2379,-12.2165],[-53.2335,-12.2221]]}},{"type":"Feature","properties":{},"geometry":{"type":"LineString","coordinates":[[-53.1859,-12.2344],[-53.1872,-12.2328],[-53.1868,-12.2315]]}},{"type":"Feature","properties":{},"geometry":{"type":"LineString","coordinates":[[-53.1868,-12.2312],[-53.1881,-12.2318]]}},{"type":"Feature","properties":{},"geometry":{"type":"LineString","coordinates":[[-53.1867,-12.2309],[-53.1877,-12.2314]]}},{"type":"Feature","properties":{},"geometry":{"type":"LineString","coordinates":[[-53.1869,-12.2309],[-53.1917,-12.2255]]}},{"type":"Feature","properties":{},"geometry":{"type":"LineString","coordinates":[[-53.1873,-12.2311],[-53.1913,-12.2288],[-53.1928,-12.2288]]}},{"type":"Feature","properties":{},"geometry":{"type":"LineString","coordinates":[[-53.1906,-12.2271],[-53.1896,-12.2298]]}},{"type":"Feature","properties":{},"geometry":{"type":"LineString","coordinates":[[-53.1902,-12.2281],[-53.1913,-12.2288]]}},{"type":"Feature","properties":{},"geometry":{"type":"LineString","coordinates":[[-53.1881,-12.2318],[-53.1898,-12.2332],[-53.193,-12.2345],[-53.1968,-12.2337]]}},{"type":"Feature","properties":{},"geometry":{"type":"LineString","coordinates":[[-53.1911,-12.2335],[-53.1925,-12.2359]]}},{"type":"Feature","properties":{},"geometry":{"type":"LineString","coordinates":[[-53.1872,-12.2328],[-53.1903,-12.2378]]}},{"type":"Feature","properties":{},"geometry":{"type":"LineString","coordinates":[[-53.1884,-12.2352],[-53.1859,-12.239]]}},{"type":"Feature","properties":{},"geometry":{"type":"LineString","coordinates":[[-53.1863,-12.2379],[-53.1878,-12.2394]]}},{"type":"Feature","properties":{},"geometry":{"type":"LineString","coordinates":[[-53.1855,-12.2366],[-53.1798,-12.2343],[-53.1768,-12.2352],[-53.1767,-12.2359]]}},{"type":"Feature","properties":{},"geometry":{"type":"LineString","coordinates":[[-53.1855,-12.2363],[-53.1852,-12.2365]]}},{"type":"Feature","properties":{},"geometry":{"type":"LineString","coordinates":[[-53.1855,-12.2364],[-53.1852,-12.2365]]}},{"type":"Feature","properties":{},"geometry":{"type":"LineString","coordinates":[[-53.1855,-12.2366],[-53.1864,-12.2377]]}},{"type":"Feature","properties":{},"geometry":{"type":"LineString","coordinates":[[-53.1857,-12.2357],[-53.1861,-12.2369]]}},{"type":"Feature","properties":{},"geometry":{"type":"LineString","coordinates":[[-53.1858,-12.236],[-53.1856,-12.236]]}},{"type":"Feature","properties":{},"geometry":{"type":"LineString","coordinates":[[-53.1858,-12.2361],[-53.1856,-12.2361]]}},{"type":"Feature","properties":{},"geometry":{"type":"LineString","coordinates":[[-53.1867,-12.2336],[-53.1859,-12.2338]]}},{"type":"Feature","properties":{},"geometry":{"type":"LineString","coordinates":[[-53.1865,-12.2318],[-53.1861,-12.2338]]}},{"type":"Feature","properties":{},"geometry":{"type":"LineString","coordinates":[[-53.1862,-12.2318],[-53.1847,-12.2327],[-53.1848,-12.2334]]}},{"type":"Feature","properties":{},"geometry":{"type":"LineString","coordinates":[[-53.1857,-12.2322],[-53.1859,-12.2331]]}},{"type":"Feature","properties":{},"geometry":{"type":"LineString","coordinates":[[-53.1859,-12.2321],[-53.1857,-12.2324]]}},{"type":"Feature","properties":{},"geometry":{"type":"LineString","coordinates":[[-53.1856,-12.2317],[-53.1825,-12.2333]]}},{"type":"Feature","properties":{},"geometry":{"type":"LineString","coordinates":[[-53.1842,-12.2308],[-53.1837,-12.2327]]}},{"type":"Feature","properties":{},"geometry":{"type":"LineString","coordinates":[[-53.1854,-12.2316],[-53.1839,-12.2318]]}},{"type":"Feature","properties":{},"geometry":{"type":"LineString","coordinates":[[-53.1853,-12.2311],[-53.1842,-12.2308]]}},{"type":"Feature","properties":{},"geometry":{"type":"LineString","coordinates":[[-53.1855,-12.2306],[-53.1842,-12.2308]]}},{"type":"Feature","properties":{},"geometry":{"type":"LineString","coordinates":[[-53.1842,-12.2308],[-53.1821,-12.2306]]}},{"type":"Feature","properties":{},"geometry":{"type":"LineString","coordinates":[[-53.1788,-12.2317],[-53.1839,-12.2318]]}},{"type":"Feature","properties":{},"geometry":{"type":"LineString","coordinates":[[-53.1788,-12.2317],[-53.183,-12.2307]]}},{"type":"Feature","properties":{},"geometry":{"type":"LineString","coordinates":[[-53.1759,-12.2318],[-53.1794,-12.2316]]}},{"type":"Feature","properties":{},"geometry":{"type":"LineString","coordinates":[[-53.1788,-12.2317],[-53.175,-12.2321]]}},{"type":"Feature","properties":{},"geometry":{"type":"LineString","coordinates":[[-53.1769,-12.2318],[-53.1772,-12.2329],[-53.1757,-12.2332]]}},{"type":"Feature","properties":{},"geometry":{"type":"LineString","coordinates":[[-53.1774,-12.2318],[-53.1777,-12.2327],[-53.1772,-12.2329]]}},{"type":"Feature","properties":{},"geometry":{"type":"LineString","coordinates":[[-53.1821,-12.2306],[-53.1796,-12.2305],[-53.1769,-12.2288]]}},{"type":"Feature","properties":{},"geometry":{"type":"LineString","coordinates":[[-53.1789,-12.2299],[-53.1774,-12.229]]}},{"type":"Feature","properties":{},"geometry":{"type":"LineString","coordinates":[[-53.1797,-12.2254],[-53.1806,-12.2259]]}},{"type":"Feature","properties":{},"geometry":{"type":"LineString","coordinates":[[-53.1794,-12.2247],[-53.1801,-12.2256]]}},{"type":"Feature","properties":{},"geometry":{"type":"LineString","coordinates":[[-53.1774,-12.229],[-53.1774,-12.2318]]}},{"type":"Feature","properties":{},"geometry":{"type":"LineString","coordinates":[[-53.1769,-12.2288],[-53.1763,-12.2311],[-53.1768,-12.2336]]}},{"type":"Feature","properties":{},"geometry":{"type":"LineString","coordinates":[[-53.1764,-12.2303],[-53.1757,-12.2304]]}},{"type":"Feature","properties":{},"geometry":{"type":"LineString","coordinates":[[-53.1786,-12.2344],[-53.1781,-12.2358]]}},{"type":"Feature","properties":{},"geometry":{"type":"LineString","coordinates":[[-53.1781,-12.2347],[-53.1779,-12.2336],[-53.1773,-12.2344]]}},{"type":"Feature","properties":{},"geometry":{"type":"LineString","coordinates":[[-53.1781,-12.2347],[-53.1773,-12.2344]]}},{"type":"Feature","properties":{},"geometry":{"type":"LineString","coordinates":[[-53.1779,-12.2346],[-53.1779,-12.2336]]}},{"type":"Feature","properties":{},"geometry":{"type":"LineString","coordinates":[[-53.1781,-12.2347],[-53.1779,-12.235]]}},{"type":"Feature","properties":{},"geometry":{"type":"LineString","coordinates":[[-53.1858,-12.2306],[-53.1854,-12.2297]]}},{"type":"Feature","properties":{},"geometry":{"type":"LineString","coordinates":[[-53.186,-12.2299],[-53.1853,-12.2301],[-53.1857,-12.2307]]}},{"type":"Feature","properties":{},"geometry":{"type":"LineString","coordinates":[[-53.1856,-12.2305],[-53.1851,-12.2305]]}},{"type":"Feature","properties":{},"geometry":{"type":"LineString","coordinates":[[-53.1855,-12.2304],[-53.1853,-12.2305]]}},{"type":"Feature","properties":{},"geometry":{"type":"LineString","coordinates":[[-53.1867,-12.2307],[-53.1883,-12.2294]]}},{"type":"Feature","properties":{},"geometry":{"type":"LineString","coordinates":[[-53.1866,-12.2305],[-53.187,-12.2284]]}},{"type":"Feature","properties":{},"geometry":{"type":"LineString","coordinates":[[-53.187,-12.2289],[-53.1874,-12.228]]}},{"type":"Feature","properties":{},"geometry":{"type":"LineString","coordinates":[[-53.1866,-12.229],[-53.187,-12.2289]]}},{"type":"Feature","properties":{},"geometry":{"type":"LineString","coordinates":[[-53.1872,-12.2328],[-53.1883,-12.2319]]}},{"type":"Feature","properties":{},"geometry":{"type":"LineString","coordinates":[[-53.1872,-12.2316],[-53.1873,-12.2328]]}},{"type":"Feature","properties":{},"geometry":{"type":"LineString","coordinates":[[-53.1849,-12.2284],[-53.1874,-12.2236]]}},{"type":"Feature","properties":{},"geometry":{"type":"LineString","coordinates":[[-53.1849,-12.2284],[-53.1847,-12.2291]]}},{"type":"Feature","properties":{},"geometry":{"type":"LineString","coordinates":[[-53.1843,-12.2283],[-53.1847,-12.229]]}},{"type":"Feature","properties":{},"geometry":{"type":"LineString","coordinates":[[-53.1848,-12.2286],[-53.1843,-12.2284]]}},{"type":"Feature","properties":{},"geometry":{"type":"LineString","coordinates":[[-53.1852,-12.2285],[-53.1851,-12.2278]]}},{"type":"Feature","properties":{},"geometry":{"type":"LineString","coordinates":[[-53.1851,-12.2278],[-53.1849,-12.225],[-53.1862,-12.2229]]}},{"type":"Feature","properties":{},"geometry":{"type":"LineString","coordinates":[[-53.1872,-12.2239],[-53.1829,-12.2224],[-53.1816,-12.2226],[-53.1786,-12.2212]]}},{"type":"Feature","properties":{},"geometry":{"type":"LineString","coordinates":[[-53.1857,-12.2293],[-53.1854,-12.2271]]}},{"type":"Feature","properties":{},"geometry":{"type":"LineString","coordinates":[[-53.1872,-12.2249],[-53.1911,-12.2264]]}},{"type":"Feature","properties":{},"geometry":{"type":"LineString","coordinates":[[-53.1896,-12.2262],[-53.1902,-12.2243]]}},{"type":"Feature","properties":{},"geometry":{"type":"LineString","coordinates":[[-53.1863,-12.2307],[-53.1862,-12.2318]]}},{"type":"Feature","properties":{},"geometry":{"type":"LineString","coordinates":[[-53.3916,-12.3827],[-53.3882,-12.3831],[-53.386,-12.3824]]}},{"type":"Feature","properties":{},"geometry":{"type":"LineString","coordinates":[[-53.3917,-12.3825],[-53.3907,-12.3817]]}},{"type":"Feature","properties":{},"geometry":{"type":"LineString","coordinates":[[-53.3923,-12.3824],[-53.3934,-12.382]]}},{"type":"Feature","properties":{},"geometry":{"type":"LineString","coordinates":[[-53.3926,-12.3831],[-53.3938,-12.3837]]}},{"type":"Feature","properties":{},"geometry":{"type":"LineString","coordinates":[[-53.3919,-12.3835],[-53.3903,-12.3858]]}},{"type":"Feature","properties":{},"geometry":{"type":"LineString","coordinates":[[-53.3909,-12.3857],[-53.3904,-12.3867]]}},{"type":"Feature","properties":{},"geometry":{"type":"LineString","coordinates":[[-53.3922,-12.3835],[-53.3927,-12.3841],[-53.3924,-12.385],[-53.3909,-12.3857]]}},{"type":"Feature","properties":{},"geometry":{"type":"LineString","coordinates":[[-53.3925,-12.3833],[-53.3927,-12.3841]]}},{"type":"Feature","properties":{},"geometry":{"type":"LineString","coordinates":[[-53.3927,-12.383],[-53.3933,-12.3831]]}},{"type":"Feature","properties":{},"geometry":{"type":"LineString","coordinates":[[-53.393,-12.3831],[-53.3953,-12.3804]]}},{"type":"Feature","properties":{},"geometry":{"type":"LineString","coordinates":[[-53.3926,-12.3828],[-53.3929,-12.3825]]}},{"type":"Feature","properties":{},"geometry":{"type":"LineString","coordinates":[[-53.3921,-12.3824],[-53.3912,-12.382]]}},{"type":"Feature","properties":{},"geometry":{"type":"LineString","coordinates":[[-53.3916,-12.3832],[-53.387,-12.3839],[-53.3869,-12.3849]]}},{"type":"Feature","properties":{},"geometry":{"type":"LineString","coordinates":[[-53.3879,-12.384],[-53.3869,-12.3847]]}},{"type":"Feature","properties":{},"geometry":{"type":"LineString","coordinates":[[-53.3888,-12.3837],[-53.3882,-12.3831]]}},{"type":"Feature","properties":{},"geometry":{"type":"LineString","coordinates":[[-53.1058,-10.8106],[-53.104,-10.8096],[-53.1022,-10.8099]]}},{"type":"Feature","properties":{},"geometry":{"type":"LineString","coordinates":[[-53.3518,-11.3736],[-53.3528,-11.3737]]}},{"type":"Feature","properties":{},"geometry":{"type":"LineString","coordinates":[[-53.3528,-11.3727],[-53.3525,-11.3735]]}},{"type":"Feature","properties":{},"geometry":{"type":"LineString","coordinates":[[-53.3513,-11.3734],[-53.3516,-11.3734]]}},{"type":"Feature","properties":{},"geometry":{"type":"LineString","coordinates":[[-53.9676,-12.2092],[-53.968,-12.2072],[-53.9689,-12.206],[-53.9682,-12.2041]]}},{"type":"Feature","properties":{},"geometry":{"type":"LineString","coordinates":[[-53.9684,-12.2041],[-53.9682,-12.2041]]}},{"type":"Feature","properties":{},"geometry":{"type":"LineString","coordinates":[[-53.4247,-12.1706],[-53.4325,-12.1548]]}},{"type":"Feature","properties":{},"geometry":{"type":"LineString","coordinates":[[-53.5807,-12.2481],[-53.5684,-12.2448]]}},{"type":"Feature","properties":{},"geometry":{"type":"LineString","coordinates":[[-53.2952,-12.1036],[-53.2957,-12.1046]]}},{"type":"Feature","properties":{},"geometry":{"type":"LineString","coordinates":[[-53.2967,-12.1033],[-53.2956,-12.1042]]}},{"type":"Feature","properties":{},"geometry":{"type":"LineString","coordinates":[[-53.2627,-12.1617],[-53.2565,-12.1627]]}},{"type":"Feature","properties":{},"geometry":{"type":"LineString","coordinates":[[-53.1881,-12.2318],[-53.1868,-12.2315]]}},{"type":"Feature","properties":{},"geometry":{"type":"LineString","coordinates":[[-53.2118,-12.3499],[-53.2142,-12.3488]]}},{"type":"Feature","properties":{},"geometry":{"type":"LineString","coordinates":[[-53.1017,-12.556],[-53.1003,-12.5564]]}},{"type":"Feature","properties":{},"geometry":{"type":"LineString","coordinates":[[-53.0034,-12.5141],[-52.999,-12.5141]]}},{"type":"Feature","properties":{},"geometry":{"type":"LineString","coordinates":[[-53.2406,-12.5425],[-53.2397,-12.5426]]}},{"type":"Feature","properties":{},"geometry":{"type":"LineString","coordinates":[[-53.2408,-12.5423],[-53.241,-12.5412],[-53.2429,-12.5413]]}},{"type":"Feature","properties":{},"geometry":{"type":"LineString","coordinates":[[-53.2416,-12.5413],[-53.2416,-12.5403]]}},{"type":"Feature","properties":{},"geometry":{"type":"LineString","coordinates":[[-53.241,-12.5412],[-53.2408,-12.5402]]}},{"type":"Feature","properties":{},"geometry":{"type":"LineString","coordinates":[[-53.241,-12.5426],[-53.2434,-12.5432]]}},{"type":"Feature","properties":{},"geometry":{"type":"LineString","coordinates":[[-53.5814,-11.6323],[-53.5793,-11.6343]]}},{"type":"Feature","properties":{},"geometry":{"type":"LineString","coordinates":[[-53.5806,-11.6314],[-53.5791,-11.634]]}},{"type":"Feature","properties":{},"geometry":{"type":"LineString","coordinates":[[-53.58,-11.6334],[-53.5797,-11.6337]]}},{"type":"Feature","properties":{},"geometry":{"type":"LineString","coordinates":[[-53.58,-11.6337],[-53.5804,-11.635]]}},{"type":"Feature","properties":{},"geometry":{"type":"LineString","coordinates":[[-53.5809,-11.6344],[-53.5818,-11.6341]]}},{"type":"Feature","properties":{},"geometry":{"type":"LineString","coordinates":[[-53.5807,-11.6342],[-53.5814,-11.6336],[-53.581,-11.6331]]}},{"type":"Feature","properties":{},"geometry":{"type":"LineString","coordinates":[[-53.455,-12.0925],[-53.4531,-12.0943],[-53.4512,-12.0944],[-53.4509,-12.096]]}},{"type":"Feature","properties":{},"geometry":{"type":"LineString","coordinates":[[-53.4531,-12.0943],[-53.4532,-12.0881]]}},{"type":"Feature","properties":{},"geometry":{"type":"LineString","coordinates":[[-53.4534,-12.0903],[-53.4547,-12.0899]]}},{"type":"Feature","properties":{},"geometry":{"type":"LineString","coordinates":[[-53.4528,-12.0943],[-53.4541,-12.0955]]}},{"type":"Feature","properties":{},"geometry":{"type":"LineString","coordinates":[[-53.4528,-12.0943],[-53.4526,-12.0942]]}},{"type":"Feature","properties":{},"geometry":{"type":"LineString","coordinates":[[-53.4526,-12.0942],[-53.4531,-12.0941]]}},{"type":"Feature","properties":{},"geometry":{"type":"LineString","coordinates":[[-53.5011,-10.5752],[-53.501,-10.5749]]}},{"type":"Feature","properties":{},"geometry":{"type":"LineString","coordinates":[[-53.595,-11.8545],[-53.5941,-11.8571]]}},{"type":"Feature","properties":{},"geometry":{"type":"LineString","coordinates":[[-53.3264,-12.0804],[-53.3255,-12.0808],[-53.3259,-12.0795],[-53.3266,-12.08],[-53.3264,-12.0804]]}},{"type":"Feature","properties":{},"geometry":{"type":"LineString","coordinates":[[-53.3526,-11.3738],[-53.3528,-11.3745],[-53.3526,-11.3738]]}},{"type":"Feature","properties":{},"geometry":{"type":"LineString","coordinates":[[-53.3162,-10.9479],[-53.3156,-10.9471]]}},{"type":"Feature","properties":{},"geometry":{"type":"LineString","coordinates":[[-53.1197,-12.451],[-53.1173,-12.4543]]}},{"type":"Feature","properties":{},"geometry":{"type":"LineString","coordinates":[[-53.1957,-12.2808],[-53.1992,-12.2834],[-53.2023,-12.2848]]}},{"type":"Feature","properties":{},"geometry":{"type":"LineString","coordinates":[[-54.2269,-10.7823],[-54.2458,-10.8151]]}},{"type":"Feature","properties":{},"geometry":{"type":"LineString","coordinates":[[-54.1735,-10.7926],[-54.2143,-10.8486]]}},{"type":"Feature","properties":{},"geometry":{"type":"LineString","coordinates":[[-54.1067,-11.0311],[-54.1093,-11.0334],[-54.1104,-11.0329],[-54.1128,-11.0296],[-54.1147,-11.0285],[-54.1656,-11.0388],[-54.1673,-11.0389],[-54.1717,-11.0373],[-54.1731,-11.0374],[-54.1739,-11.0367],[-54.1757,-11.0372],[-54.177,-11.0386],[-54.1914,-11.0413]]}},{"type":"Feature","properties":{},"geometry":{"type":"LineString","coordinates":[[-54.1064,-11.0311],[-54.1067,-11.0311]]}},{"type":"Feature","properties":{},"geometry":{"type":"LineString","coordinates":[[-54.0963,-11.7001],[-54.1002,-11.679],[-54.1052,-11.663]]}},{"type":"Feature","properties":{},"geometry":{"type":"LineString","coordinates":[[-54.1715,-10.7982],[-54.174,-10.7913],[-54.1746,-10.7911],[-54.1768,-10.7921],[-54.1782,-10.7916],[-54.1791,-10.7903],[-54.1782,-10.7891],[-54.1783,-10.7882],[-54.1835,-10.7851]]}},{"type":"Feature","properties":{},"geometry":{"type":"LineString","coordinates":[[-54.2267,-10.7822],[-54.2267,-10.7822]]}},{"type":"Feature","properties":{},"geometry":{"type":"LineString","coordinates":[[-54.1606,-10.83],[-54.1715,-10.7982],[-54.1699,-10.7958]]}},{"type":"Feature","properties":{},"geometry":{"type":"LineString","coordinates":[[-54.1699,-10.7958],[-54.1698,-10.7957]]}},{"type":"Feature","properties":{},"geometry":{"type":"LineString","coordinates":[[-54.1698,-10.7957],[-54.1497,-10.763],[-54.1403,-10.7454],[-54.0984,-10.7709],[-54.0916,-10.7574]]}},{"type":"Feature","properties":{},"geometry":{"type":"LineString","coordinates":[[-54.0916,-10.7574],[-54.0915,-10.7574]]}},{"type":"Feature","properties":{},"geometry":{"type":"LineString","coordinates":[[-53.3771,-12.2019],[-53.3774,-12.2018]]}},{"type":"Feature","properties":{},"geometry":{"type":"LineString","coordinates":[[-53.3785,-12.2012],[-53.3777,-12.2009]]}},{"type":"Feature","properties":{},"geometry":{"type":"LineString","coordinates":[[-53.3248,-12.0977],[-53.3245,-12.0983],[-53.3236,-12.098]]}},{"type":"Feature","properties":{},"geometry":{"type":"LineString","coordinates":[[-54.4934,-11.1116],[-54.5092,-11.096]]}},{"type":"Feature","properties":{},"geometry":{"type":"LineString","coordinates":[[-54.4949,-11.1102],[-54.4949,-11.1103]]}},{"type":"Feature","properties":{},"geometry":{"type":"LineString","coordinates":[[-54.4957,-11.1095],[-54.4957,-11.1095]]}},{"type":"Feature","properties":{},"geometry":{"type":"LineString","coordinates":[[-54.4961,-11.109],[-54.4962,-11.1091]]}},{"type":"Feature","properties":{},"geometry":{"type":"LineString","coordinates":[[-54.4969,-11.1083],[-54.4969,-11.1084]]}},{"type":"Feature","properties":{},"geometry":{"type":"LineString","coordinates":[[-54.4977,-11.1075],[-54.4978,-11.1075]]}},{"type":"Feature","properties":{},"geometry":{"type":"LineString","coordinates":[[-54.4972,-11.108],[-54.4973,-11.108]]}},{"type":"Feature","properties":{},"geometry":{"type":"LineString","coordinates":[[-54.5001,-11.1072],[-54.4988,-11.1064]]}},{"type":"Feature","properties":{},"geometry":{"type":"LineString","coordinates":[[-54.4988,-11.1064],[-54.4988,-11.1064]]}},{"type":"Feature","properties":{},"geometry":{"type":"LineString","coordinates":[[-54.4992,-11.1059],[-54.4993,-11.1059]]}},{"type":"Feature","properties":{},"geometry":{"type":"LineString","coordinates":[[-54.4997,-11.1055],[-54.4997,-11.1055]]}},{"type":"Feature","properties":{},"geometry":{"type":"LineString","coordinates":[[-54.5008,-11.1042],[-54.5009,-11.1043]]}},{"type":"Feature","properties":{},"geometry":{"type":"LineString","coordinates":[[-54.5011,-11.1039],[-54.5012,-11.104]]}},{"type":"Feature","properties":{},"geometry":{"type":"LineString","coordinates":[[-54.5019,-11.1031],[-54.502,-11.1031]]}},{"type":"Feature","properties":{},"geometry":{"type":"LineString","coordinates":[[-54.5028,-11.1023],[-54.5028,-11.1023]]}},{"type":"Feature","properties":{},"geometry":{"type":"LineString","coordinates":[[-54.5034,-11.1017],[-54.5034,-11.1017]]}},{"type":"Feature","properties":{},"geometry":{"type":"LineString","coordinates":[[-54.5041,-11.101],[-54.5041,-11.1011]]}},{"type":"Feature","properties":{},"geometry":{"type":"LineString","coordinates":[[-54.5046,-11.1004],[-54.5047,-11.1005]]}},{"type":"Feature","properties":{},"geometry":{"type":"LineString","coordinates":[[-54.5053,-11.0997],[-54.5054,-11.0998]]}},{"type":"Feature","properties":{},"geometry":{"type":"LineString","coordinates":[[-54.5058,-11.0993],[-54.5058,-11.0994]]}},{"type":"Feature","properties":{},"geometry":{"type":"LineString","coordinates":[[-54.5065,-11.0986],[-54.5066,-11.0986]]}},{"type":"Feature","properties":{},"geometry":{"type":"LineString","coordinates":[[-54.5074,-11.0977],[-54.5074,-11.0978]]}},{"type":"Feature","properties":{},"geometry":{"type":"LineString","coordinates":[[-54.508,-11.0971],[-54.5081,-11.0972]]}},{"type":"Feature","properties":{},"geometry":{"type":"LineString","coordinates":[[-54.5083,-11.0969],[-54.5083,-11.0969]]}},{"type":"Feature","properties":{},"geometry":{"type":"LineString","coordinates":[[-54.5086,-11.0966],[-54.5086,-11.0966]]}},{"type":"Feature","properties":{},"geometry":{"type":"LineString","coordinates":[[-54.4973,-11.108],[-54.4994,-11.1102]]}},{"type":"Feature","properties":{},"geometry":{"type":"LineString","coordinates":[[-54.5043,-11.1053],[-54.502,-11.1031]]}},{"type":"Feature","properties":{},"geometry":{"type":"LineString","coordinates":[[-54.5055,-11.0996],[-54.5102,-11.1041]]}},{"type":"Feature","properties":{},"geometry":{"type":"LineString","coordinates":[[-54.5095,-11.1002],[-54.5099,-11.1006],[-54.5105,-11.0999]]}},{"type":"Feature","properties":{},"geometry":{"type":"LineString","coordinates":[[-54.5235,-11.1101],[-54.5243,-11.1088],[-54.5244,-11.1067],[-54.5272,-11.1042],[-54.5269,-11.101],[-54.5276,-11.1],[-54.5353,-11.0931],[-54.5382,-11.0951]]}},{"type":"Feature","properties":{},"geometry":{"type":"LineString","coordinates":[[-54.537,-11.1091],[-54.5305,-11.1019],[-54.5275,-11.1007]]}},{"type":"Feature","properties":{},"geometry":{"type":"LineString","coordinates":[[-54.5383,-11.095],[-54.5383,-11.0951]]}},{"type":"Feature","properties":{},"geometry":{"type":"LineString","coordinates":[[-54.539,-11.0165],[-54.5387,-11.0176]]}},{"type":"Feature","properties":{},"geometry":{"type":"LineString","coordinates":[[-54.5387,-11.0176],[-54.5387,-11.0176]]}},{"type":"Feature","properties":{},"geometry":{"type":"LineString","coordinates":[[-54.5479,-11.0268],[-54.5464,-11.0241],[-54.5411,-11.0186]]}},{"type":"Feature","properties":{},"geometry":{"type":"LineString","coordinates":[[-54.541,-11.0185],[-54.539,-11.0165]]}},{"type":"Feature","properties":{},"geometry":{"type":"LineString","coordinates":[[-54.5411,-11.0186],[-54.541,-11.0185]]}},{"type":"Feature","properties":{},"geometry":{"type":"LineString","coordinates":[[-54.5237,-11.0312],[-54.5125,-11.0425]]}},{"type":"Feature","properties":{},"geometry":{"type":"LineString","coordinates":[[-54.584,-10.9643],[-54.5816,-10.9668],[-54.5805,-10.9667]]}},{"type":"Feature","properties":{},"geometry":{"type":"LineString","coordinates":[[-54.5805,-10.9667],[-54.5805,-10.9667]]}},{"type":"Feature","properties":{},"geometry":{"type":"LineString","coordinates":[[-54.5914,-10.9716],[-54.5854,-10.9657]]}},{"type":"Feature","properties":{},"geometry":{"type":"LineString","coordinates":[[-54.5854,-10.9657],[-54.5854,-10.9657]]}},{"type":"Feature","properties":{},"geometry":{"type":"LineString","coordinates":[[-54.3538,-11.0546],[-54.3871,-11.061]]}},{"type":"Feature","properties":{},"geometry":{"type":"LineString","coordinates":[[-54.3672,-11.0361],[-54.368,-11.0359],[-54.369,-11.0328],[-54.3837,-11.0289],[-54.394,-11.0271],[-54.3933,-11.0168]]}},{"type":"Feature","properties":{},"geometry":{"type":"LineString","coordinates":[[-54.3873,-11.004],[-54.3891,-11.005],[-54.3904,-11.0066],[-54.3914,-11.0132],[-54.3933,-11.0168],[-54.3987,-11.0168],[-54.4065,-11.0226],[-54.4119,-11.0187]]}},{"type":"Feature","properties":{},"geometry":{"type":"LineString","coordinates":[[-54.4526,-10.9741],[-54.4452,-10.9681],[-54.4445,-10.9648],[-54.4424,-10.9633]]}},{"type":"Feature","properties":{},"geometry":{"type":"LineString","coordinates":[[-54.454,-10.9594],[-54.4436,-10.9481],[-54.4442,-10.9459],[-54.4418,-10.9433],[-54.4408,-10.943]]}},{"type":"Feature","properties":{},"geometry":{"type":"LineString","coordinates":[[-54.4407,-10.943],[-54.4375,-10.9409]]}},{"type":"Feature","properties":{},"geometry":{"type":"LineString","coordinates":[[-54.4408,-10.943],[-54.4407,-10.943]]}},{"type":"Feature","properties":{},"geometry":{"type":"LineString","coordinates":[[-54.454,-10.9594],[-54.4499,-10.9604],[-54.4478,-10.9624],[-54.4443,-10.962]]}},{"type":"Feature","properties":{},"geometry":{"type":"LineString","coordinates":[[-54.4708,-10.9399],[-54.4599,-10.9331]]}},{"type":"Feature","properties":{},"geometry":{"type":"LineString","coordinates":[[-54.3652,-10.9397],[-54.3637,-10.9356],[-54.3622,-10.9344],[-54.3608,-10.932],[-54.3591,-10.9313],[-54.3581,-10.9288],[-54.357,-10.928],[-54.3546,-10.9282],[-54.3524,-10.9275],[-54.3481,-10.9235],[-54.3473,-10.9215],[-54.3449,-10.9204],[-54.3425,-10.9184],[-54.341,-10.9147]]}},{"type":"Feature","properties":{},"geometry":{"type":"LineString","coordinates":[[-54.341,-10.9146],[-54.34,-10.9106],[-54.3392,-10.91]]}},{"type":"Feature","properties":{},"geometry":{"type":"LineString","coordinates":[[-54.341,-10.9147],[-54.341,-10.9146]]}},{"type":"Feature","properties":{},"geometry":{"type":"LineString","coordinates":[[-54.4923,-11.1128],[-54.4924,-11.1126]]}},{"type":"Feature","properties":{},"geometry":{"type":"LineString","coordinates":[[-54.4932,-11.1119],[-54.4934,-11.1116]]}},{"type":"Feature","properties":{},"geometry":{"type":"LineString","coordinates":[[-54.4928,-11.1123],[-54.4932,-11.1119]]}},{"type":"Feature","properties":{},"geometry":{"type":"LineString","coordinates":[[-54.493,-11.1119],[-54.4932,-11.1119]]}},{"type":"Feature","properties":{},"geometry":{"type":"LineString","coordinates":[[-54.4928,-11.1121],[-54.493,-11.1119]]}},{"type":"Feature","properties":{},"geometry":{"type":"LineString","coordinates":[[-54.4928,-11.1123],[-54.4928,-11.1121]]}},{"type":"Feature","properties":{},"geometry":{"type":"LineString","coordinates":[[-54.493,-11.1123],[-54.4928,-11.1123]]}},{"type":"Feature","properties":{},"geometry":{"type":"LineString","coordinates":[[-54.4924,-11.1126],[-54.4928,-11.1121]]}},{"type":"Feature","properties":{},"geometry":{"type":"LineString","coordinates":[[-54.2043,-10.3274],[-54.2041,-10.3297]]}},{"type":"Feature","properties":{},"geometry":{"type":"LineString","coordinates":[[-54.2988,-10.3353],[-54.2979,-10.3357],[-54.2958,-10.3344],[-54.2874,-10.334],[-54.285,-10.3284],[-54.279,-10.3281],[-54.2782,-10.3295],[-54.2768,-10.3287],[-54.2754,-10.3291],[-54.2721,-10.3262]]}},{"type":"Feature","properties":{},"geometry":{"type":"LineString","coordinates":[[-54.2989,-10.3353],[-54.2988,-10.3353]]}},{"type":"Feature","properties":{},"geometry":{"type":"LineString","coordinates":[[-54.3299,-11.2947],[-54.3376,-11.2896]]}},{"type":"Feature","properties":{},"geometry":{"type":"LineString","coordinates":[[-54.3299,-11.2948],[-54.3299,-11.2947]]}},{"type":"Feature","properties":{},"geometry":{"type":"LineString","coordinates":[[-54.3063,-11.5983],[-54.2811,-11.571],[-54.2698,-11.578]]}},{"type":"Feature","properties":{},"geometry":{"type":"LineString","coordinates":[[-54.325,-11.5689],[-54.2826,-11.5935]]}},{"type":"Feature","properties":{},"geometry":{"type":"LineString","coordinates":[[-54.3382,-11.5593],[-54.339,-11.5605],[-54.3298,-11.5661]]}},{"type":"Feature","properties":{},"geometry":{"type":"LineString","coordinates":[[-54.3384,-11.5799],[-54.3525,-11.5713]]}},{"type":"Feature","properties":{},"geometry":{"type":"LineString","coordinates":[[-54.4348,-10.4312],[-54.437,-10.4301]]}},{"type":"Feature","properties":{},"geometry":{"type":"LineString","coordinates":[[-54.4363,-10.4315],[-54.4339,-10.4272]]}},{"type":"Feature","properties":{},"geometry":{"type":"LineString","coordinates":[[-54.4344,-10.4305],[-54.4366,-10.4293]]}},{"type":"Feature","properties":{},"geometry":{"type":"LineString","coordinates":[[-54.4365,-10.4294],[-54.4361,-10.4286],[-54.434,-10.4297]]}},{"type":"Feature","properties":{},"geometry":{"type":"LineString","coordinates":[[-54.4336,-10.429],[-54.4329,-10.4278]]}},{"type":"Feature","properties":{},"geometry":{"type":"LineString","coordinates":[[-54.4336,-10.429],[-54.4358,-10.4278]]}},{"type":"Feature","properties":{},"geometry":{"type":"LineString","coordinates":[[-54.4361,-10.4286],[-54.4358,-10.4278]]}},{"type":"Feature","properties":{},"geometry":{"type":"LineString","coordinates":[[-54.4318,-10.4309],[-54.433,-10.4332]]}},{"type":"Feature","properties":{},"geometry":{"type":"LineString","coordinates":[[-54.4337,-10.4318],[-54.4306,-10.4335]]}},{"type":"Feature","properties":{},"geometry":{"type":"LineString","coordinates":[[-54.4326,-10.4351],[-54.4307,-10.4314]]}},{"type":"Feature","properties":{},"geometry":{"type":"LineString","coordinates":[[-54.4333,-10.431],[-54.4304,-10.4326]]}},{"type":"Feature","properties":{},"geometry":{"type":"LineString","coordinates":[[-54.4376,-10.4288],[-54.4364,-10.4257]]}},{"type":"Feature","properties":{},"geometry":{"type":"LineString","coordinates":[[-54.4928,-10.4813],[-54.4952,-10.479],[-54.4971,-10.4753],[-54.4964,-10.4741]]}},{"type":"Feature","properties":{},"geometry":{"type":"LineString","coordinates":[[-54.2465,-11.8817],[-54.2468,-11.8802]]}},{"type":"Feature","properties":{},"geometry":{"type":"LineString","coordinates":[[-54.2279,-11.9033],[-54.2314,-11.8853],[-54.2386,-11.8814],[-54.2417,-11.8817],[-54.2451,-11.8843],[-54.2465,-11.8817]]}},{"type":"Feature","properties":{},"geometry":{"type":"LineString","coordinates":[[-54.236,-11.9597],[-54.2309,-11.9786],[-54.2304,-11.9842],[-54.2295,-11.986],[-54.2308,-11.9878],[-54.2309,-11.9891],[-54.2275,-11.9922],[-54.2236,-12.0076]]}},{"type":"Feature","properties":{},"geometry":{"type":"LineString","coordinates":[[-54.2502,-11.929],[-54.2481,-11.9287],[-54.2464,-11.9394],[-54.2444,-11.9412],[-54.2417,-11.9415],[-54.2406,-11.9421],[-54.236,-11.9597]]}},{"type":"Feature","properties":{},"geometry":{"type":"LineString","coordinates":[[-54.2468,-11.8802],[-54.2488,-11.8802],[-54.2573,-11.8946],[-54.2886,-11.9002],[-54.2767,-11.9666]]}},{"type":"Feature","properties":{},"geometry":{"type":"LineString","coordinates":[[-54.2767,-11.9666],[-54.236,-11.9597]]}},{"type":"Feature","properties":{},"geometry":{"type":"LineString","coordinates":[[-54.267,-12.0185],[-54.2236,-12.0076]]}},{"type":"Feature","properties":{},"geometry":{"type":"LineString","coordinates":[[-54.2236,-12.0076],[-54.2214,-12.0162]]}},{"type":"Feature","properties":{},"geometry":{"type":"LineString","coordinates":[[-54.2232,-11.9292],[-54.2279,-11.9033]]}},{"type":"Feature","properties":{},"geometry":{"type":"LineString","coordinates":[[-54.2218,-11.9371],[-54.2232,-11.9292]]}},{"type":"Feature","properties":{},"geometry":{"type":"LineString","coordinates":[[-54.2201,-11.9473],[-54.2218,-11.9371]]}},{"type":"Feature","properties":{},"geometry":{"type":"LineString","coordinates":[[-54.236,-11.9597],[-54.2186,-11.9566],[-54.2201,-11.9473]]}},{"type":"Feature","properties":{},"geometry":{"type":"LineString","coordinates":[[-54.1403,-10.7454],[-54.1925,-10.7142]]}},{"type":"Feature","properties":{},"geometry":{"type":"LineString","coordinates":[[-54.2159,-10.7649],[-54.2162,-10.7647]]}},{"type":"Feature","properties":{},"geometry":{"type":"LineString","coordinates":[[-54.2165,-10.7651],[-54.2067,-10.7491]]}},{"type":"Feature","properties":{},"geometry":{"type":"LineString","coordinates":[[-54.1835,-10.7851],[-54.2159,-10.7649],[-54.2267,-10.7822]]}},{"type":"Feature","properties":{},"geometry":{"type":"LineString","coordinates":[[-54.2267,-10.7822],[-54.2269,-10.7823]]}},{"type":"Feature","properties":{},"geometry":{"type":"LineString","coordinates":[[-54.195,-10.7129],[-54.1947,-10.7147],[-54.2584,-10.7326]]}},{"type":"Feature","properties":{},"geometry":{"type":"LineString","coordinates":[[-54.1376,-10.6798],[-54.1239,-10.6857],[-54.1202,-10.6853],[-54.0793,-10.7093]]}},{"type":"Feature","properties":{},"geometry":{"type":"LineString","coordinates":[[-54.512,-11.0949],[-54.5112,-11.0942]]}},{"type":"Feature","properties":{},"geometry":{"type":"LineString","coordinates":[[-54.5108,-11.0896],[-54.5133,-11.092]]}},{"type":"Feature","properties":{},"geometry":{"type":"LineString","coordinates":[[-54.5114,-11.0869],[-54.5112,-11.0866]]}},{"type":"Feature","properties":{},"geometry":{"type":"LineString","coordinates":[[-54.5112,-11.0866],[-54.5127,-11.0851]]}},{"type":"Feature","properties":{},"geometry":{"type":"LineString","coordinates":[[-54.485,-11.1806],[-54.4884,-11.1734],[-54.4896,-11.1728],[-54.4904,-11.174]]}},{"type":"Feature","properties":{},"geometry":{"type":"LineString","coordinates":[[-53.7805,-11.2953],[-53.7807,-11.3004],[-53.7797,-11.3014]]}},{"type":"Feature","properties":{},"geometry":{"type":"LineString","coordinates":[[-53.78,-11.2948],[-53.7809,-11.294]]}},{"type":"Feature","properties":{},"geometry":{"type":"LineString","coordinates":[[-53.7802,-11.2951],[-53.7806,-11.295]]}},{"type":"Feature","properties":{},"geometry":{"type":"LineString","coordinates":[[-53.7802,-11.2951],[-53.7786,-11.2966]]}},{"type":"Feature","properties":{},"geometry":{"type":"LineString","coordinates":[[-53.7786,-11.2966],[-53.777,-11.2953]]}},{"type":"Feature","properties":{},"geometry":{"type":"LineString","coordinates":[[-53.7786,-11.2966],[-53.7754,-11.2994],[-53.7743,-11.3033],[-53.7727,-11.3053],[-53.7722,-11.3096],[-53.7711,-11.3103],[-53.7689,-11.3104],[-53.7683,-11.3112],[-53.7685,-11.3139]]}},{"type":"Feature","properties":{},"geometry":{"type":"LineString","coordinates":[[-53.7734,-11.2884],[-53.7744,-11.2864]]}},{"type":"Feature","properties":{},"geometry":{"type":"LineString","coordinates":[[-53.7842,-11.3243],[-53.7902,-11.3252]]}},{"type":"Feature","properties":{},"geometry":{"type":"LineString","coordinates":[[-53.7803,-11.2933],[-53.7804,-11.2944]]}},{"type":"Feature","properties":{},"geometry":{"type":"LineString","coordinates":[[-53.7571,-11.2545],[-53.7576,-11.2546]]}},{"type":"Feature","properties":{},"geometry":{"type":"LineString","coordinates":[[-53.758,-11.2554],[-53.7583,-11.2543]]}},{"type":"Feature","properties":{},"geometry":{"type":"LineString","coordinates":[[-53.7576,-11.2546],[-53.7582,-11.2546]]}},{"type":"Feature","properties":{},"geometry":{"type":"LineString","coordinates":[[-53.7585,-11.2542],[-53.7595,-11.2531],[-53.7625,-11.2529],[-53.7664,-11.2513],[-53.7672,-11.25],[-53.7667,-11.2485]]}},{"type":"Feature","properties":{},"geometry":{"type":"LineString","coordinates":[[-54.4786,-12.259],[-54.4769,-12.2599],[-54.4763,-12.262]]}},{"type":"Feature","properties":{},"geometry":{"type":"LineString","coordinates":[[-54.4361,-11.6337],[-54.4407,-11.6303],[-54.4405,-11.6309],[-54.4398,-11.6308]]}},{"type":"Feature","properties":{},"geometry":{"type":"LineString","coordinates":[[-54.2241,-11.5887],[-54.2353,-11.5953]]}},{"type":"Feature","properties":{},"geometry":{"type":"LineString","coordinates":[[-54.1157,-11.6539],[-54.1162,-11.6534]]}},{"type":"Feature","properties":{},"geometry":{"type":"LineString","coordinates":[[-54.1052,-11.663],[-54.108,-11.662],[-54.1157,-11.6539]]}},{"type":"Feature","properties":{},"geometry":{"type":"LineString","coordinates":[[-54.2364,-11.6119],[-54.2285,-11.6238],[-54.2264,-11.6252],[-54.1955,-11.6459],[-54.175,-11.6515],[-54.1657,-11.6604]]}},{"type":"Feature","properties":{},"geometry":{"type":"LineString","coordinates":[[-54.0845,-11.2891],[-54.0732,-11.3077],[-54.0585,-11.3175]]}},{"type":"Feature","properties":{},"geometry":{"type":"LineString","coordinates":[[-54.0885,-11.2909],[-54.0754,-11.3114],[-54.0607,-11.3214]]}},{"type":"Feature","properties":{},"geometry":{"type":"LineString","coordinates":[[-54.2759,-11.2608],[-54.2736,-11.2615],[-54.2612,-11.2472]]}},{"type":"Feature","properties":{},"geometry":{"type":"LineString","coordinates":[[-53.8735,-10.7351],[-53.87,-10.7242]]}},{"type":"Feature","properties":{},"geometry":{"type":"LineString","coordinates":[[-54.2027,-11.2484],[-54.2038,-11.2496]]}},{"type":"Feature","properties":{},"geometry":{"type":"LineString","coordinates":[[-54.2053,-11.2514],[-54.2039,-11.2496]]}},{"type":"Feature","properties":{},"geometry":{"type":"LineString","coordinates":[[-53.223,-11.267],[-53.2198,-11.2665]]}},{"type":"Feature","properties":{},"geometry":{"type":"LineString","coordinates":[[-54.5681,-10.8659],[-54.5703,-10.8626]]}},{"type":"Feature","properties":{},"geometry":{"type":"LineString","coordinates":[[-53.2131,-12.3562],[-53.213,-12.3565]]}},{"type":"Feature","properties":{},"geometry":{"type":"LineString","coordinates":[[-53.0986,-10.8099],[-53.1018,-10.8096],[-53.103,-10.8111]]}},{"type":"Feature","properties":{},"geometry":{"type":"LineString","coordinates":[[-53.0463,-10.784],[-53.0475,-10.7867],[-53.0482,-10.7928],[-53.0524,-10.7983],[-53.0523,-10.7991],[-53.0535,-10.801],[-53.0583,-10.8032],[-53.0655,-10.803],[-53.0714,-10.8044],[-53.076,-10.8034],[-53.077,-10.804],[-53.0805,-10.8035],[-53.0879,-10.8043],[-53.0931,-10.8065],[-53.0953,-10.8086],[-53.0986,-10.8099],[-53.1022,-10.8166],[-53.1001,-10.8187],[-53.0972,-10.8203],[-53.0944,-10.8239],[-53.0944,-10.8246],[-53.1125,-10.8348],[-53.1161,-10.8344]]}},{"type":"Feature","properties":{},"geometry":{"type":"LineString","coordinates":[[-53.1006,-10.813],[-53.1034,-10.8114],[-53.103,-10.8111]]}},{"type":"Feature","properties":{},"geometry":{"type":"LineString","coordinates":[[-54.002,-12.0824],[-54.0076,-12.0718]]}},{"type":"Feature","properties":{},"geometry":{"type":"LineString","coordinates":[[-54.1548,-11.7821],[-54.1577,-11.7724]]}},{"type":"Feature","properties":{},"geometry":{"type":"LineString","coordinates":[[-54.1679,-11.7906],[-54.1716,-11.7865],[-54.1742,-11.7777]]}},{"type":"Feature","properties":{},"geometry":{"type":"LineString","coordinates":[[-54.166,-11.7891],[-54.1695,-11.7772],[-54.1706,-11.7765]]}},{"type":"Feature","properties":{},"geometry":{"type":"LineString","coordinates":[[-54.1625,-11.7873],[-54.1638,-11.7827],[-54.1672,-11.7785],[-54.1677,-11.7756]]}},{"type":"Feature","properties":{},"geometry":{"type":"LineString","coordinates":[[-54.1596,-11.7857],[-54.164,-11.7743]]}},{"type":"Feature","properties":{},"geometry":{"type":"LineString","coordinates":[[-54.1574,-11.7841],[-54.1606,-11.7733]]}},{"type":"Feature","properties":{},"geometry":{"type":"LineString","coordinates":[[-54.1559,-11.7721],[-54.1823,-11.7804]]}},{"type":"Feature","properties":{},"geometry":{"type":"LineString","coordinates":[[-54.1567,-11.7945],[-54.1599,-11.7859]]}},{"type":"Feature","properties":{},"geometry":{"type":"LineString","coordinates":[[-54.1512,-11.7943],[-54.1558,-11.783]]}},{"type":"Feature","properties":{},"geometry":{"type":"LineString","coordinates":[[-54.1715,-11.7924],[-54.1704,-11.7923],[-54.166,-11.7891],[-54.1594,-11.7856],[-54.1548,-11.7821]]}},{"type":"Feature","properties":{},"geometry":{"type":"LineString","coordinates":[[-54.1799,-11.7926],[-54.1715,-11.7924]]}},{"type":"Feature","properties":{},"geometry":{"type":"LineString","coordinates":[[-54.1715,-11.7924],[-54.1707,-11.7949]]}},{"type":"Feature","properties":{},"geometry":{"type":"LineString","coordinates":[[-54.1807,-11.7909],[-54.1707,-11.7874]]}},{"type":"Feature","properties":{},"geometry":{"type":"LineString","coordinates":[[-54.3274,-12.1704],[-54.327,-12.1698]]}},{"type":"Feature","properties":{},"geometry":{"type":"LineString","coordinates":[[-54.3272,-12.1709],[-54.3266,-12.17],[-54.3271,-12.1695]]}},{"type":"Feature","properties":{},"geometry":{"type":"LineString","coordinates":[[-54.072,-10.4847],[-54.0948,-10.4843]]}},{"type":"Feature","properties":{},"geometry":{"type":"LineString","coordinates":[[-54.072,-10.4847],[-54.072,-10.4847]]}},{"type":"Feature","properties":{},"geometry":{"type":"LineString","coordinates":[[-53.0941,-11.8544],[-53.0928,-11.8564],[-53.038,-11.8783],[-53.0105,-11.89],[-52.9973,-11.8687],[-52.9954,-11.8693]]}},{"type":"Feature","properties":{},"geometry":{"type":"LineString","coordinates":[[-53.0931,-11.8555],[-53.0927,-11.8546]]}},{"type":"Feature","properties":{},"geometry":{"type":"LineString","coordinates":[[-53.2199,-11.2664],[-53.2184,-11.2664]]}},{"type":"Feature","properties":{},"geometry":{"type":"LineString","coordinates":[[-53.234,-11.2004],[-53.2337,-11.2005]]}},{"type":"Feature","properties":{},"geometry":{"type":"LineString","coordinates":[[-53.2345,-11.2003],[-53.2343,-11.2002]]}},{"type":"Feature","properties":{},"geometry":{"type":"LineString","coordinates":[[-53.2345,-11.2012],[-53.2343,-11.2009]]}},{"type":"Feature","properties":{},"geometry":{"type":"LineString","coordinates":[[-53.2346,-11.2008],[-53.2343,-11.2013]]}},{"type":"Feature","properties":{},"geometry":{"type":"LineString","coordinates":[[-53.2348,-11.1996],[-53.2355,-11.1993]]}},{"type":"Feature","properties":{},"geometry":{"type":"LineString","coordinates":[[-53.2906,-11.2604],[-53.2914,-11.2597]]}},{"type":"Feature","properties":{},"geometry":{"type":"LineString","coordinates":[[-53.29,-11.2603],[-53.2913,-11.2594]]}},{"type":"Feature","properties":{},"geometry":{"type":"LineString","coordinates":[[-53.291,-11.2597],[-53.291,-11.2593]]}},{"type":"Feature","properties":{},"geometry":{"type":"LineString","coordinates":[[-53.2907,-11.2604],[-53.2907,-11.2607]]}},{"type":"Feature","properties":{},"geometry":{"type":"LineString","coordinates":[[-53.2897,-11.2601],[-53.2909,-11.2593]]}},{"type":"Feature","properties":{},"geometry":{"type":"LineString","coordinates":[[-53.2938,-11.2629],[-53.2943,-11.2617],[-53.2918,-11.2594]]}},{"type":"Feature","properties":{},"geometry":{"type":"LineString","coordinates":[[-53.2707,-11.2276],[-53.2751,-11.227]]}},{"type":"Feature","properties":{},"geometry":{"type":"LineString","coordinates":[[-53.2751,-11.227],[-53.2751,-11.2267]]}},{"type":"Feature","properties":{},"geometry":{"type":"LineString","coordinates":[[-53.2752,-11.227],[-53.2748,-11.2267]]}},{"type":"Feature","properties":{},"geometry":{"type":"LineString","coordinates":[[-53.2752,-11.227],[-53.2745,-11.2268]]}},{"type":"Feature","properties":{},"geometry":{"type":"LineString","coordinates":[[-53.2751,-11.227],[-53.2749,-11.2274]]}},{"type":"Feature","properties":{},"geometry":{"type":"LineString","coordinates":[[-53.2751,-11.2271],[-53.2753,-11.2272]]}},{"type":"Feature","properties":{},"geometry":{"type":"LineString","coordinates":[[-53.2752,-11.2271],[-53.2751,-11.2273]]}},{"type":"Feature","properties":{},"geometry":{"type":"LineString","coordinates":[[-53.2751,-11.2273],[-53.2739,-11.2272]]}},{"type":"Feature","properties":{},"geometry":{"type":"LineString","coordinates":[[-53.274,-11.2272],[-53.2748,-11.2267]]}},{"type":"Feature","properties":{},"geometry":{"type":"LineString","coordinates":[[-53.2746,-11.2268],[-53.2751,-11.2267]]}},{"type":"Feature","properties":{},"geometry":{"type":"LineString","coordinates":[[-53.2691,-11.2914],[-53.2683,-11.2935]]}},{"type":"Feature","properties":{},"geometry":{"type":"LineString","coordinates":[[-54.428,-10.4404],[-54.4285,-10.4397]]}},{"type":"Feature","properties":{},"geometry":{"type":"LineString","coordinates":[[-54.429,-10.4403],[-54.428,-10.4404]]}},{"type":"Feature","properties":{},"geometry":{"type":"LineString","coordinates":[[-53.2117,-12.3546],[-53.2108,-12.3549]]}},{"type":"Feature","properties":{},"geometry":{"type":"LineString","coordinates":[[-54.5295,-11.0846],[-54.5289,-11.0838],[-54.5284,-11.0841]]}},{"type":"Feature","properties":{},"geometry":{"type":"LineString","coordinates":[[-54.5304,-11.0855],[-54.5298,-11.0856]]}},{"type":"Feature","properties":{},"geometry":{"type":"LineString","coordinates":[[-54.2379,-10.6312],[-54.2341,-10.6268],[-54.2315,-10.6263],[-54.2233,-10.6033],[-54.2244,-10.5968],[-54.2231,-10.5931],[-54.2309,-10.5841],[-54.2314,-10.5792]]}},{"type":"Feature","properties":{},"geometry":{"type":"LineString","coordinates":[[-54.4258,-10.481],[-54.4064,-10.4699],[-54.4052,-10.4687],[-54.399,-10.4657],[-54.3905,-10.4602]]}},{"type":"Feature","properties":{},"geometry":{"type":"LineString","coordinates":[[-54.3313,-11.6339],[-54.3254,-11.6647],[-54.3309,-11.6725],[-54.335,-11.6741],[-54.3277,-11.6987],[-54.3292,-11.7007],[-54.331,-11.7012],[-54.3281,-11.7055],[-54.324,-11.7088],[-54.3206,-11.7195],[-54.3206,-11.7224],[-54.3188,-11.7245],[-54.3116,-11.7467]]}},{"type":"Feature","properties":{},"geometry":{"type":"LineString","coordinates":[[-54.4448,-10.4316],[-54.4444,-10.4316]]}},{"type":"Feature","properties":{},"geometry":{"type":"LineString","coordinates":[[-54.4444,-10.4316],[-54.4446,-10.4313]]}},{"type":"Feature","properties":{},"geometry":{"type":"LineString","coordinates":[[-54.4449,-10.4312],[-54.4453,-10.4312]]}},{"type":"Feature","properties":{},"geometry":{"type":"LineString","coordinates":[[-54.4453,-10.4312],[-54.445,-10.4314]]}},{"type":"Feature","properties":{},"geometry":{"type":"LineString","coordinates":[[-54.4446,-10.431],[-54.4447,-10.4312]]}},{"type":"Feature","properties":{},"geometry":{"type":"LineString","coordinates":[[-54.445,-10.4315],[-54.4446,-10.4313]]}},{"type":"Feature","properties":{},"geometry":{"type":"LineString","coordinates":[[-54.4446,-10.4313],[-54.445,-10.4315]]}},{"type":"Feature","properties":{},"geometry":{"type":"LineString","coordinates":[[-54.2336,-10.4219],[-54.3051,-10.4217],[-54.3492,-10.434],[-54.3861,-10.46],[-54.3884,-10.4606],[-54.3905,-10.4602]]}},{"type":"Feature","properties":{},"geometry":{"type":"LineString","coordinates":[[-54.3958,-10.329],[-54.3959,-10.3197],[-54.3965,-10.3175],[-54.396,-10.3158],[-54.3948,-10.3148],[-54.3944,-10.3039],[-54.383,-10.3023],[-54.3767,-10.3023],[-54.3709,-10.301],[-54.3561,-10.3005],[-54.3519,-10.2834],[-54.3495,-10.2769],[-54.352,-10.2665]]}},{"type":"Feature","properties":{},"geometry":{"type":"LineString","coordinates":[[-53.8016,-12.478],[-53.8016,-12.4744],[-53.8043,-12.4715],[-53.8045,-12.4702]]}},{"type":"Feature","properties":{},"geometry":{"type":"LineString","coordinates":[[-53.8003,-12.4779],[-53.8016,-12.478]]}},{"type":"Feature","properties":{},"geometry":{"type":"LineString","coordinates":[[-53.8006,-12.4882],[-53.8019,-12.4836],[-53.8021,-12.4791],[-53.8016,-12.478]]}},{"type":"Feature","properties":{},"geometry":{"type":"LineString","coordinates":[[-53.8132,-12.4957],[-53.8082,-12.4946],[-53.8038,-12.49],[-53.8006,-12.4882]]}},{"type":"Feature","properties":{},"geometry":{"type":"LineString","coordinates":[[-53.7977,-12.489],[-53.8006,-12.4882]]}},{"type":"Feature","properties":{},"geometry":{"type":"LineString","coordinates":[[-54.0358,-10.3433],[-54.0362,-10.3409],[-54.0369,-10.3406]]}},{"type":"Feature","properties":{},"geometry":{"type":"LineString","coordinates":[[-53.7433,-10.3152],[-53.7427,-10.3138]]}},{"type":"Feature","properties":{},"geometry":{"type":"LineString","coordinates":[[-53.6963,-10.5262],[-53.6974,-10.5234],[-53.6987,-10.5225]]}},{"type":"Feature","properties":{},"geometry":{"type":"LineString","coordinates":[[-54.0068,-10.4919],[-54.0041,-10.4898]]}},{"type":"Feature","properties":{},"geometry":{"type":"LineString","coordinates":[[-54.0128,-10.5038],[-54.0121,-10.4984],[-54.0068,-10.4919],[-54.0092,-10.4898],[-54.0091,-10.488]]}},{"type":"Feature","properties":{},"geometry":{"type":"LineString","coordinates":[[-54.2016,-10.6326],[-54.2103,-10.6324],[-54.2107,-10.6353]]}},{"type":"Feature","properties":{},"geometry":{"type":"LineString","coordinates":[[-54.0022,-10.6089],[-54.0019,-10.6083],[-54.0051,-10.5981]]}},{"type":"Feature","properties":{},"geometry":{"type":"LineString","coordinates":[[-53.8525,-10.4144],[-53.8516,-10.4151]]}},{"type":"Feature","properties":{},"geometry":{"type":"LineString","coordinates":[[-53.9801,-10.3588],[-53.9815,-10.3573]]}},{"type":"Feature","properties":{},"geometry":{"type":"LineString","coordinates":[[-53.9242,-10.4602],[-53.9281,-10.46],[-53.9295,-10.4588]]}},{"type":"Feature","properties":{},"geometry":{"type":"LineString","coordinates":[[-54.5417,-11.6742],[-54.5404,-11.6744],[-54.5387,-11.6705]]}},{"type":"Feature","properties":{},"geometry":{"type":"LineString","coordinates":[[-54.5408,-11.6579],[-54.5396,-11.6677],[-54.54,-11.6702],[-54.5368,-11.6713],[-54.5475,-11.7204],[-54.5384,-11.7468]]}},{"type":"Feature","properties":{},"geometry":{"type":"LineString","coordinates":[[-54.5494,-11.8045],[-54.5494,-11.8039],[-54.5476,-11.8042],[-54.535,-11.8009],[-54.5332,-11.7998],[-54.5213,-11.7979]]}},{"type":"Feature","properties":{},"geometry":{"type":"LineString","coordinates":[[-54.5585,-11.9526],[-54.559,-11.9523],[-54.5582,-11.9519],[-54.5556,-11.9453]]}},{"type":"Feature","properties":{},"geometry":{"type":"LineString","coordinates":[[-54.3532,-10.7556],[-54.3617,-10.7175],[-54.3616,-10.7161],[-54.3646,-10.7063],[-54.3641,-10.7036],[-54.3618,-10.7004],[-54.3601,-10.695],[-54.3604,-10.6934],[-54.3627,-10.6894],[-54.3418,-10.6841],[-54.3465,-10.6678],[-54.3583,-10.6176],[-54.3535,-10.6157],[-54.3338,-10.6111],[-54.3378,-10.5967]]}},{"type":"Feature","properties":{},"geometry":{"type":"LineString","coordinates":[[-54.3893,-11.5636],[-54.389,-11.5632]]}},{"type":"Feature","properties":{},"geometry":{"type":"LineString","coordinates":[[-54.3893,-11.5629],[-54.3881,-11.5638]]}},{"type":"Feature","properties":{},"geometry":{"type":"LineString","coordinates":[[-54.3842,-10.5873],[-54.3883,-10.5901],[-54.3886,-10.5915],[-54.3877,-10.5939],[-54.3925,-10.5994],[-54.3921,-10.6018],[-54.396,-10.6045],[-54.3958,-10.6066],[-54.3969,-10.6072],[-54.3983,-10.6097],[-54.399,-10.6167],[-54.4087,-10.6232],[-54.4218,-10.6223],[-54.4332,-10.6232],[-54.4362,-10.6223],[-54.45,-10.6256]]}},{"type":"Feature","properties":{},"geometry":{"type":"LineString","coordinates":[[-54.3423,-10.5808],[-54.3378,-10.5967]]}},{"type":"Feature","properties":{},"geometry":{"type":"LineString","coordinates":[[-53.2313,-12.3476],[-53.2288,-12.3465],[-53.2246,-12.3476]]}},{"type":"Feature","properties":{},"geometry":{"type":"LineString","coordinates":[[-53.2113,-12.3514],[-53.2105,-12.3516]]}},{"type":"Feature","properties":{},"geometry":{"type":"LineString","coordinates":[[-54.265,-10.9401],[-54.2323,-10.9418]]}},{"type":"Feature","properties":{},"geometry":{"type":"LineString","coordinates":[[-54.2915,-10.9443],[-54.289,-10.9415],[-54.2825,-10.9383],[-54.265,-10.9401]]}},{"type":"Feature","properties":{},"geometry":{"type":"LineString","coordinates":[[-54.1914,-11.0413],[-54.2083,-11.0447]]}},{"type":"Feature","properties":{},"geometry":{"type":"LineString","coordinates":[[-54.3175,-12.249],[-54.3139,-12.2483]]}},{"type":"Feature","properties":{},"geometry":{"type":"LineString","coordinates":[[-54.3189,-12.1896],[-54.3219,-12.1891]]}},{"type":"Feature","properties":{},"geometry":{"type":"LineString","coordinates":[[-54.3219,-12.1891],[-54.3245,-12.181]]}},{"type":"Feature","properties":{},"geometry":{"type":"LineString","coordinates":[[-54.3379,-12.1804],[-54.3367,-12.1775],[-54.3333,-12.1752],[-54.3258,-12.1764],[-54.3271,-12.1715]]}},{"type":"Feature","properties":{},"geometry":{"type":"LineString","coordinates":[[-54.3271,-12.1715],[-54.2979,-12.1665],[-54.2964,-12.1676],[-54.2952,-12.166],[-54.2882,-12.1647]]}},{"type":"Feature","properties":{},"geometry":{"type":"LineString","coordinates":[[-54.3266,-11.6041],[-54.3144,-11.6117],[-54.3023,-11.6091]]}},{"type":"Feature","properties":{},"geometry":{"type":"LineString","coordinates":[[-54.3313,-11.6339],[-54.3336,-11.6189],[-54.3266,-11.6041]]}},{"type":"Feature","properties":{},"geometry":{"type":"LineString","coordinates":[[-54.4904,-11.8706],[-54.4935,-11.8722],[-54.5051,-11.8739]]}},{"type":"Feature","properties":{},"geometry":{"type":"LineString","coordinates":[[-54.2837,-12.4624],[-54.2745,-12.4709],[-54.2027,-12.4906],[-54.1978,-12.4925],[-54.1964,-12.4937]]}},{"type":"Feature","properties":{},"geometry":{"type":"LineString","coordinates":[[-54.5496,-11.1078],[-54.5493,-11.1079]]}},{"type":"Feature","properties":{},"geometry":{"type":"LineString","coordinates":[[-54.3905,-10.4602],[-54.4444,-10.4316]]}},{"type":"Feature","properties":{},"geometry":{"type":"LineString","coordinates":[[-54.1794,-10.436],[-54.1767,-10.4411],[-54.1746,-10.4429],[-54.1725,-10.4428],[-54.1707,-10.444],[-54.1543,-10.4481],[-54.1233,-10.4506],[-54.1223,-10.4512],[-54.1212,-10.4508],[-54.1074,-10.4521],[-54.1028,-10.4508],[-54.0971,-10.4463],[-54.0948,-10.4463],[-54.0921,-10.4448],[-54.0914,-10.4451]]}},{"type":"Feature","properties":{},"geometry":{"type":"LineString","coordinates":[[-54.2526,-11.2537],[-54.2296,-11.2283],[-54.2285,-11.2286],[-54.2151,-11.2398]]}},{"type":"Feature","properties":{},"geometry":{"type":"LineString","coordinates":[[-54.4539,-10.4263],[-54.4539,-10.4261]]}},{"type":"Feature","properties":{},"geometry":{"type":"LineString","coordinates":[[-54.4544,-10.4263],[-54.4534,-10.4263]]}},{"type":"Feature","properties":{},"geometry":{"type":"LineString","coordinates":[[-54.2151,-11.2398],[-54.215,-11.2399]]}},{"type":"Feature","properties":{},"geometry":{"type":"LineString","coordinates":[[-54.215,-11.2399],[-54.2106,-11.2437]]}},{"type":"Feature","properties":{},"geometry":{"type":"LineString","coordinates":[[-54.2137,-11.27],[-54.2064,-11.2598],[-54.2061,-11.2584],[-54.2027,-11.2546]]}},{"type":"Feature","properties":{},"geometry":{"type":"LineString","coordinates":[[-54.2139,-11.2702],[-54.2137,-11.27]]}},{"type":"Feature","properties":{},"geometry":{"type":"LineString","coordinates":[[-54.2105,-11.2438],[-54.204,-11.2495]]}},{"type":"Feature","properties":{},"geometry":{"type":"LineString","coordinates":[[-54.2106,-11.2437],[-54.2105,-11.2438]]}},{"type":"Feature","properties":{},"geometry":{"type":"LineString","coordinates":[[-54.2301,-11.2911],[-54.2178,-11.2767],[-54.2181,-11.275],[-54.2139,-11.2702]]}},{"type":"Feature","properties":{},"geometry":{"type":"LineString","coordinates":[[-54.1984,-11.2542],[-54.1979,-11.2536]]}},{"type":"Feature","properties":{},"geometry":{"type":"LineString","coordinates":[[-54.1984,-11.2543],[-54.1984,-11.2542]]}},{"type":"Feature","properties":{},"geometry":{"type":"LineString","coordinates":[[-54.2039,-11.2536],[-54.2034,-11.2529]]}},{"type":"Feature","properties":{},"geometry":{"type":"LineString","coordinates":[[-54.2042,-11.2532],[-54.2038,-11.2526]]}},{"type":"Feature","properties":{},"geometry":{"type":"LineString","coordinates":[[-54.2027,-11.2546],[-54.2042,-11.2532]]}},{"type":"Feature","properties":{},"geometry":{"type":"LineString","coordinates":[[-54.4979,-12.2963],[-54.5222,-12.3159],[-54.5277,-12.3181],[-54.5284,-12.3209],[-54.5433,-12.3334]]}},{"type":"Feature","properties":{},"geometry":{"type":"LineString","coordinates":[[-54.5182,-11.2938],[-54.5305,-11.2856]]}},{"type":"Feature","properties":{},"geometry":{"type":"LineString","coordinates":[[-53.5971,-10.3221],[-53.5973,-10.3216]]}}]}